grid,ues,scheduler,channel,demand,time_mode,frequency_mode,reranking,decisions_per_tti,us_per_tti,us_per_tti_p50,us_per_tti_p95,us_per_tti_p99,us_per_tti_max,compute_budget_exceedance_pct,dl_total_mbps,ul_total_mbps,dl_jain,ul_jain,dl_max_service_gap_ttis,ul_max_service_gap_ttis
20mhz_mu1,16,bet,homogeneous,full_buffer,localized,grouped,none,6,59.742,59.742,79.097,89.554,100.608,0.0,66.124,29.946,0.98182,0.98185,19,36
20mhz_mu1,16,bet,homogeneous,full_buffer,localized,grouped,allocation_unit,6,57.042,57.042,72.251,81.185,109.124,0.0,66.124,29.946,0.98182,0.98185,19,36
20mhz_mu1,16,max_throughput,homogeneous,full_buffer,localized,grouped,none,6,55.183,55.183,72.751,81.141,86.582,0.0,66.124,29.946,0.98182,0.98185,19,36
20mhz_mu1,16,round_robin,homogeneous,full_buffer,localized,grouped,none,6,49.142,49.142,67.205,77.189,104.656,0.0,66.209,37.194,0.9996,0.9981,3,8
20mhz_mu1,16,pf,homogeneous,full_buffer,localized,grouped,none,6,58.705,58.705,74.316,85.407,103.644,0.0,66.295,30.092,0.98699,0.96603,27,48
20mhz_mu1,16,pf,homogeneous,full_buffer,localized,grouped,allocation_unit,6,59.141,59.141,75.815,84.945,89.227,0.0,66.295,37.56,0.99974,0.99853,5,9
20mhz_mu1,16,bet,homogeneous,finite,localized,grouped,none,6,22.938,22.938,38.234,41.624,46.336,0.0,15.922,14.995,0.99855,0.98911,13,36
20mhz_mu1,16,bet,homogeneous,finite,localized,grouped,allocation_unit,6,23.569,23.569,39.292,42.583,47.439,0.0,15.922,14.995,0.99855,0.98911,13,36
20mhz_mu1,16,max_throughput,homogeneous,finite,localized,grouped,none,6,21.34,21.34,36.272,38.41,39.904,0.0,15.922,14.995,0.99855,0.98911,13,36
20mhz_mu1,16,round_robin,homogeneous,finite,localized,grouped,none,6,15.384,15.384,29.567,31.421,37.039,0.0,15.91,16.064,0.99977,0.99926,3,8
20mhz_mu1,16,pf,homogeneous,finite,localized,grouped,none,6,22.793,22.793,37.679,41.41,41.978,0.0,15.96,14.852,0.99972,0.988,4,37
20mhz_mu1,16,pf,homogeneous,finite,localized,grouped,allocation_unit,6,27.396,27.396,42.609,45.421,48.51,0.0,16.03,16.235,0.99986,0.99938,4,8
20mhz_mu1,16,bet,near_far,full_buffer,localized,grouped,none,6,57.112,57.112,72.797,85.235,133.32,0.0,51.249,3.101,0.30286,0.06623,100,100
20mhz_mu1,16,bet,near_far,full_buffer,localized,grouped,allocation_unit,6,56.757,56.757,74.893,83.455,97.803,0.0,51.291,3.402,0.30284,0.07394,100,100
20mhz_mu1,16,max_throughput,near_far,full_buffer,localized,grouped,none,6,55.549,55.549,73.462,80.208,121.958,0.0,66.466,30.672,0.48721,0.51003,100,100
20mhz_mu1,16,round_robin,near_far,full_buffer,localized,grouped,none,6,46.512,46.512,64.075,69.119,90.4,0.0,61.757,27.745,0.98692,0.87433,3,8
20mhz_mu1,16,pf,near_far,full_buffer,localized,grouped,none,6,58.244,58.244,83.362,99.508,165.57,0.0,61.549,12.36,0.98376,0.89044,27,100
20mhz_mu1,16,pf,near_far,full_buffer,localized,grouped,allocation_unit,6,61.706,61.706,80.735,93.168,96.21,0.0,61.775,24.014,0.9887,0.9835,5,15
20mhz_mu1,16,bet,near_far,finite,localized,grouped,none,6,23.224,23.224,37.099,39.517,81.122,0.0,8.954,0.993,0.6467,0.0625,100,100
20mhz_mu1,16,bet,near_far,finite,localized,grouped,allocation_unit,6,25.508,25.508,39.569,41.06,49.343,0.0,8.632,0.993,0.61403,0.0625,100,100
20mhz_mu1,16,max_throughput,near_far,finite,localized,grouped,none,6,22.663,22.663,37.668,43.695,61.134,0.0,8.99,9.88,0.56244,0.6196,100,100
20mhz_mu1,16,round_robin,near_far,finite,localized,grouped,none,6,16.857,16.857,33.338,34.896,39.453,0.0,15.91,15.432,0.99977,0.99288,3,8
20mhz_mu1,16,pf,near_far,finite,localized,grouped,none,6,24.861,24.861,38.837,42.81,46.697,0.0,15.654,10.698,0.99793,0.93347,24,59
20mhz_mu1,16,pf,near_far,finite,localized,grouped,allocation_unit,6,29.576,29.576,44.62,48.343,88.485,0.0,15.475,15.337,0.99426,0.9897,16,10
20mhz_mu1,16,bet,homogeneous,full_buffer,distributed,per_rb,none,100,225.703,225.703,297.027,352.999,362.989,0.0,69.1,26.974,0.94711,0.96251,21,43
20mhz_mu1,16,bet,homogeneous,full_buffer,distributed,per_rb,allocation_unit,100,237.099,237.099,309.71,365.56,379.18,0.0,69.1,26.974,0.95778,0.96251,21,43
20mhz_mu1,16,max_throughput,homogeneous,full_buffer,distributed,per_rb,none,100,219.887,219.887,293.913,338.122,548.096,0.0,69.1,27.006,0.94711,0.96853,21,33
20mhz_mu1,16,round_robin,homogeneous,full_buffer,distributed,per_rb,none,100,139.942,139.942,234.873,263.779,279.413,0.0,69.047,39.182,0.99982,0.99994,1,3
20mhz_mu1,16,pf,homogeneous,full_buffer,distributed,per_rb,none,100,235.612,235.612,310.331,349.657,366.526,0.0,69.068,26.99,0.98665,0.98614,26,31
20mhz_mu1,16,pf,homogeneous,full_buffer,distributed,per_rb,allocation_unit,100,291.01,291.01,375.301,414.629,426.078,0.0,69.089,39.121,0.99988,0.99903,2,5
20mhz_mu1,16,bet,homogeneous,finite,distributed,per_rb,none,100,156.829,156.829,228.262,274.698,289.422,0.0,15.997,14.717,0.99995,0.98479,1,42
20mhz_mu1,16,bet,homogeneous,finite,distributed,per_rb,allocation_unit,100,165.185,165.185,237.519,289.568,310.111,0.0,15.997,14.717,0.99995,0.98479,1,42
20mhz_mu1,16,max_throughput,homogeneous,finite,distributed,per_rb,none,100,155.016,155.016,232.228,271.012,307.927,0.0,15.997,15.351,0.99995,0.99095,1,33
20mhz_mu1,16,round_robin,homogeneous,finite,distributed,per_rb,none,100,84.719,84.719,180.747,211.459,226.033,0.0,15.956,16.167,0.99996,0.99996,1,3
20mhz_mu1,16,pf,homogeneous,finite,distributed,per_rb,none,100,157.731,157.731,223.233,272.389,301.474,0.0,15.997,16.079,0.99995,0.9929,1,21
20mhz_mu1,16,pf,homogeneous,finite,distributed,per_rb,allocation_unit,100,206.622,206.622,303.126,357.28,380.643,0.0,15.997,16.243,0.99995,0.99982,1,4
20mhz_mu1,16,bet,near_far,full_buffer,distributed,per_rb,none,100,218.499,218.499,287.334,328.462,346.539,0.0,48.743,3.49,0.29166,0.10629,100,100
20mhz_mu1,16,bet,near_far,full_buffer,distributed,per_rb,allocation_unit,100,229.46,229.46,299.326,350.017,358.742,0.0,48.928,4.261,0.30119,0.11326,100,100
20mhz_mu1,16,max_throughput,near_far,full_buffer,distributed,per_rb,none,100,204.468,204.468,270.27,319.371,335.929,0.0,69.036,37.078,0.479,0.51462,100,100
20mhz_mu1,16,round_robin,near_far,full_buffer,distributed,per_rb,none,100,133.094,133.094,236.214,252.051,280.055,0.0,61.977,31.431,0.98058,0.9343,1,3
20mhz_mu1,16,pf,near_far,full_buffer,distributed,per_rb,none,100,223.784,223.784,294.287,339.447,364.373,0.0,61.648,11.217,0.97884,0.89224,26,99
20mhz_mu1,16,pf,near_far,full_buffer,distributed,per_rb,allocation_unit,100,283.275,283.275,364.903,399.142,419.244,0.0,62.032,23.104,0.98031,0.97464,2,5
20mhz_mu1,16,bet,near_far,finite,distributed,per_rb,none,100,150.772,150.772,209.752,254.093,284.193,0.0,16.009,2.024,0.99996,0.12498,2,100
20mhz_mu1,16,bet,near_far,finite,distributed,per_rb,allocation_unit,100,162.79,162.79,227.435,278.899,316.312,0.0,16.009,2.023,0.99996,0.12498,2,100
20mhz_mu1,16,max_throughput,near_far,finite,distributed,per_rb,none,100,135.224,135.224,195.332,246.749,283.972,0.0,15.983,8.857,0.99995,0.56,2,100
20mhz_mu1,16,round_robin,near_far,finite,distributed,per_rb,none,100,91.096,91.096,175.336,215.168,225.081,0.0,15.989,16.152,0.99997,0.99997,1,3
20mhz_mu1,16,pf,near_far,finite,distributed,per_rb,none,100,172.584,172.584,243.339,280.638,291.315,0.0,16.02,10.207,0.99995,0.94943,2,48
20mhz_mu1,16,pf,near_far,finite,distributed,per_rb,allocation_unit,100,211.752,211.752,308.789,361.093,384.32,0.0,16.02,15.445,0.99995,0.99059,2,5
20mhz_mu1,64,bet,homogeneous,full_buffer,localized,grouped,none,6,123.712,123.712,182.441,189.835,197.419,0.0,66.294,29.946,0.80329,0.64397,78,100
20mhz_mu1,64,bet,homogeneous,full_buffer,localized,grouped,allocation_unit,6,129.793,129.793,189.182,208.606,244.628,0.0,66.294,29.946,0.80329,0.64397,78,100
20mhz_mu1,64,max_throughput,homogeneous,full_buffer,localized,grouped,none,6,118.552,118.552,176.111,190.294,221.244,0.0,66.294,29.946,0.80329,0.64397,78,100
20mhz_mu1,64,round_robin,homogeneous,full_buffer,localized,grouped,none,6,89.532,89.532,148.777,164.778,173.595,0.0,66.381,37.285,0.98583,0.97298,13,25
20mhz_mu1,64,pf,homogeneous,full_buffer,localized,grouped,none,6,129.863,129.863,190.118,212.33,238.627,0.0,66.551,29.946,0.93982,0.64397,99,100
20mhz_mu1,64,pf,homogeneous,full_buffer,localized,grouped,allocation_unit,6,131.386,131.386,188.007,201.673,225.692,0.0,66.295,37.468,0.9958,0.9797,18,37
20mhz_mu1,64,bet,homogeneous,finite,localized,grouped,none,6,91.322,91.322,143.203,148.08,156.413,0.0,47.325,22.453,0.93715,0.59582,72,100
20mhz_mu1,64,bet,homogeneous,finite,localized,grouped,allocation_unit,6,94.683,94.683,148.34,153.894,165.46,0.0,47.325,22.453,0.93715,0.59582,72,100
20mhz_mu1,64,max_throughput,homogeneous,finite,localized,grouped,none,6,87.529,87.529,139.731,150.282,157.845,0.0,47.325,22.453,0.93715,0.59582,72,100
20mhz_mu1,64,round_robin,homogeneous,finite,localized,grouped,none,6,55.755,55.755,114.964,127.944,142.066,0.0,60.098,37.179,0.99067,0.97405,13,25
20mhz_mu1,64,pf,homogeneous,finite,localized,grouped,none,6,93.675,93.675,147.13,157.457,185.687,0.0,57.774,22.453,0.98867,0.59582,32,100
20mhz_mu1,64,pf,homogeneous,finite,localized,grouped,allocation_unit,6,99.552,99.552,153.905,174.592,260.678,0.0,62.778,37.27,0.99595,0.98364,18,32
20mhz_mu1,64,bet,near_far,full_buffer,localized,grouped,none,6,121.893,121.893,176.731,189.267,202.86,0.0,23.939,0.975,0.04096,0.01562,100,100
20mhz_mu1,64,bet,near_far,full_buffer,localized,grouped,allocation_unit,6,123.642,123.642,175.88,188.392,249.277,0.0,24.13,1.632,0.04196,0.03005,100,100
20mhz_mu1,64,max_throughput,near_far,full_buffer,localized,grouped,none,6,114.304,114.304,169.618,187.589,208.34,0.0,66.295,35.507,0.48829,0.44649,100,100
20mhz_mu1,64,round_robin,near_far,full_buffer,localized,grouped,none,6,84.534,84.534,137.88,149.708,179.236,0.0,58.23,25.035,0.95022,0.82987,13,25
20mhz_mu1,64,pf,near_far,full_buffer,localized,grouped,none,6,126.432,126.432,179.784,194.334,197.41,0.0,57.675,23.427,0.9137,0.43553,99,100
20mhz_mu1,64,pf,near_far,full_buffer,localized,grouped,allocation_unit,6,128.056,128.056,180.614,201.979,229.49,0.0,58.111,19.753,0.96189,0.94972,18,48
20mhz_mu1,64,bet,near_far,finite,localized,grouped,none,6,94.252,94.252,151.469,176.62,196.71,0.0,9.203,0.978,0.15313,0.01562,100,100
20mhz_mu1,64,bet,near_far,finite,localized,grouped,allocation_unit,6,100.51,100.51,155.166,164.611,192.032,0.0,9.147,1.664,0.15239,0.02986,100,100
20mhz_mu1,64,max_throughput,near_far,finite,localized,grouped,none,6,89.028,89.028,140.153,162.768,169.569,0.0,31.395,21.734,0.52253,0.47793,100,100
20mhz_mu1,64,round_robin,near_far,finite,localized,grouped,none,6,55.549,55.549,111.735,124.576,134.273,0.0,54.522,25.035,0.9633,0.82987,13,25
20mhz_mu1,64,pf,near_far,finite,localized,grouped,none,6,100.069,100.069,154.832,161.327,170.3,0.0,48.588,12.283,0.9397,0.49064,63,100
20mhz_mu1,64,pf,near_far,finite,localized,grouped,allocation_unit,6,102.608,102.608,156.978,173.652,189.336,0.0,55.245,20.719,0.95495,0.93456,20,49
20mhz_mu1,64,bet,homogeneous,full_buffer,distributed,per_rb,none,100,668.812,668.812,983.223,1128.503,1209.83,4.667,69.1,27.014,0.88231,0.58081,87,100
20mhz_mu1,64,bet,homogeneous,full_buffer,distributed,per_rb,allocation_unit,100,677.539,677.539,1005.436,1121.144,1154.35,5.333,69.1,27.014,0.88231,0.58081,87,100
20mhz_mu1,64,max_throughput,homogeneous,full_buffer,distributed,per_rb,none,100,581.323,581.323,848.861,995.853,1007.88,0.333,69.1,27.014,0.88231,0.6779,87,100
20mhz_mu1,64,round_robin,homogeneous,full_buffer,distributed,per_rb,none,100,246.033,246.033,573.816,605.973,618.232,0.0,69.078,39.194,0.99977,0.99973,2,4
20mhz_mu1,64,pf,homogeneous,full_buffer,distributed,per_rb,none,100,668.677,668.677,1006.318,1123.067,1201.6,5.333,69.036,27.045,0.91479,0.93399,100,97
20mhz_mu1,64,pf,homogeneous,full_buffer,distributed,per_rb,allocation_unit,100,788.442,788.442,1073.848,1250.181,1321.47,12.0,69.068,39.062,0.99955,0.9902,8,36
20mhz_mu1,64,bet,homogeneous,finite,distributed,per_rb,none,100,594.663,594.663,882.135,1007.25,1070.68,1.333,63.544,20.583,0.99992,0.51755,2,100
20mhz_mu1,64,bet,homogeneous,finite,distributed,per_rb,allocation_unit,100,612.005,612.005,905.095,1053.954,1102.45,3.0,63.544,20.583,0.99992,0.51755,2,100
20mhz_mu1,64,max_throughput,homogeneous,finite,distributed,per_rb,none,100,557.913,557.913,837.34,956.335,1097.78,0.667,63.544,21.849,0.99992,0.63832,2,100
20mhz_mu1,64,round_robin,homogeneous,finite,distributed,per_rb,none,100,205.055,205.055,538.451,581.177,599.917,0.0,63.627,39.194,0.99997,0.99973,2,4
20mhz_mu1,64,pf,homogeneous,finite,distributed,per_rb,none,100,618.592,618.592,891.398,1025.066,1052.73,2.667,63.578,24.85,0.99996,0.95261,4,87
20mhz_mu1,64,pf,homogeneous,finite,distributed,per_rb,allocation_unit,100,710.104,710.104,1040.375,1138.707,1173.48,7.333,63.586,38.732,0.99995,0.99868,3,15
20mhz_mu1,64,bet,near_far,full_buffer,distributed,per_rb,none,100,595.77,595.77,898.569,1018.654,1237.74,1.333,24.616,1.135,0.05537,0.01562,100,100
20mhz_mu1,64,bet,near_far,full_buffer,distributed,per_rb,allocation_unit,100,652.582,652.582,963.244,1207.952,1497.02,3.333,24.597,1.633,0.05572,0.02799,100,100
20mhz_mu1,64,max_throughput,near_far,full_buffer,distributed,per_rb,none,100,567.026,567.026,876.861,980.168,1146.14,1.0,69.079,38.73,0.46225,0.46619,100,100
20mhz_mu1,64,round_robin,near_far,full_buffer,distributed,per_rb,none,100,226.31,226.31,540.385,585.06,945.998,0.0,58.236,33.901,0.94873,0.95669,2,4
20mhz_mu1,64,pf,near_far,full_buffer,distributed,per_rb,none,100,658.968,658.968,985.645,1078.847,1159.95,4.333,57.673,23.86,0.86175,0.4258,100,100
20mhz_mu1,64,pf,near_far,full_buffer,distributed,per_rb,allocation_unit,100,780.432,780.432,1091.491,1214.607,1279.71,10.667,58.313,30.738,0.94643,0.95381,8,15
20mhz_mu1,64,bet,near_far,finite,distributed,per_rb,none,100,559.747,559.747,859.615,942.654,1064.7,0.333,38.961,1.027,0.61639,0.01562,100,100
20mhz_mu1,64,bet,near_far,finite,distributed,per_rb,allocation_unit,100,612.315,612.315,907.11,1026.94,1352.81,1.667,38.968,1.505,0.61639,0.02739,100,100
20mhz_mu1,64,max_throughput,near_far,finite,distributed,per_rb,none,100,553.4,553.4,842.105,967.307,1040.1,0.333,53.567,22.236,0.84356,0.46104,100,100
20mhz_mu1,64,round_robin,near_far,finite,distributed,per_rb,none,100,207.245,207.245,539.923,557.738,608.313,0.0,55.959,33.901,0.96223,0.95669,2,4
20mhz_mu1,64,pf,near_far,finite,distributed,per_rb,none,100,655.753,655.753,956.784,1090.199,1135.02,3.333,55.378,13.519,0.96901,0.53707,56,100
20mhz_mu1,64,pf,near_far,finite,distributed,per_rb,allocation_unit,100,733.919,733.919,1028.524,1149.257,1264.58,6.667,55.849,30.164,0.95091,0.95543,10,16
100mhz_mu1,16,bet,homogeneous,full_buffer,localized,grouped,none,17,90.044,90.044,125.972,144.282,154.58,0.0,375.928,95.68,0.99277,0.9833,18,36
100mhz_mu1,16,bet,homogeneous,full_buffer,localized,grouped,allocation_unit,17,87.654,87.654,127.988,138.994,156.644,0.0,375.928,95.68,0.99277,0.9833,18,36
100mhz_mu1,16,max_throughput,homogeneous,full_buffer,localized,grouped,none,17,82.164,82.164,121.34,135.518,149.651,0.0,375.928,95.68,0.99277,0.9833,18,36
100mhz_mu1,16,round_robin,homogeneous,full_buffer,localized,grouped,none,17,65.834,65.834,105.51,116.431,119.625,0.0,375.928,209.33,0.99992,0.99972,1,3
100mhz_mu1,16,pf,homogeneous,full_buffer,localized,grouped,none,17,87.089,87.089,126.913,135.043,138.52,0.0,375.586,95.352,0.98803,0.96826,27,48
100mhz_mu1,16,pf,homogeneous,full_buffer,localized,grouped,allocation_unit,17,99.497,99.497,142.033,152.895,156.233,0.0,375.586,194.26,0.99989,0.99957,3,5
100mhz_mu1,16,bet,homogeneous,finite,localized,grouped,none,17,46.197,46.197,83.522,93.077,97.283,0.0,16.02,15.114,0.9999,0.98851,1,36
100mhz_mu1,16,bet,homogeneous,finite,localized,grouped,allocation_unit,17,45.335,45.335,84.612,91.684,93.426,0.0,16.02,15.114,0.9999,0.98851,1,36
100mhz_mu1,16,max_throughput,homogeneous,finite,localized,grouped,none,17,41.879,41.879,81.731,90.522,99.116,0.0,16.02,15.114,0.9999,0.98851,1,36
100mhz_mu1,16,round_robin,homogeneous,finite,localized,grouped,none,17,27.812,27.812,66.942,76.705,77.165,0.0,16.02,16.01,0.9999,0.99997,1,3
100mhz_mu1,16,pf,homogeneous,finite,localized,grouped,none,17,47.039,47.039,84.691,92.862,109.506,0.0,16.02,15.114,0.9999,0.98851,1,36
100mhz_mu1,16,pf,homogeneous,finite,localized,grouped,allocation_unit,17,58.975,58.975,97.412,112.426,117.721,0.0,16.02,15.92,0.9999,0.99996,1,4
100mhz_mu1,16,bet,near_far,full_buffer,localized,grouped,none,17,83.261,83.261,121.228,131.967,135.725,0.0,152.809,45.659,0.21596,0.60591,100,100
100mhz_mu1,16,bet,near_far,full_buffer,localized,grouped,allocation_unit,17,99.036,99.036,136.198,156.276,163.938,0.0,152.94,48.674,0.21805,0.69148,100,100
100mhz_mu1,16,max_throughput,near_far,full_buffer,localized,grouped,none,17,85.947,85.947,123.203,138.654,157.466,0.0,376.099,159.437,0.49942,0.45774,100,100
100mhz_mu1,16,round_robin,near_far,full_buffer,localized,grouped,none,17,68.128,68.128,108.734,119.084,121.368,0.0,288.843,144.637,0.90716,0.80717,1,3
100mhz_mu1,16,pf,near_far,full_buffer,localized,grouped,none,17,94.317,94.317,133.148,149.049,163.006,0.0,285.436,28.767,0.92016,0.49706,27,100
100mhz_mu1,16,pf,near_far,full_buffer,localized,grouped,allocation_unit,17,102.663,102.663,139.882,161.874,169.188,0.0,288.667,93.654,0.90855,0.82782,3,21
100mhz_mu1,16,bet,near_far,finite,localized,grouped,none,17,51.923,51.923,90.023,108.356,120.817,0.0,16.02,7.97,0.9999,0.72835,2,99
100mhz_mu1,16,bet,near_far,finite,localized,grouped,allocation_unit,17,53.11,53.11,93.557,109.009,115.206,0.0,16.02,9.092,0.9999,0.76771,2,99
100mhz_mu1,16,max_throughput,near_far,finite,localized,grouped,none,17,46.157,46.157,80.346,95.441,104.897,0.0,16.02,9.917,0.9999,0.62006,1,100
100mhz_mu1,16,round_robin,near_far,finite,localized,grouped,none,17,28.053,28.053,68.35,78.281,81.864,0.0,16.02,15.99,0.9999,0.99996,1,3
100mhz_mu1,16,pf,near_far,finite,localized,grouped,none,17,52.764,52.764,89.462,104.751,115.707,0.0,16.02,13.225,0.9999,0.9211,1,97
100mhz_mu1,16,pf,near_far,finite,localized,grouped,allocation_unit,17,68.243,68.243,104.436,125.785,132.158,0.0,16.02,16.308,0.9999,0.99936,1,5
100mhz_mu1,16,bet,homogeneous,full_buffer,distributed,per_rb,none,546,1363.37,1363.37,1862.033,2031.975,2159.45,100.0,376.972,74.185,0.95394,0.96188,20,43
100mhz_mu1,16,bet,homogeneous,full_buffer,distributed,per_rb,allocation_unit,546,1467.12,1467.12,2005.048,2210.106,2532.06,100.0,376.972,74.185,0.95394,0.96188,20,43
100mhz_mu1,16,max_throughput,homogeneous,full_buffer,distributed,per_rb,none,546,1313.42,1313.42,1726.507,1978.782,2190.23,100.0,376.972,74.066,0.95394,0.96848,20,33
100mhz_mu1,16,round_robin,homogeneous,full_buffer,distributed,per_rb,none,546,625.676,625.676,1171.167,1414.746,1490.71,14.667,377.154,199.377,1.0,0.99999,1,3
100mhz_mu1,16,pf,homogeneous,full_buffer,distributed,per_rb,none,546,1493.845,1493.845,1962.619,2070.907,2179.91,100.0,377.165,74.07,0.979,0.96784,35,33
100mhz_mu1,16,pf,homogeneous,full_buffer,distributed,per_rb,allocation_unit,546,1560.81,1560.81,2172.854,2394.943,3173.73,100.0,377.122,134.561,0.99176,0.99363,12,21
100mhz_mu1,16,bet,homogeneous,finite,distributed,per_rb,none,546,779.385,779.385,1162.245,1377.532,1446.57,22.0,15.971,14.78,0.99993,0.98338,1,42
100mhz_mu1,16,bet,homogeneous,finite,distributed,per_rb,allocation_unit,546,806.555,806.555,1171.352,1403.105,1576.77,24.667,15.971,14.78,0.99993,0.98338,1,42
100mhz_mu1,16,max_throughput,homogeneous,finite,distributed,per_rb,none,546,715.85,715.85,1106.274,1240.83,1342.95,12.333,15.971,15.281,0.99993,0.98979,1,33
100mhz_mu1,16,round_robin,homogeneous,finite,distributed,per_rb,none,546,375.766,375.766,896.529,1067.64,1175.22,1.333,15.971,16.03,0.99993,0.99997,1,3
100mhz_mu1,16,pf,homogeneous,finite,distributed,per_rb,none,546,880.018,880.018,1291.151,1489.155,1542.55,32.0,15.971,15.281,0.99993,0.98979,1,33
100mhz_mu1,16,pf,homogeneous,finite,distributed,per_rb,allocation_unit,546,1055.515,1055.515,1498.651,1689.395,1925.55,55.333,15.971,17.505,0.99993,0.9987,1,16
100mhz_mu1,16,bet,near_far,full_buffer,distributed,per_rb,none,546,1420.25,1420.25,1836.977,1951.571,2207.94,100.0,132.655,16.978,0.25598,0.3781,100,100
100mhz_mu1,16,bet,near_far,full_buffer,distributed,per_rb,allocation_unit,546,1366.34,1366.34,1833.272,2075.223,2552.19,99.667,133.15,13.288,0.26372,0.33845,100,100
100mhz_mu1,16,max_throughput,near_far,full_buffer,distributed,per_rb,none,546,1297.295,1297.295,1819.653,2027.932,2745.08,99.333,377.111,200.172,0.48219,0.50267,100,100
100mhz_mu1,16,round_robin,near_far,full_buffer,distributed,per_rb,none,546,644.085,644.085,1138.457,1333.287,1474.28,12.667,273.052,137.567,0.86444,0.76172,1,3
100mhz_mu1,16,pf,near_far,full_buffer,distributed,per_rb,none,546,1424.935,1424.935,1867.467,2062.356,2482.05,100.0,260.163,24.606,0.91241,0.6723,35,100
100mhz_mu1,16,pf,near_far,full_buffer,distributed,per_rb,allocation_unit,546,1511.795,1511.795,1995.044,2101.629,2153.79,100.0,265.325,48.209,0.89364,0.91453,12,49
100mhz_mu1,16,bet,near_far,finite,distributed,per_rb,none,546,755.449,755.449,1179.465,1323.097,1429.43,19.333,15.976,4.801,0.99995,0.32716,1,100
100mhz_mu1,16,bet,near_far,finite,distributed,per_rb,allocation_unit,546,825.175,825.175,1243.311,1361.65,1390.75,22.333,15.976,6.051,0.99995,0.42719,1,100
100mhz_mu1,16,max_throughput,near_far,finite,distributed,per_rb,none,546,688.769,688.769,1207.843,1486.428,1888.66,11.667,15.976,8.936,0.99995,0.56081,1,100
100mhz_mu1,16,round_robin,near_far,finite,distributed,per_rb,none,546,370.029,370.029,804.547,971.404,1097.49,0.667,15.976,16.046,0.99995,0.99996,1,3
100mhz_mu1,16,pf,near_far,finite,distributed,per_rb,none,546,835.349,835.349,1289.676,1391.004,1646.29,26.333,15.976,12.343,0.99995,0.89322,1,93
100mhz_mu1,16,pf,near_far,finite,distributed,per_rb,allocation_unit,546,1039.22,1039.22,1502.812,1616.321,1882.06,54.667,15.976,16.447,0.99995,0.94416,1,82
100mhz_mu1,64,bet,homogeneous,full_buffer,localized,grouped,none,17,213.466,213.466,367.392,393.379,445.226,0.0,375.586,95.434,0.88651,0.64438,73,100
100mhz_mu1,64,bet,homogeneous,full_buffer,localized,grouped,allocation_unit,17,222.037,222.037,376.683,405.099,423.395,0.0,375.586,95.434,0.88651,0.64438,73,100
100mhz_mu1,64,max_throughput,homogeneous,full_buffer,localized,grouped,none,17,199.084,199.084,340.503,383.802,393.208,0.0,375.586,95.434,0.88651,0.64438,73,100
100mhz_mu1,64,round_robin,homogeneous,full_buffer,localized,grouped,none,17,123.693,123.693,255.833,275.538,297.949,0.0,375.244,211.465,0.9987,0.99348,4,9
100mhz_mu1,64,pf,homogeneous,full_buffer,localized,grouped,none,17,213.802,213.802,368.21,379.23,395.973,0.0,376.099,95.434,0.93717,0.64438,100,100
100mhz_mu1,64,pf,homogeneous,full_buffer,localized,grouped,allocation_unit,17,256.431,256.431,394.851,438.773,491.183,0.0,376.1,210.594,0.99962,0.99715,11,16
100mhz_mu1,64,bet,homogeneous,finite,localized,grouped,none,17,177.483,177.483,317.234,351.476,352.652,0.0,54.737,29.128,0.95622,0.60509,58,100
100mhz_mu1,64,bet,homogeneous,finite,localized,grouped,allocation_unit,17,182.233,182.233,336.411,355.799,371.568,0.0,54.737,29.128,0.95622,0.60509,58,100
100mhz_mu1,64,max_throughput,homogeneous,finite,localized,grouped,none,17,169.062,169.062,318.747,341.491,359.065,0.0,54.737,29.128,0.95622,0.60509,58,100
100mhz_mu1,64,round_robin,homogeneous,finite,localized,grouped,none,17,90.805,90.805,233.557,252.315,256.031,0.0,63.63,64.37,0.99963,0.99883,4,9
100mhz_mu1,64,pf,homogeneous,finite,localized,grouped,none,17,189.206,189.206,347.688,377.195,399.34,0.0,67.69,29.128,0.99793,0.60509,26,100
100mhz_mu1,64,pf,homogeneous,finite,localized,grouped,allocation_unit,17,222.888,222.888,384.27,415.709,442.881,0.0,67.73,67.93,0.99796,0.99604,25,30
100mhz_mu1,64,bet,near_far,full_buffer,localized,grouped,none,17,199.284,199.284,339.678,364.054,395.864,0.0,52.134,0,0.04037,0,100,100
100mhz_mu1,64,bet,near_far,full_buffer,localized,grouped,allocation_unit,17,213.561,213.561,364.888,387.279,418.065,0.0,52.083,0,0.04055,0,100,100
100mhz_mu1,64,max_throughput,near_far,full_buffer,localized,grouped,none,17,199.74,199.74,332.802,379.931,505.479,0.0,375.243,197.584,0.47741,0.43267,100,100
100mhz_mu1,64,round_robin,near_far,full_buffer,localized,grouped,none,17,125.571,125.571,265.926,284.053,286.388,0.0,270.392,136.077,0.84609,0.76313,4,9
100mhz_mu1,64,pf,near_far,full_buffer,localized,grouped,none,17,224.602,224.602,365.003,407.286,414.258,0.0,263.991,122.165,0.8068,0.38029,100,100
100mhz_mu1,64,pf,near_far,full_buffer,localized,grouped,allocation_unit,17,242.721,242.721,385.43,413.496,446.458,0.0,269.315,94.461,0.85338,0.94803,11,38
100mhz_mu1,64,bet,near_far,finite,localized,grouped,none,17,192.887,192.887,336.793,372.23,396.845,0.0,21.728,0,0.34486,0,100,100
100mhz_mu1,64,bet,near_far,finite,localized,grouped,allocation_unit,17,192.561,192.561,338.828,382.789,471.485,0.0,21.8,0,0.35085,0,100,100
100mhz_mu1,64,max_throughput,near_far,finite,localized,grouped,none,17,162.9,162.9,306.981,331.656,345.519,0.0,31.871,24.793,0.49534,0.49557,100,100
100mhz_mu1,64,round_robin,near_far,finite,localized,grouped,none,17,88.501,88.501,226.581,243.773,245.281,0.0,63.114,58.31,0.99771,0.95321,4,9
100mhz_mu1,64,pf,near_far,finite,localized,grouped,none,17,200.301,200.301,351.583,374.284,412.695,0.0,55.117,14.115,0.94298,0.50688,94,100
100mhz_mu1,64,pf,near_far,finite,localized,grouped,allocation_unit,17,233.524,233.524,378.679,429.378,466.597,0.0,51.097,60.738,0.89773,0.96893,36,22
100mhz_mu1,64,bet,homogeneous,full_buffer,distributed,per_rb,none,546,3699.33,3699.33,5273.664,5944.027,6355.56,100.0,377.068,74.177,0.92139,0.58145,80,100
100mhz_mu1,64,bet,homogeneous,full_buffer,distributed,per_rb,allocation_unit,546,3711.51,3711.51,5238.514,5981.843,6263.01,100.0,377.068,74.177,0.92139,0.58145,80,100
100mhz_mu1,64,max_throughput,homogeneous,full_buffer,distributed,per_rb,none,546,3448.39,3448.39,4993.487,5763.546,6068.76,100.0,377.068,74.09,0.92139,0.67766,80,100
100mhz_mu1,64,round_robin,homogeneous,full_buffer,distributed,per_rb,none,546,1744.96,1744.96,3530.609,4023.003,4276.66,91.667,377.068,213.41,0.99999,0.99996,1,3
100mhz_mu1,64,pf,homogeneous,full_buffer,distributed,per_rb,none,546,3857.365,3857.365,5360.289,5921.858,6270.39,100.0,376.961,74.074,0.89982,0.74469,100,100
100mhz_mu1,64,pf,homogeneous,full_buffer,distributed,per_rb,allocation_unit,546,4132.52,4132.52,5870.648,6388.195,6737.21,100.0,377.1,135.541,0.94914,0.92284,48,76
100mhz_mu1,64,bet,homogeneous,finite,distributed,per_rb,none,546,2854.36,2854.36,4362.367,5132.131,5348.94,100.0,64.008,24.468,0.99995,0.48829,1,100
100mhz_mu1,64,bet,homogeneous,finite,distributed,per_rb,allocation_unit,546,2910.405,2910.405,4320.543,5252.251,5431.27,100.0,64.008,24.468,0.99995,0.48829,1,100
100mhz_mu1,64,max_throughput,homogeneous,finite,distributed,per_rb,none,546,2499.415,2499.415,3960.77,4625.88,4916.82,100.0,64.008,30.091,0.99995,0.61134,1,100
100mhz_mu1,64,round_robin,homogeneous,finite,distributed,per_rb,none,546,1519.365,1519.365,3317.2,3797.215,3973.12,58.0,63.965,64.216,0.99996,0.99994,1,3
100mhz_mu1,64,pf,homogeneous,finite,distributed,per_rb,none,546,3154.695,3154.695,4628.192,5461.646,5703.41,100.0,64.008,35.024,0.99995,0.70389,1,100
100mhz_mu1,64,pf,homogeneous,finite,distributed,per_rb,allocation_unit,546,3455.005,3455.005,5419.324,5919.524,6328.64,100.0,64.008,66.693,0.99995,0.99286,1,77
100mhz_mu1,64,bet,near_far,full_buffer,distributed,per_rb,none,546,3592.235,3592.235,4977.551,5331.756,5811.11,100.0,34.878,0,0.03071,0,100,100
100mhz_mu1,64,bet,near_far,full_buffer,distributed,per_rb,allocation_unit,546,3623.14,3623.14,4985.63,5410.443,5565.67,100.0,34.739,0.371,0.03019,0.01696,100,100
100mhz_mu1,64,max_throughput,near_far,full_buffer,distributed,per_rb,none,546,3132.005,3132.005,4771.227,5812.496,6181.83,100.0,376.983,211.816,0.47845,0.464,100,100
100mhz_mu1,64,round_robin,near_far,full_buffer,distributed,per_rb,none,546,1641.115,1641.115,3460.419,3838.907,4213.57,87.333,256.638,154.412,0.80538,0.85535,1,3
100mhz_mu1,64,pf,near_far,full_buffer,distributed,per_rb,none,546,3757.645,3757.645,5381.775,6164.278,6491.04,100.0,252.41,138.6,0.71671,0.41528,100,100
100mhz_mu1,64,pf,near_far,full_buffer,distributed,per_rb,allocation_unit,546,4102.17,4102.17,5670.985,6562.371,6721.74,100.0,253.204,101.738,0.75364,0.54069,48,100
100mhz_mu1,64,bet,near_far,finite,distributed,per_rb,none,546,2958.96,2958.96,4419.369,5043.236,5156.89,100.0,63.963,0,0.99996,0,2,100
100mhz_mu1,64,bet,near_far,finite,distributed,per_rb,allocation_unit,546,3087.98,3087.98,4546.164,5333.42,5610.89,100.0,63.963,0.371,0.99996,0.01696,2,100
100mhz_mu1,64,max_throughput,near_far,finite,distributed,per_rb,none,546,2496.005,2496.005,3833.314,4341.48,4499.93,100.0,63.94,22.94,0.99996,0.45929,2,100
100mhz_mu1,64,round_robin,near_far,finite,distributed,per_rb,none,546,1619.455,1619.455,3464.973,4045.768,4499.93,60.333,63.96,63.215,0.99997,0.99267,1,3
100mhz_mu1,64,pf,near_far,finite,distributed,per_rb,none,546,3323.555,3323.555,4971.821,5389.348,5727.66,100.0,63.934,15.132,0.99997,0.41926,2,100
100mhz_mu1,64,pf,near_far,finite,distributed,per_rb,allocation_unit,546,3625.04,3625.04,5345.525,6007.108,6707.28,100.0,63.94,24.721,0.99997,0.73578,2,95
400mhz_mu3,16,bet,homogeneous,full_buffer,localized,grouped,none,15,98.009,98.009,126.575,139.715,146.024,0.0,1247.9,169.331,0.99744,0.99298,11,15
400mhz_mu3,16,bet,homogeneous,full_buffer,localized,grouped,allocation_unit,15,108.504,108.504,139.829,144.59,197.942,0.0,1247.9,169.331,0.99744,0.99298,11,15
400mhz_mu3,16,max_throughput,homogeneous,full_buffer,localized,grouped,none,15,99.793,99.793,131.215,138.722,160.631,0.0,1247.9,169.331,0.99744,0.99298,11,15
400mhz_mu3,16,round_robin,homogeneous,full_buffer,localized,grouped,none,15,73.513,73.513,115.416,146.894,175.87,0.0,1244.79,534.365,0.99991,0.99987,1,1
400mhz_mu3,16,pf,homogeneous,full_buffer,localized,grouped,none,15,106.505,106.505,137.312,146.956,175.891,0.0,1246.57,169.643,0.99468,0.98839,24,40
400mhz_mu3,16,pf,homogeneous,full_buffer,localized,grouped,allocation_unit,15,122.726,122.726,153.594,168.586,181.901,0.0,1245.66,434.663,0.99983,0.9986,4,5
400mhz_mu3,16,bet,homogeneous,finite,localized,grouped,none,15,61.275,61.275,90.853,91.533,91.742,0.0,15.97,16.096,0.9999,0.99539,1,15
400mhz_mu3,16,bet,homogeneous,finite,localized,grouped,allocation_unit,15,58.544,58.544,92.419,96.968,108.264,0.0,15.97,16.096,0.9999,0.99539,1,15
400mhz_mu3,16,max_throughput,homogeneous,finite,localized,grouped,none,15,53.049,53.049,80.054,82.238,82.976,0.0,15.97,16.096,0.9999,0.99539,1,15
400mhz_mu3,16,round_robin,homogeneous,finite,localized,grouped,none,15,30.352,30.352,62.308,63.572,67.788,0.0,15.98,15.98,0.99991,0.99994,1,1
400mhz_mu3,16,pf,homogeneous,finite,localized,grouped,none,15,59.682,59.682,87.556,88.97,112.07,0.0,15.97,16.096,0.9999,0.99539,1,15
400mhz_mu3,16,pf,homogeneous,finite,localized,grouped,allocation_unit,15,74.064,74.064,107.817,110.365,114.204,0.0,15.97,16.18,0.9999,0.99992,1,3
400mhz_mu3,16,bet,near_far,full_buffer,localized,grouped,none,15,94.527,94.527,124.722,138.321,157.676,0.0,253.755,249.089,0.18801,0.50401,100,51
400mhz_mu3,16,bet,near_far,full_buffer,localized,grouped,allocation_unit,15,94.623,94.623,127.65,157.04,188.534,0.0,252.432,251.418,0.18474,0.52358,100,51
400mhz_mu3,16,max_throughput,near_far,full_buffer,localized,grouped,none,15,94.342,94.342,123.873,145.146,150.081,0.0,1334.12,743.033,0.4998,0.49835,100,100
400mhz_mu3,16,round_robin,near_far,full_buffer,localized,grouped,none,15,66.415,66.415,97.154,101.852,112.04,0.0,864.505,432.494,0.76594,0.65663,1,1
400mhz_mu3,16,pf,near_far,full_buffer,localized,grouped,none,15,101.03,101.03,130.145,140.879,152.136,0.0,880.11,161.882,0.74915,0.57113,22,83
400mhz_mu3,16,pf,near_far,full_buffer,localized,grouped,allocation_unit,15,109.456,109.456,142.119,151.677,163.857,0.0,862.421,186.63,0.76847,0.70441,4,47
400mhz_mu3,16,bet,near_far,finite,localized,grouped,none,15,56.271,56.271,85.057,93.182,115.947,0.0,15.95,7.51,0.99993,0.60359,1,48
400mhz_mu3,16,bet,near_far,finite,localized,grouped,allocation_unit,15,58.415,58.415,85.266,88.095,97.583,0.0,15.94,10.291,0.99994,0.89014,1,48
400mhz_mu3,16,max_throughput,near_far,finite,localized,grouped,none,15,48.802,48.802,74.41,75.965,85.23,0.0,15.01,8.0,0.93746,0.4992,100,100
400mhz_mu3,16,round_robin,near_far,finite,localized,grouped,none,15,28.258,28.258,55.894,56.988,63.589,0.0,15.98,15.98,0.99991,0.99994,1,1
400mhz_mu3,16,pf,near_far,finite,localized,grouped,none,15,58.064,58.064,84.951,87.491,99.477,0.0,15.94,10.4,0.99977,0.62408,13,100
400mhz_mu3,16,pf,near_far,finite,localized,grouped,allocation_unit,15,74.315,74.315,101.35,105.222,127.8,0.0,15.93,15.309,0.99974,0.93683,13,100
400mhz_mu3,16,bet,homogeneous,full_buffer,distributed,per_rb,none,2000,5273.32,5273.32,6445.128,7280.246,8278.01,100.0,1233.56,122.584,0.98486,0.96801,15,40
400mhz_mu3,16,bet,homogeneous,full_buffer,distributed,per_rb,allocation_unit,2000,5922.655,5922.655,7193.157,7498.431,7673.07,100.0,1233.56,122.584,0.98486,0.96801,15,40
400mhz_mu3,16,max_throughput,homogeneous,full_buffer,distributed,per_rb,none,2000,5077.915,5077.915,6178.77,6474.332,6856.87,100.0,1233.56,122.574,0.98486,0.97691,15,35
400mhz_mu3,16,round_robin,homogeneous,full_buffer,distributed,per_rb,none,2000,3261.955,3261.955,4485.954,4862.574,5237.57,100.0,1233.73,533.236,0.99999,1.0,0,0
400mhz_mu3,16,pf,homogeneous,full_buffer,distributed,per_rb,none,2000,5862.63,5862.63,7653.341,8232.56,8600.8,100.0,1233.28,122.574,0.98136,0.97691,16,35
400mhz_mu3,16,pf,homogeneous,full_buffer,distributed,per_rb,allocation_unit,2000,5709.79,5709.79,6719.81,6916.815,7056.63,100.0,1233.26,122.574,0.99435,0.97691,15,35
400mhz_mu3,16,bet,homogeneous,finite,distributed,per_rb,none,2000,2126.51,2126.51,2627.789,2673.303,2766.11,100.0,16.025,15.615,0.99997,0.98923,0,28
400mhz_mu3,16,bet,homogeneous,finite,distributed,per_rb,allocation_unit,2000,2229.94,2229.94,3102.105,3462.286,4135.15,100.0,16.025,15.615,0.99997,0.98923,0,28
400mhz_mu3,16,max_throughput,homogeneous,finite,distributed,per_rb,none,2000,1865.08,1865.08,2472.959,3056.443,3900.26,100.0,16.025,15.615,0.99997,0.98923,0,28
400mhz_mu3,16,round_robin,homogeneous,finite,distributed,per_rb,none,2000,762.576,762.576,1286.361,1341.45,1389.62,20.0,16.025,16.031,0.99997,0.99998,0,0
400mhz_mu3,16,pf,homogeneous,finite,distributed,per_rb,none,2000,2139.48,2139.48,2678.173,2795.409,2813.19,100.0,16.025,15.615,0.99997,0.98923,0,28
400mhz_mu3,16,pf,homogeneous,finite,distributed,per_rb,allocation_unit,2000,2311.97,2311.97,2765.697,3006.771,3280.53,100.0,16.025,15.615,0.99997,0.98923,0,28
400mhz_mu3,16,bet,near_far,full_buffer,distributed,per_rb,none,2000,5819.715,5819.715,8073.664,9135.657,10446.4,100.0,195.598,57.702,0.18589,0.22651,100,100
400mhz_mu3,16,bet,near_far,full_buffer,distributed,per_rb,allocation_unit,2000,4774.63,4774.63,6042.133,6220.393,6433.24,100.0,195.757,63.5,0.18601,0.24895,100,100
400mhz_mu3,16,max_throughput,near_far,full_buffer,distributed,per_rb,none,2000,4927.335,4927.335,5936.654,6544.077,6653.3,100.0,1391.5,771.963,0.49304,0.49576,100,100
400mhz_mu3,16,round_robin,near_far,full_buffer,distributed,per_rb,none,2000,3089.65,3089.65,4254.116,4698.0,5217.49,100.0,857.152,436.039,0.71388,0.62635,0,0
400mhz_mu3,16,pf,near_far,full_buffer,distributed,per_rb,none,2000,4981.79,4981.79,6759.467,7908.211,8975.05,100.0,831.805,156.713,0.73335,0.49395,24,84
400mhz_mu3,16,pf,near_far,full_buffer,distributed,per_rb,allocation_unit,2000,4978.255,4978.255,5926.325,6583.205,6800.76,100.0,841.741,190.162,0.72406,0.55965,13,67
400mhz_mu3,16,bet,near_far,finite,distributed,per_rb,none,2000,1974.8,1974.8,2446.193,2640.223,2695.13,100.0,16.057,0.99,0.99998,0.18138,0,100
400mhz_mu3,16,bet,near_far,finite,distributed,per_rb,allocation_unit,2000,2071.775,2071.775,2562.833,2743.367,2914.54,100.0,16.057,1.129,0.99998,0.17169,0,100
400mhz_mu3,16,max_throughput,near_far,finite,distributed,per_rb,none,2000,1746.9,1746.9,2241.146,2364.077,2456.71,100.0,16.009,8.081,0.99999,0.49909,0,100
400mhz_mu3,16,round_robin,near_far,finite,distributed,per_rb,none,2000,779.307,779.307,1228.127,1281.56,1394.7,20.0,16.012,15.992,0.99999,0.99998,0,0
400mhz_mu3,16,pf,near_far,finite,distributed,per_rb,none,2000,1940.15,1940.15,2338.588,2575.228,2655.52,100.0,16.013,9.093,0.99999,0.56213,0,89
400mhz_mu3,16,pf,near_far,finite,distributed,per_rb,allocation_unit,2000,2381.985,2381.985,2863.062,2998.649,3098.67,100.0,16.013,9.264,0.99999,0.57333,0,69
400mhz_mu3,64,bet,homogeneous,full_buffer,localized,grouped,none,15,238.112,238.112,341.113,352.408,355.106,0.0,1239.54,169.798,0.93404,0.8726,49,63
400mhz_mu3,64,bet,homogeneous,full_buffer,localized,grouped,allocation_unit,15,249.668,249.668,355.229,383.095,578.996,0.0,1239.54,169.798,0.93404,0.8726,49,63
400mhz_mu3,64,max_throughput,homogeneous,full_buffer,localized,grouped,none,15,224.962,224.962,331.406,369.26,476.674,0.0,1239.54,169.798,0.93404,0.8726,49,63
400mhz_mu3,64,round_robin,homogeneous,full_buffer,localized,grouped,none,15,146.745,146.745,294.155,314.554,382.106,0.0,1241.89,533.291,0.99921,0.99819,4,4
400mhz_mu3,64,pf,homogeneous,full_buffer,localized,grouped,none,15,261.33,261.33,373.514,387.989,398.087,0.0,1242.7,169.487,0.92353,0.8624,83,100
400mhz_mu3,64,pf,homogeneous,full_buffer,localized,grouped,allocation_unit,15,302.137,302.137,419.716,436.24,456.146,0.0,1248.56,449.641,0.99375,0.99387,18,24
400mhz_mu3,64,bet,homogeneous,finite,localized,grouped,none,15,202.339,202.339,306.955,319.729,336.742,0.0,56.82,50.116,0.95132,0.94168,49,63
400mhz_mu3,64,bet,homogeneous,finite,localized,grouped,allocation_unit,15,205.651,205.651,310.213,325.502,345.819,0.0,56.82,50.116,0.95132,0.94168,49,63
400mhz_mu3,64,max_throughput,homogeneous,finite,localized,grouped,none,15,187.612,187.612,290.483,299.893,306.384,0.0,56.82,50.116,0.95132,0.94168,49,63
400mhz_mu3,64,round_robin,homogeneous,finite,localized,grouped,none,15,99.176,99.176,217.427,242.942,257.533,0.0,63.79,63.96,0.99958,0.99955,4,4
400mhz_mu3,64,pf,homogeneous,finite,localized,grouped,none,15,207.394,207.394,313.318,329.363,354.245,0.0,63.43,50.116,0.98105,0.94168,49,63
400mhz_mu3,64,pf,homogeneous,finite,localized,grouped,allocation_unit,15,230.022,230.022,333.343,348.924,366.808,0.0,62.83,68.242,0.98,0.99857,49,18
400mhz_mu3,64,bet,near_far,full_buffer,localized,grouped,none,15,221.841,221.841,326.409,344.99,381.095,0.0,71.158,0,0.03933,0,100,100
400mhz_mu3,64,bet,near_far,full_buffer,localized,grouped,allocation_unit,15,232.005,232.005,337.673,346.289,356.649,0.0,70.885,0.079,0.0389,0.01562,100,100
400mhz_mu3,64,max_throughput,near_far,full_buffer,localized,grouped,none,15,225.308,225.308,326.351,338.302,363.702,0.0,1325.37,738.159,0.49935,0.49181,100,100
400mhz_mu3,64,round_robin,near_far,full_buffer,localized,grouped,none,15,149.03,149.03,268.168,279.676,287.7,0.0,811.734,409.707,0.70853,0.61911,4,4
400mhz_mu3,64,pf,near_far,full_buffer,localized,grouped,none,15,255.199,255.199,360.725,374.676,396.694,0.0,700.461,284.028,0.73507,0.48589,90,100
400mhz_mu3,64,pf,near_far,full_buffer,localized,grouped,allocation_unit,15,283.727,283.727,386.825,403.829,408.866,0.0,780.89,184.38,0.73223,0.69741,16,98
400mhz_mu3,64,bet,near_far,finite,localized,grouped,none,15,195.176,195.176,301.302,323.436,347.171,0.0,20.73,0,0.32502,0,100,100
400mhz_mu3,64,bet,near_far,finite,localized,grouped,allocation_unit,15,204.023,204.023,309.223,330.07,341.04,0.0,20.79,0.079,0.32473,0.01562,100,100
400mhz_mu3,64,max_throughput,near_far,finite,localized,grouped,none,15,176.987,176.987,279.012,296.162,317.025,0.0,31.87,30.1,0.49861,0.49655,100,100
400mhz_mu3,64,round_robin,near_far,finite,localized,grouped,none,15,99.076,99.076,212.199,224.642,243.447,0.0,63.779,59.803,0.99956,0.95834,4,4
400mhz_mu3,64,pf,near_far,finite,localized,grouped,none,15,204.724,204.724,304.948,323.695,337.994,0.0,53.8,31.267,0.92808,0.54722,86,83
400mhz_mu3,64,pf,near_far,finite,localized,grouped,allocation_unit,15,230.597,230.597,324.026,331.313,350.357,0.0,51.26,55.292,0.89163,0.84775,86,85
400mhz_mu3,64,bet,homogeneous,full_buffer,distributed,per_rb,none,2000,11051.75,11051.75,13142.23,13398.449,13710.7,100.0,1233.44,122.533,0.97933,0.57817,56,100
400mhz_mu3,64,bet,homogeneous,full_buffer,distributed,per_rb,allocation_unit,2000,11438.5,11438.5,13283.21,14441.581,14832.7,100.0,1233.44,122.533,0.97933,0.57817,56,100
400mhz_mu3,64,max_throughput,homogeneous,full_buffer,distributed,per_rb,none,2000,9970.38,9970.38,11937.97,12859.616,13320.1,100.0,1233.44,122.5,0.97933,0.58761,56,100
400mhz_mu3,64,round_robin,homogeneous,full_buffer,distributed,per_rb,none,2000,5753.835,5753.835,7922.735,8645.937,9307.85,100.0,1233.7,748.244,0.99998,0.99999,0,0
400mhz_mu3,64,pf,homogeneous,full_buffer,distributed,per_rb,none,2000,11326.7,11326.7,13080.5,14130.247,14700.7,100.0,1233.67,122.5,0.97906,0.58761,56,100
400mhz_mu3,64,pf,homogeneous,full_buffer,distributed,per_rb,allocation_unit,2000,12118.6,12118.6,14070.57,14487.524,14927.5,100.0,1233.62,122.585,0.97939,0.58791,56,100
400mhz_mu3,64,bet,homogeneous,finite,distributed,per_rb,none,2000,7448.78,7448.78,9184.586,9683.838,9916.26,100.0,63.99,27.767,0.99997,0.52455,0,100
400mhz_mu3,64,bet,homogeneous,finite,distributed,per_rb,allocation_unit,2000,8003.725,8003.725,9799.792,10166.819,10521,100.0,63.99,27.767,0.99997,0.52455,0,100
400mhz_mu3,64,max_throughput,homogeneous,finite,distributed,per_rb,none,2000,7111.69,7111.69,8937.982,9211.768,9616.6,100.0,63.99,27.767,0.99997,0.52455,0,100
400mhz_mu3,64,round_robin,homogeneous,finite,distributed,per_rb,none,2000,3112.465,3112.465,5179.665,5449.808,5989.44,100.0,64.015,64.024,0.99997,0.99995,0,0
400mhz_mu3,64,pf,homogeneous,finite,distributed,per_rb,none,2000,8207.985,8207.985,10085.38,10352.373,10677.1,100.0,63.99,27.767,0.99997,0.52455,0,100
400mhz_mu3,64,pf,homogeneous,finite,distributed,per_rb,allocation_unit,2000,9075.275,9075.275,10984.535,11341.139,11585.6,100.0,63.99,27.767,0.99997,0.52455,0,100
400mhz_mu3,64,bet,near_far,full_buffer,distributed,per_rb,none,2000,11563.0,11563.0,13466.23,13780.882,14172.4,100.0,75.807,0,0.0449,0,100,100
400mhz_mu3,64,bet,near_far,full_buffer,distributed,per_rb,allocation_unit,2000,11586.05,11586.05,13469.605,13946.595,18588.9,100.0,75.813,0,0.04501,0,100,100
400mhz_mu3,64,max_throughput,near_far,full_buffer,distributed,per_rb,none,2000,9567.215,9567.215,11441.405,11660.906,12251.8,100.0,1390.47,741.581,0.49808,0.48441,100,100
400mhz_mu3,64,round_robin,near_far,full_buffer,distributed,per_rb,none,2000,5707.245,5707.245,8268.179,9241.077,11463.4,100.0,821.277,476.72,0.67023,0.71589,0,0
400mhz_mu3,64,pf,near_far,full_buffer,distributed,per_rb,none,2000,10640.0,10640.0,12396.065,13577.983,14242.6,100.0,849.244,491.202,0.64595,0.39957,52,100
400mhz_mu3,64,pf,near_far,full_buffer,distributed,per_rb,allocation_unit,2000,11908.3,11908.3,13917.035,14996.095,15477.4,100.0,849.29,483.604,0.64682,0.40026,52,100
400mhz_mu3,64,bet,near_far,finite,distributed,per_rb,none,2000,8056.99,8056.99,9907.432,10561.34,10693.7,100.0,64.034,0,0.99997,0,0,100
400mhz_mu3,64,bet,near_far,finite,distributed,per_rb,allocation_unit,2000,8037.815,8037.815,9802.985,10460.76,10703.3,100.0,64.034,0,0.99997,0,0,100
400mhz_mu3,64,max_throughput,near_far,finite,distributed,per_rb,none,2000,6603.42,6603.42,8320.548,8617.388,9121.12,100.0,64.054,25.364,0.99998,0.46823,0,100
400mhz_mu3,64,round_robin,near_far,finite,distributed,per_rb,none,2000,3344.835,3344.835,5343.655,5662.78,6070.37,100.0,63.933,62.751,0.99998,0.98889,0,0
400mhz_mu3,64,pf,near_far,finite,distributed,per_rb,none,2000,8095.58,8095.58,9834.03,10352.112,10855.7,100.0,63.98,15.069,0.99997,0.37952,0,100
400mhz_mu3,64,pf,near_far,finite,distributed,per_rb,allocation_unit,2000,9320.515,9320.515,11270.31,11808.122,15547.4,100.0,63.979,16.429,0.99997,0.41457,0,100
