profile,direction,legacy_throughput_mbps,v2_1_throughput_mbps,throughput_delta_pct,legacy_median_ue_sinr_db,v2_1_median_ue_sinr_db,sinr_delta_db,legacy_outage_ues,v2_1_outage_ues
offline_indoor_hotspot_n78_pedestrian,dl,45.737871557314,44.613526542911,-2.4582364157328227,14.090965749999999,18.1923715,4.101405750000001,0,0
offline_indoor_hotspot_n78_pedestrian,ul,56.55718426995644,57.52378915056468,1.709075324532575,30.718660999999997,30.914620499999998,0.19595950000000073,0,0
offline_rural_n78_vehicular,dl,46.15972188635852,52.818109733870855,14.424670633641915,-5.88511625,-4.95156535,0.9335509000000002,1,0
offline_rural_n78_vehicular,ul,25.652794670134753,27.210046190903043,6.070494621707856,1.7305535,1.87603325,0.14547975000000002,0,0
offline_uma_n78_pedestrian,dl,111.47542663451186,106.75318697801852,-4.236126112327771,-4.96518685,-10.517223000000001,-5.552036150000001,5,6
offline_uma_n78_pedestrian,ul,13.787966466336561,13.905529433285942,0.8526490634888872,5.21471875,2.10512915,-3.1095896000000005,0,0
offline_umi_n258_fwa,dl,500.0184635755313,500.01846357928133,7.499757426657304e-10,69.08148299999999,54.5033425,-14.57814049999999,0,0
offline_umi_n258_fwa,ul,156.7606179599875,156.73254463790002,-0.017908402284213486,69.720125,56.464573,-13.255551999999994,0,0
offline_umi_n40_npn,dl,48.24224416732506,47.191673506008684,-2.1776985698935203,23.516902,30.479322500000002,6.9624205,0,0
offline_umi_n40_npn,ul,25.033405903874378,24.16190069953062,-3.4813688864002215,37.805992,40.7594285,2.953436499999995,0,0
