map,samples,legacy_mean_db,v2_mean_db,delta_p05_db,delta_median_db,delta_p95_db,delta_rmse_db
macroscopic_fading_map_INDOOR_MIXED_OFFICE_26.json,20000,-145.301,-145.245,-16.101,0.023,16.443,9.88
macroscopic_fading_map_INDOOR_MIXED_OFFICE_28.json,20000,-146.046,-145.99,-15.96,0.073,16.019,9.76
macroscopic_fading_map_INDOOR_MIXED_OFFICE_3.5.json,20000,-129.657,-129.585,-15.899,0.077,16.072,9.732
macroscopic_fading_map_INDOOR_OPEN_OFFICE_26.json,20000,-144.319,-138.072,-16.866,3.16,42.933,18.458
macroscopic_fading_map_INDOOR_OPEN_OFFICE_28.json,20000,-145.332,-138.59,-15.628,3.434,43.253,18.567
macroscopic_fading_map_INDOOR_OPEN_OFFICE_3.5.json,20000,-129.092,-123.489,-15.668,3.351,36.621,16.362
macroscopic_fading_map_INDOOR_SHOPPING_MALL_26.json,20000,-120.866,-120.462,-9.007,0.461,9.705,5.719
macroscopic_fading_map_INDOOR_SHOPPING_MALL_3.5.json,20000,-100.916,-100.593,-9.059,0.357,9.682,5.682
macroscopic_fading_map_INDOOR_SHOPPING_MALL_60.json,20000,-129.279,-128.815,-9.044,0.507,9.921,5.827
macroscopic_fading_map_RURAL_MACROCELL_0.7.json,20000,-118.149,-115.939,-14.16,1.904,19.576,10.359
macroscopic_fading_map_RURAL_MACROCELL_0.8.json,20000,-119.386,-117.203,-14.601,1.838,19.746,10.515
macroscopic_fading_map_RURAL_MACROCELL_3.5.json,20000,-132.185,-129.963,-14.194,1.951,19.308,10.404
macroscopic_fading_map_URBAN_MACROCELL_26.json,20000,-161.709,-161.411,-11.56,0.207,12.234,7.506
macroscopic_fading_map_URBAN_MACROCELL_28.json,20000,-162.523,-162.335,-11.63,0.058,11.877,7.548
macroscopic_fading_map_URBAN_MACROCELL_3.5.json,20000,-140.882,-140.809,-11.417,0.008,11.561,7.164
macroscopic_fading_map_URBAN_MACROCELL_4.9.json,20000,-144.475,-144.208,-11.331,0.068,12.42,7.378
macroscopic_fading_map_URBAN_MICROCELL_26.json,20000,-145.159,-143.57,-13.693,0.87,19.12,10.404
macroscopic_fading_map_URBAN_MICROCELL_28.json,20000,-146.167,-144.505,-13.575,1.069,18.452,10.303
macroscopic_fading_map_URBAN_MICROCELL_3.5.json,20000,-117.086,-120.815,-18.466,-3.961,12.004,9.983
macroscopic_fading_map_URBAN_MICROCELL_4.9.json,20000,-125.635,-124.399,-13.593,1.02,16.991,9.398
