scenario,frequency_ghz,realizations,link_gain_p05_mean_db,link_gain_p05_ci_low_db,link_gain_p05_ci_high_db,link_gain_p50_mean_db,link_gain_p50_ci_low_db,link_gain_p50_ci_high_db,link_gain_p95_mean_db,link_gain_p95_ci_low_db,link_gain_p95_ci_high_db,los_radial_rmse_mean,los_radial_rmse_ci_low,los_radial_rmse_ci_high,los_shadow_mean_db,los_shadow_mean_ci_low_db,los_shadow_mean_ci_high_db,los_shadow_std_mean_db,los_shadow_std_ci_low_db,los_shadow_std_ci_high_db,los_shadow_std_target_db,nlos_shadow_mean_db,nlos_shadow_mean_ci_low_db,nlos_shadow_mean_ci_high_db,nlos_shadow_std_mean_db,nlos_shadow_std_ci_low_db,nlos_shadow_std_ci_high_db,nlos_shadow_std_target_db,los_autocorr_mean,los_autocorr_ci_low,los_autocorr_ci_high,nlos_autocorr_mean,nlos_autocorr_ci_low,nlos_autocorr_ci_high,los_autocorr_lag_m,los_autocorr_target,nlos_autocorr_lag_m,nlos_autocorr_target,coverage_proxy_mean,coverage_proxy_ci_low,coverage_proxy_ci_high
INDOOR_MIXED_OFFICE,3.5,30,-147.4727734629427,-147.5154905399091,-147.43005638597631,-131.12150328639987,-131.1503022396097,-131.09270433319006,-107.18505208584803,-107.30950541255993,-107.06059875913613,0.021104467354029797,0.016526535002469086,0.025682399705590508,-6.2987062856750464e-18,-2.8975691576109845e-17,1.6378279004759754e-17,4.3,4.3,4.3,4.3,4.2737225597297825e-18,-3.5140328249462226e-17,4.368777336892179e-17,7.9,7.9,7.9,7.9,0.4055394343496125,0.4018885424270119,0.4091903262722131,0.36709483314758073,0.3646073351962376,0.36958233109892386,9.0,0.4065696597405991,6.0,0.36787944117144233,,,
INDOOR_MIXED_OFFICE,26.0,30,-162.4601835676845,-162.5101389028626,-162.41022823250643,-146.5372404934108,-146.55859608586627,-146.5158849009553,-124.45942526462592,-124.54982824572657,-124.36902228352527,0.021559755241715797,0.017124052138783402,0.02599545834464819,5.403685854318023e-18,-2.0062009654299e-17,3.0869381362935044e-17,4.3,4.3,4.3,4.3,5.235869523438581e-18,-4.269663452240792e-17,5.316837356928508e-17,7.9,7.9,7.9,7.9,0.40715759979377253,0.4042255594515153,0.4100896401360298,0.3684797482936585,0.3655380254079716,0.3714214711793454,9.0,0.4065696597405991,6.0,0.36787944117144233,,,
INDOOR_MIXED_OFFICE,28.0,30,-163.10946685211837,-163.15528533794895,-163.0636483662878,-147.19789762084338,-147.21549551873161,-147.18029972295514,-125.25331285414704,-125.35698979066943,-125.14963591762465,0.017973635513636458,0.01390436454778797,0.022042906479484946,3.787055200179401e-18,-2.5552575607693673e-17,3.312668600805248e-17,4.3,4.3,4.3,4.3,4.217783782769968e-17,-7.542228415192475e-18,9.189790407059185e-17,7.9,7.9,7.9,7.9,0.402648044128092,0.3980392478346717,0.40725684042151233,0.36835567105524464,0.3661638039403714,0.3705475381701179,9.0,0.4065696597405991,6.0,0.36787944117144233,,,
INDOOR_OPEN_OFFICE,3.5,30,-147.05410127728055,-147.1117904285942,-146.9964121259669,-129.26300912102505,-129.29979688873752,-129.22622135331258,-84.15624794196258,-84.24977693279932,-84.06271895112583,0.03399681872892999,0.029627583519359305,0.03836605393850068,1.058361660079679e-17,-1.6485453252443e-17,3.765268645403658e-17,4.3,4.3,4.3,4.3,1.2530286038998311e-18,-5.309384020404992e-17,5.559989741184958e-17,7.9,7.9,7.9,7.9,0.40456247681139523,0.4008596531163457,0.4082653005064448,0.3670063913833616,0.364741918179578,0.3692708645871452,9.0,0.4065696597405991,6.0,0.36787944117144233,0.26413087548170977,0.26307727311802914,0.2651844778453904
INDOOR_OPEN_OFFICE,26.0,30,-162.03531764942528,-162.08475439458007,-161.9858809042705,-144.73967031763462,-144.76944920956373,-144.7098914257055,-92.74871672095361,-92.87464044842464,-92.62279299348258,0.04030486650053999,0.03536808980938584,0.045241643191694145,-1.2183465621847468e-17,-3.5905937453168186e-17,1.153900620947325e-17,4.3,4.3,4.3,4.3,-3.490579682292388e-18,-4.636276920961046e-17,3.9381609845025685e-17,7.9,7.9,7.9,7.9,0.4076796424791515,0.40381044432010976,0.41154884063819325,0.3666479581119662,0.36449368438051805,0.3688022318434144,9.0,0.4065696597405991,6.0,0.36787944117144233,,,
INDOOR_OPEN_OFFICE,28.0,30,-162.7071828887994,-162.77255087858887,-162.64181489900992,-145.42809095526883,-145.45971671630252,-145.39646519423513,-93.46341696754199,-93.56855454239032,-93.35827939269366,0.03969932101818143,0.03472096700046398,0.04467767503589888,-7.479014479527118e-18,-2.905859889529431e-17,1.4100569936240077e-17,4.3,4.3,4.3,4.3,1.2396032974294763e-17,-3.0646838329786496e-17,5.543890427837602e-17,7.9,7.9,7.9,7.9,0.4069423611578458,0.40334452667748316,0.4105401956382085,0.36751837727962283,0.36506458831038674,0.3699721662488589,9.0,0.4065696597405991,6.0,0.36787944117144233,,,
INDOOR_SHOPPING_MALL,3.5,30,-110.33568284229467,-110.36520539490355,-110.30616028968579,-101.11111015241714,-101.12440603968945,-101.09781426514483,-89.32216981221994,-89.37017957810879,-89.27416004633109,0.014857563690136381,0.012217634596621701,0.01749749278365106,-2.5228388408876074e-18,-2.3864816429823798e-17,1.8819138748048584e-17,3.3,3.3,3.3,3.3,2.0764474007482923e-17,-5.259097009747572e-18,4.678804502471342e-17,4.6,4.6,4.6,4.6,0.3662622725352861,0.36382835017417964,0.36869619489639255,0.3679109904484276,0.36580680029028195,0.3700151806065733,10.0,0.36787944117144233,10.0,0.36787944117144233,,,
INDOOR_SHOPPING_MALL,26.0,30,-130.36139693220045,-130.3865158107229,-130.336278053678,-121.12880656842442,-121.14098682881601,-121.11662630803283,-109.19952033864743,-109.24066563887665,-109.15837503841821,0.011083210287419596,0.009285955377393578,0.012880465197445614,7.976869594469463e-18,-1.489618610439539e-17,3.0849925293334316e-17,3.3,3.3,3.3,3.3,2.2263633230005936e-18,-3.311480737952539e-17,3.756753402552658e-17,4.6,4.6,4.6,4.6,0.3699563191364597,0.36757303380921574,0.3723396044637037,0.3676222242693373,0.365727144734722,0.36951730380395265,10.0,0.36787944117144233,10.0,0.36787944117144233,,,
INDOOR_SHOPPING_MALL,60.0,30,-138.70591296632716,-138.73918685925827,-138.67263907339606,-129.4814136706601,-129.4961402037873,-129.4666871375329,-117.44130608475133,-117.4968027509027,-117.38580941859996,0.01461240054103672,0.012294969676774539,0.0169298314052989,-6.041387911659903e-18,-2.6948688656646408e-17,1.48659128333266e-17,3.3,3.3,3.3,3.3,-3.6830090750341476e-17,-6.582924903398856e-17,-7.830932466694386e-18,4.6,4.6,4.6,4.6,0.36765760904579187,0.36567101015645154,0.3696442079351322,0.3685498237030943,0.36653216124339744,0.37056748616279117,10.0,0.36787944117144233,10.0,0.36787944117144233,,,
RURAL_MACROCELL,0.7,30,-132.4971542496174,-132.64896081219746,-132.34534768703736,-118.52030934980274,-118.57230395534417,-118.46831474426132,-92.70721605354089,-92.79347730047384,-92.62095480660794,0.020098554645535536,0.017960321295996153,0.02223678799507492,1.0608789050428708e-17,-1.809413015714803e-20,2.1235672231014563e-17,1.7,1.7,1.7,1.7,1.8124163734979688e-18,-3.8260495687937956e-17,4.1885328434933895e-17,6.7,6.7,6.7,6.7,0.36908291654290404,0.36713247698666995,0.3710333560991381,0.3883111475767745,0.3810015606268617,0.3956207345266873,37.0,0.36787944117144233,111.0,0.39653141907499284,,,
RURAL_MACROCELL,0.8,30,-133.7123955167378,-133.83219354800391,-133.5925974854717,-119.69000625874172,-119.74521666409353,-119.6347958533899,-93.86614905242612,-93.93475135878862,-93.79754674606363,0.022345319188014908,0.01961607306279797,0.025074565313231847,-5.901540969260367e-19,-1.2455909444730381e-17,1.1275601250878307e-17,1.7,1.7,1.7,1.7,3.084464161564138e-17,-5.1725333909130544e-18,6.686181662219583e-17,6.7,6.7,6.7,6.7,0.36658057417787276,0.36466337006306015,0.3684977782926854,0.3922551277363568,0.38547719610081727,0.3990330593718963,37.0,0.36787944117144233,111.0,0.39653141907499284,,,
RURAL_MACROCELL,3.5,30,-146.44170694434965,-146.55747255556676,-146.32594133313253,-132.56573790676484,-132.61495839740724,-132.51651741612244,-106.69581753907302,-106.76054031561054,-106.6310947625355,0.024096016746688487,0.02161875828784118,0.026573275205535794,-4.66529399844848e-18,-1.3002497671564038e-17,3.6719096746670776e-18,1.7,1.7,1.7,1.7,-9.599094126304065e-18,-5.616901314186431e-17,3.697082488925618e-17,6.7,6.7,6.7,6.7,0.3693689332085096,0.36714957055342673,0.3715882958635925,0.397934413657478,0.3885452898688625,0.4073235374460935,37.0,0.36787944117144233,111.0,0.39653141907499284,0.7851875469900765,0.7827505016299279,0.7876245923502252
URBAN_MACROCELL,3.5,30,-153.9765001783685,-154.02926542083918,-153.9237349358978,-142.28587735438091,-142.31308805847652,-142.2586666502853,-122.28902727745619,-122.41108600979098,-122.16696854512139,0.014912871032906809,0.010812917158310412,0.019012824907503206,8.743230838818912e-18,-5.469397713943495e-18,2.295585939158132e-17,2.4,2.4,2.4,2.4,1.6932667785735668e-17,-1.494156380493814e-17,4.8806899376409474e-17,5.3,5.3,5.3,5.3,0.36892025636073433,0.3663913333110375,0.37144917941043115,0.32997226089868315,0.3270019242620252,0.3329425975353411,37.0,0.36787944117144233,55.5,0.32955896107518906,0.3815621764819342,0.38033043669312994,0.38279391627073844
URBAN_MACROCELL,4.9,30,-157.48322949792512,-157.53798154207024,-157.42847745378,-145.77984049780122,-145.80383399035418,-145.75584700524826,-125.85389865728648,-125.98681553040568,-125.72098178416728,0.012294473948527064,0.009341689274142943,0.015247258622911186,-7.327979781735621e-19,-1.3767589694236611e-17,1.2301993737889488e-17,2.4,2.4,2.4,2.4,3.322763351412946e-18,-2.9833114450165806e-17,3.64786411529917e-17,5.3,5.3,5.3,5.3,0.36665003130506624,0.3638096306468367,0.3694904319632958,0.3287080405597939,0.325767707680746,0.33164837343884185,37.0,0.36787944117144233,55.5,0.32955896107518906,,,
URBAN_MACROCELL,26.0,30,-174.82345313033582,-174.88051233501633,-174.7663939256553,-163.17298867326426,-163.2062425764836,-163.13973477004492,-143.29038151821067,-143.45994296739482,-143.1208200690265,0.013651648764467238,0.01053213013189079,0.016771167397043686,-5.398091976622042e-18,-1.910803102907143e-17,8.311847075827346e-18,2.4,2.4,2.4,2.4,-1.9019184166336727e-18,-3.792522806387011e-17,3.412139123060277e-17,5.3,5.3,5.3,5.3,0.3668184548465787,0.3645864684495687,0.3690504412435887,0.32784100722157633,0.3247194541558102,0.33096256028734244,37.0,0.36787944117144233,55.5,0.32955896107518906,,,
URBAN_MACROCELL,28.0,30,-175.58156746081306,-175.64446084677095,-175.51867407485517,-163.94974043407868,-163.97733292254026,-163.9221479456171,-144.0794297098654,-144.19886082913987,-143.9599985905909,0.013988393380324165,0.011058540554068299,0.016918246206580032,6.572806292778134e-18,-6.0559288161725375e-18,1.9201541401728806e-17,2.4,2.4,2.4,2.4,-2.0820412784442736e-17,-5.591045779806461e-17,1.4269632229179133e-17,5.3,5.3,5.3,5.3,0.36760952567622346,0.3652993922664729,0.369919659085974,0.3268279930735087,0.3242362190097994,0.329419767137218,37.0,0.36787944117144233,55.5,0.32955896107518906,,,
URBAN_MICROCELL,2.38,30,-130.88628910166938,-130.94020994672087,-130.83236825661788,-117.5717853924613,-117.5938542509183,-117.54971653400429,-96.88599348574643,-96.99418077252582,-96.77780619896703,0.01994491415398531,0.015692985840455313,0.02419684246751531,4.799547063152033e-18,-1.9621598147094768e-17,2.922069227339883e-17,4.3,4.3,4.3,4.3,6.824530789097293e-19,-4.162388090294762e-17,4.298878706076708e-17,6.8,6.8,6.8,6.8,0.3669339338548438,0.36505458372022187,0.3688132839894657,0.316680460729216,0.31339663633692066,0.31996428512151137,10.0,0.36787944117144233,15.0,0.3154212746389477,0.9995921950221026,0.9995544622078079,0.9996299278363974
URBAN_MICROCELL,3.5,30,-135.47843390101374,-135.5358135575242,-135.4210542445033,-122.06774877005668,-122.08806412116945,-122.04743341894391,-100.94123635213502,-101.04988442287815,-100.83258828139189,0.021485405724957295,0.017977292829512388,0.0249935186204022,-1.3246302384083932e-17,-3.656075102015343e-17,1.0068146251985565e-17,4.3,4.3,4.3,4.3,2.3147465905970996e-17,-1.236618530305842e-17,5.866111711500041e-17,6.8,6.8,6.8,6.8,0.36797599769757755,0.36607629118913343,0.36987570420602167,0.3153384687912514,0.3121546621469557,0.31852227543554706,10.0,0.36787944117144233,15.0,0.3154212746389477,,,
URBAN_MICROCELL,4.9,30,-139.40309506264467,-139.45744559290054,-139.3487445323888,-126.01871922874047,-126.04094227270154,-125.99649618477939,-104.52765020001445,-104.64294744991213,-104.41235295011677,0.020029394630108166,0.016473150575261816,0.023585638684954516,7.434263457959267e-18,-1.3102271857614444e-17,2.797079877353298e-17,4.3,4.3,4.3,4.3,-1.3626686067410667e-17,-4.714299590051994e-17,1.988962376569861e-17,6.8,6.8,6.8,6.8,0.36787246142624924,0.36513459529661335,0.37061032755588513,0.3193103478248524,0.31623737739908325,0.32238331825062155,10.0,0.36787944117144233,15.0,0.3154212746389477,,,
URBAN_MICROCELL,26.0,30,-158.9786793345167,-159.02918265438655,-158.92817601464685,-145.57593260584957,-145.60048899175416,-145.55137621994498,-118.67137635968878,-118.99645518752529,-118.34629753185227,0.020036940477742776,0.01653815219656291,0.023535728758922642,-1.4958028959054236e-17,-3.784131775313526e-17,7.925259835026788e-18,4.3,4.3,4.3,4.3,3.137046611906364e-17,-7.344886884670493e-18,7.008581912279778e-17,6.8,6.8,6.8,6.8,0.3670901042747678,0.36497515248841655,0.36920505606111903,0.31648077832312804,0.3128414208855065,0.3201201357607496,10.0,0.36787944117144233,15.0,0.3154212746389477,0.9850202524769429,0.9846792909584353,0.9853612139954505
URBAN_MICROCELL,28.0,30,-159.8249753857427,-159.87263506879597,-159.77731570268944,-146.4529217409305,-146.47710137437625,-146.42874210748474,-119.45088304498768,-119.9504475142407,-118.95131857573466,0.019673667016660477,0.01624501961143689,0.023102314421884065,-1.9242939274175977e-18,-2.869252519868312e-17,2.4843937343847927e-17,4.3,4.3,4.3,4.3,-2.526195167505196e-17,-6.07855977384927e-17,1.0261694388388784e-17,6.8,6.8,6.8,6.8,0.36853229694084566,0.36684851545323627,0.37021607842845505,0.3156970800627451,0.3124792375298878,0.3189149225956024,10.0,0.36787944117144233,15.0,0.3154212746389477,,,
