scenario,frequency_ghz,radial_bin,radius_low_m,radius_high_m,realizations,observed_los_probability,observed_ci_low,observed_ci_high,target_los_probability,bias
INDOOR_MIXED_OFFICE,3.5,0,0.0,43.5,30,0.17152882205513784,0.14971316678849816,0.1933444773217775,0.172804097218637,-0.001275275163499151
INDOOR_MIXED_OFFICE,3.5,1,43.5,87.0,30,0.0540129781420765,0.04679839435876426,0.06122756192538874,0.05290486913311352,0.0011081090089629791
INDOOR_MIXED_OFFICE,3.5,2,87.0,130.5,30,0.012834331337325349,0.010591104926733114,0.015077557747917584,0.014377842614369583,-0.001543511277044234
INDOOR_MIXED_OFFICE,3.5,3,130.5,174.0,30,0.0036036036036036037,0.0028710427844281156,0.004336164422779091,0.0038167715476957087,-0.00021316794409210506
INDOOR_MIXED_OFFICE,3.5,4,174.0,217.5,30,0.0012525050100200402,0.0009079211407993428,0.0015970888792407377,0.0010137062636957409,0.00023879874632429937
INDOOR_MIXED_OFFICE,3.5,5,217.5,261.0,30,0.00023532668881506093,8.166025310441896e-05,0.0003889931245257029,0.000267452218693801,-3.2125529878740096e-05
INDOOR_MIXED_OFFICE,3.5,6,261.0,304.5,30,0.00010082208779277185,2.5381105717142417e-05,0.00017626306986840128,7.091143961305882e-05,2.991064817971303e-05
INDOOR_MIXED_OFFICE,3.5,7,304.5,348.0,30,1.6835016835016834e-05,-5.579029648446447e-07,3.422793663487831e-05,1.869904947867283e-05,-1.864032643655995e-06
INDOOR_MIXED_OFFICE,3.5,8,348.0,391.5,30,5.924872615238772e-06,-6.192852483307873e-06,1.8042597713785416e-05,4.929263602212922e-06,9.956090130258496e-07
INDOOR_MIXED_OFFICE,3.5,9,391.5,435.0,30,0.0,0.0,0.0,1.2979784790245435e-06,-1.2979784790245435e-06
INDOOR_MIXED_OFFICE,26.0,0,0.0,43.5,30,0.18907268170426064,0.1581903709832585,0.21995499242526279,0.172804097218637,0.016268584485623655
INDOOR_MIXED_OFFICE,26.0,1,43.5,87.0,30,0.05874316939890711,0.04860634397316462,0.06887999482464958,0.05290486913311352,0.005838300265793586
INDOOR_MIXED_OFFICE,26.0,2,87.0,130.5,30,0.014520958083832336,0.01246248175564198,0.01657943441202269,0.014377842614369583,0.0001431154694627526
INDOOR_MIXED_OFFICE,26.0,3,130.5,174.0,30,0.0032766637605347285,0.002345635152888305,0.004207692368181152,0.0038167715476957087,-0.0005401077871609802
INDOOR_MIXED_OFFICE,26.0,4,174.0,217.5,30,0.0009630371854820753,0.0006196487539294844,0.0013064256170346661,0.0010137062636957409,-5.066907821366562e-05
INDOOR_MIXED_OFFICE,26.0,5,217.5,261.0,30,0.0003091546696197859,0.00019747848134135957,0.00042083085789821224,0.000267452218693801,4.170245092598488e-05
INDOOR_MIXED_OFFICE,26.0,6,261.0,304.5,30,5.8166589111214514e-05,1.9062697857913947e-05,9.727048036451509e-05,7.091143961305882e-05,-1.2744850501844304e-05
INDOOR_MIXED_OFFICE,26.0,7,304.5,348.0,30,2.0202020202020203e-05,-1.0166678456456215e-05,5.057071886049662e-05,1.869904947867283e-05,1.5029707233473738e-06
INDOOR_MIXED_OFFICE,26.0,8,348.0,391.5,30,5.924872615238772e-06,-2.4946237696822816e-06,1.4344369000159825e-05,4.929263602212922e-06,9.956090130258496e-07
INDOOR_MIXED_OFFICE,26.0,9,391.5,435.0,30,0.0,0.0,0.0,1.2979784790245435e-06,-1.2979784790245435e-06
INDOOR_MIXED_OFFICE,28.0,0,0.0,43.5,30,0.21077694235588973,0.17761173271869915,0.2439421519930803,0.172804097218637,0.03797284513725274
INDOOR_MIXED_OFFICE,28.0,1,43.5,87.0,30,0.05812841530054645,0.04981954810645419,0.0664372824946387,0.05290486913311352,0.005223546167432931
INDOOR_MIXED_OFFICE,28.0,2,87.0,130.5,30,0.015219560878243514,0.01301717883942759,0.017421942917059438,0.014377842614369583,0.0008417182638739314
INDOOR_MIXED_OFFICE,28.0,3,130.5,174.0,30,0.003886951467596629,0.003044642507896634,0.004729260427296624,0.0038167715476957087,7.017991990092027e-05
INDOOR_MIXED_OFFICE,28.0,4,174.0,217.5,30,0.0010075706969494545,0.0006798469724771704,0.0013352944214217385,0.0010137062636957409,-6.1355667462863975e-06
INDOOR_MIXED_OFFICE,28.0,5,217.5,261.0,30,0.00022609819121447027,0.00011052987353678312,0.00034166650889215744,0.000267452218693801,-4.135402747933075e-05
INDOOR_MIXED_OFFICE,28.0,6,261.0,304.5,30,0.00010469986040018614,5.198901485862309e-05,0.0001574107059417492,7.091143961305882e-05,3.378842078712732e-05
INDOOR_MIXED_OFFICE,28.0,7,304.5,348.0,30,1.6835016835016834e-05,-5.579029648446447e-07,3.422793663487831e-05,1.869904947867283e-05,-1.864032643655995e-06
INDOOR_MIXED_OFFICE,28.0,8,348.0,391.5,30,1.1849745230477544e-05,-4.989247539364563e-06,2.868873800031965e-05,4.929263602212922e-06,6.9204816282646215e-06
INDOOR_MIXED_OFFICE,28.0,9,391.5,435.0,30,0.0,0.0,0.0,1.2979784790245435e-06,-1.2979784790245435e-06
INDOOR_OPEN_OFFICE,3.5,0,0.0,43.5,30,0.7104761904761905,0.6747411953954535,0.7462111855569274,0.7189591143138868,-0.008482923837696332
INDOOR_OPEN_OFFICE,3.5,1,43.5,87.0,30,0.5124316939890711,0.4928630638092011,0.532000324168941,0.4966291618583981,0.015802532130672953
INDOOR_OPEN_OFFICE,3.5,2,87.0,130.5,30,0.4129241516966068,0.3923506332116006,0.433497670181613,0.40534703820231,0.007577113494296794
INDOOR_OPEN_OFFICE,3.5,3,130.5,174.0,30,0.32344521941296134,0.3081640382341298,0.3387264005917929,0.3305903260673086,-0.007145106654347255
INDOOR_OPEN_OFFICE,3.5,4,174.0,217.5,30,0.2644121576486306,0.2530103962968525,0.27581391900040864,0.26946488363050913,-0.005052725981878559
INDOOR_OPEN_OFFICE,3.5,5,217.5,261.0,30,0.21806016980435586,0.2074413242626989,0.22867901534601281,0.2195354581623302,-0.0014752883579743359
INDOOR_OPEN_OFFICE,3.5,6,261.0,304.5,30,0.17706297502714444,0.17035763241432902,0.18376831763995985,0.17892341922252628,-0.0018604441953818385
INDOOR_OPEN_OFFICE,3.5,7,304.5,348.0,30,0.1470841750841751,0.14111841469382186,0.15304993547452833,0.14572729019057892,0.001356884893596172
INDOOR_OPEN_OFFICE,3.5,8,348.0,391.5,30,0.11982166133428131,0.11445935598709633,0.12518396668146628,0.11867333877955129,0.001148322554730019
INDOOR_OPEN_OFFICE,3.5,9,391.5,435.0,30,0.09627325890483786,0.0919573461479232,0.10058917166175252,0.09663603701944903,-0.0003627781146111758
INDOOR_OPEN_OFFICE,26.0,0,0.0,43.5,30,0.7074185463659148,0.6725792408780832,0.7422578518537465,0.7189591143138868,-0.01154056794797198
INDOOR_OPEN_OFFICE,26.0,1,43.5,87.0,30,0.4822916666666667,0.4549934409849831,0.5095898923483503,0.4966291618583981,-0.014337495191731442
INDOOR_OPEN_OFFICE,26.0,2,87.0,130.5,30,0.40335329341317366,0.38572966169968903,0.4209769251266583,0.40534703820231,-0.0019937447891363314
INDOOR_OPEN_OFFICE,26.0,3,130.5,174.0,30,0.33042720139494336,0.31242670720532123,0.3484276955845655,0.3305903260673086,-0.00016312467236523354
INDOOR_OPEN_OFFICE,26.0,4,174.0,217.5,30,0.259185036740147,0.24752557457586605,0.2708444989044279,0.26946488363050913,-0.010279846890362154
INDOOR_OPEN_OFFICE,26.0,5,217.5,261.0,30,0.21501937984496122,0.20601046398350684,0.2240282957064156,0.2195354581623302,-0.004516078317368971
INDOOR_OPEN_OFFICE,26.0,6,261.0,304.5,30,0.18241817899798357,0.1739511720968526,0.19088518589911455,0.17892341922252628,0.0034947597754572957
INDOOR_OPEN_OFFICE,26.0,7,304.5,348.0,30,0.14684175084175083,0.1401691309887662,0.15351437069473545,0.14572729019057892,0.0011144606511719057
INDOOR_OPEN_OFFICE,26.0,8,348.0,391.5,30,0.11972093849982227,0.11416745235608868,0.12527442464355584,0.11867333877955129,0.001047599720270978
INDOOR_OPEN_OFFICE,26.0,9,391.5,435.0,30,0.09973684210526315,0.09442715062132075,0.10504653358920556,0.09663603701944903,0.003100805085814118
INDOOR_OPEN_OFFICE,28.0,0,0.0,43.5,30,0.7157393483709273,0.6814635805072189,0.7500151162346358,0.7189591143138868,-0.003219765942959474
INDOOR_OPEN_OFFICE,28.0,1,43.5,87.0,30,0.4810963114754098,0.4591236095329524,0.5030690134178673,0.4966291618583981,-0.015532850382988295
INDOOR_OPEN_OFFICE,28.0,2,87.0,130.5,30,0.4209680638722555,0.40369234441492213,0.43824378332958885,0.40534703820231,0.015621025669945499
INDOOR_OPEN_OFFICE,28.0,3,130.5,174.0,30,0.32393199651264165,0.30757741283594225,0.34028658018934105,0.3305903260673086,-0.006658329554666942
INDOOR_OPEN_OFFICE,28.0,4,174.0,217.5,30,0.2707247828991316,0.2595353941359138,0.2819141716623494,0.26946488363050913,0.0012598992686224664
INDOOR_OPEN_OFFICE,28.0,5,217.5,261.0,30,0.2172296050203027,0.2094417844181432,0.22501742562246219,0.2195354581623302,-0.0023058531420274975
INDOOR_OPEN_OFFICE,28.0,6,261.0,304.5,30,0.18444625407166124,0.17697410100895092,0.19191840713437155,0.17892341922252628,0.005522834849134961
INDOOR_OPEN_OFFICE,28.0,7,304.5,348.0,30,0.1518215488215488,0.14556721180918958,0.15807588583390803,0.14572729019057892,0.006094258630969879
INDOOR_OPEN_OFFICE,28.0,8,348.0,391.5,30,0.11976833748074416,0.11524885663491205,0.12428781832657626,0.11867333877955129,0.0010949987011928675
INDOOR_OPEN_OFFICE,28.0,9,391.5,435.0,30,0.09866028708133971,0.09462631131066591,0.10269426285201351,0.09663603701944903,0.0020242500618906784
INDOOR_SHOPPING_MALL,3.5,0,0.0,72.5,30,0.13398496240601504,0.11778620284333305,0.15018372196869703,0.12905707853899342,0.004927883867021615
INDOOR_SHOPPING_MALL,3.5,1,72.5,145.0,30,0.0554474043715847,0.05110648716045183,0.05978832158271757,0.05134127109963416,0.004106133271950536
INDOOR_SHOPPING_MALL,3.5,2,145.0,217.5,30,0.05168662674650699,0.04820166097433543,0.05517159251867854,0.05001289431479466,0.0016737324317123298
INDOOR_SHOPPING_MALL,3.5,3,217.5,290.0,30,0.05180180180180181,0.04923482516638757,0.05436877843721604,0.050000109463608826,0.0018016923381929811
INDOOR_SHOPPING_MALL,3.5,4,290.0,362.5,30,0.050990870630149183,0.04851445566661326,0.053467285593685104,0.050000000967470294,0.0009908696626788893
INDOOR_SHOPPING_MALL,3.5,5,362.5,435.0,30,0.0485280546327058,0.04550942207081759,0.05154668719459401,0.05000000000813058,-0.0014719453754247838
INDOOR_SHOPPING_MALL,3.5,6,435.0,507.5,30,0.05113230960136497,0.04939683704070512,0.052867782162024826,0.050000000000071036,0.0011323096012939363
INDOOR_SHOPPING_MALL,3.5,7,507.5,580.0,30,0.05048484848484849,0.048840606947675794,0.05212909002202118,0.0500000000000006,0.00048484848484788706
INDOOR_SHOPPING_MALL,3.5,8,580.0,652.5,30,0.04996148832800095,0.048110086048042816,0.051812890607959086,0.05000000000000001,-3.851167199905858e-05
INDOOR_SHOPPING_MALL,3.5,9,652.5,725.0,30,0.04902445507708666,0.04711770861759295,0.050931201536580366,0.05,-0.0009755449229133448
INDOOR_SHOPPING_MALL,26.0,0,0.0,72.5,30,0.1187468671679198,0.10900053640000894,0.12849319793583064,0.12905707853899342,-0.01031021137107363
INDOOR_SHOPPING_MALL,26.0,1,72.5,145.0,30,0.04643101092896175,0.04184697043711246,0.05101505142081104,0.05134127109963416,-0.004910260170672413
INDOOR_SHOPPING_MALL,26.0,2,145.0,217.5,30,0.04971057884231537,0.04579301871425003,0.053628138970380705,0.05001289431479466,-0.00030231547247928925
INDOOR_SHOPPING_MALL,26.0,3,217.5,290.0,30,0.0518599244405696,0.04814925396313795,0.05557059491800126,0.050000109463608826,0.0018598149769607775
INDOOR_SHOPPING_MALL,26.0,4,290.0,362.5,30,0.05141393898908929,0.049139240735693174,0.053688637242485404,0.050000000967470294,0.0014139380216189948
INDOOR_SHOPPING_MALL,26.0,5,362.5,435.0,30,0.050466039128829826,0.04759382658738126,0.05333825167027839,0.05000000000813058,0.0004660391206992437
INDOOR_SHOPPING_MALL,26.0,6,435.0,507.5,30,0.049333023111524744,0.04753052446865417,0.05113552175439532,0.050000000000071036,-0.0006669768885462918
INDOOR_SHOPPING_MALL,26.0,7,507.5,580.0,30,0.05012457912457913,0.04778140933217045,0.05246774891698781,0.0500000000000006,0.0001245791245785277
INDOOR_SHOPPING_MALL,26.0,8,580.0,652.5,30,0.049140893470790384,0.047384458870549984,0.050897328071030784,0.05000000000000001,-0.0008591065292096259
INDOOR_SHOPPING_MALL,26.0,9,652.5,725.0,30,0.04965443912812333,0.04835798152803688,0.05095089672820979,0.05,-0.0003455608718766698
INDOOR_SHOPPING_MALL,60.0,0,0.0,72.5,30,0.14461152882205514,0.1249792846206722,0.16424377302343807,0.12905707853899342,0.01555445028306171
INDOOR_SHOPPING_MALL,60.0,1,72.5,145.0,30,0.05280054644808743,0.04829047562850891,0.05731061726766595,0.05134127109963416,0.0014592753484532692
INDOOR_SHOPPING_MALL,60.0,2,145.0,217.5,30,0.04997005988023952,0.04723340748878479,0.052706712271694246,0.05001289431479466,-4.283443455514041e-05
INDOOR_SHOPPING_MALL,60.0,3,217.5,290.0,30,0.048757628596338275,0.04564986041680747,0.05186539677586908,0.050000109463608826,-0.0012424808672705512
INDOOR_SHOPPING_MALL,60.0,4,290.0,362.5,30,0.04837452683144065,0.04544379522333973,0.051305258439541576,0.050000000967470294,-0.0016254741360296407
INDOOR_SHOPPING_MALL,60.0,5,362.5,435.0,30,0.04988925802879292,0.04693744560071403,0.05284107045687181,0.05000000000813058,-0.00011074197933766405
INDOOR_SHOPPING_MALL,60.0,6,435.0,507.5,30,0.04963548937490306,0.04770106081872874,0.051569917931077375,0.050000000000071036,-0.00036451062516797833
INDOOR_SHOPPING_MALL,60.0,7,507.5,580.0,30,0.049511784511784514,0.04738131732969315,0.05164225169387588,0.0500000000000006,-0.0004882154882160858
INDOOR_SHOPPING_MALL,60.0,8,580.0,652.5,30,0.05109906387012679,0.04895420734668341,0.05324392039357017,0.05000000000000001,0.0010990638701267805
INDOOR_SHOPPING_MALL,60.0,9,652.5,725.0,30,0.05047049441786284,0.048797692251479806,0.05214329658424587,0.05,0.00047049441786283647
RURAL_MACROCELL,0.7,0,0.0,268.25,30,0.8395989974937343,0.8254617434275018,0.8537362515599669,0.8458694524819873,-0.00627045498825296
RURAL_MACROCELL,0.7,1,268.25,536.5,30,0.674214480874317,0.6589366210137423,0.6894923407348917,0.6681255234388662,0.0060889574354507925
RURAL_MACROCELL,0.7,2,536.5,804.75,30,0.511127744510978,0.49986246718428134,0.5223930218376746,0.51381095043331,-0.002683205922332066
RURAL_MACROCELL,0.7,3,804.75,1073.0,30,0.3910491136297588,0.38076988163273245,0.40132834562678515,0.39373987699516777,-0.0026907633654089658
RURAL_MACROCELL,0.7,4,1073.0,1341.25,30,0.29947673124025825,0.29119720720235415,0.30775625527816236,0.3015142291301981,-0.0020374978899398433
RURAL_MACROCELL,0.7,5,1341.25,1609.5,30,0.2345330380214101,0.22939017958524177,0.23967589645757842,0.23073594347572682,0.003797094545683277
RURAL_MACROCELL,0.7,6,1609.5,1877.75,30,0.17953699395067474,0.1744304472479289,0.1846435406534206,0.17666229009400353,0.0028747038566712124
RURAL_MACROCELL,0.7,7,1877.75,2146.0,30,0.133989898989899,0.1304079240415891,0.13757187393820888,0.1351418361120626,-0.0011519371221636043
RURAL_MACROCELL,0.7,8,2146.0,2414.25,30,0.10242031046332503,0.09965322126031344,0.10518739966633663,0.10336140430699713,-0.0009410938436720945
RURAL_MACROCELL,0.7,9,2414.25,2682.5,30,0.0771371610845295,0.07418199092873504,0.08009233124032397,0.07904768798778215,-0.001910526903252649
RURAL_MACROCELL,0.8,0,0.0,268.25,30,0.8631077694235589,0.8524890920455525,0.8737264468015654,0.8458694524819873,0.01723831694157163
RURAL_MACROCELL,0.8,1,268.25,536.5,30,0.6808401639344263,0.6670411752437374,0.6946391526251151,0.6681255234388662,0.012714640495560037
RURAL_MACROCELL,0.8,2,536.5,804.75,30,0.5122654690618762,0.5009638891700818,0.5235670489536706,0.51381095043331,-0.0015454813714338433
RURAL_MACROCELL,0.8,3,804.75,1073.0,30,0.3873074687590817,0.37663828850070596,0.3979766490174574,0.39373987699516777,-0.006432408236086096
RURAL_MACROCELL,0.8,4,1073.0,1341.25,30,0.30281674460031177,0.2952824752657188,0.3103510139349047,0.3015142291301981,0.0013025154701136743
RURAL_MACROCELL,0.8,5,1341.25,1609.5,30,0.22892672572905132,0.2227049874296793,0.23514846402842332,0.23073594347572682,-0.001809217746675501
RURAL_MACROCELL,0.8,6,1609.5,1877.75,30,0.17675275321855125,0.17221670924464808,0.18128879719245442,0.17666229009400353,9.046312454771832e-05
RURAL_MACROCELL,0.8,7,1877.75,2146.0,30,0.13847811447811448,0.13519823020996025,0.1417579987462687,0.1351418361120626,0.0033362783660518813
RURAL_MACROCELL,0.8,8,2146.0,2414.25,30,0.10277580282023938,0.09955694740316393,0.10599465823731483,0.10336140430699713,-0.0005856014867577503
RURAL_MACROCELL,0.8,9,2414.25,2682.5,30,0.07813131313131312,0.07608510845364598,0.08017751780898026,0.07904768798778215,-0.0009163748564690322
RURAL_MACROCELL,3.5,0,0.0,268.25,30,0.8325313283208021,0.8158516688029342,0.84921098783867,0.8458694524819873,-0.013338124161185183
RURAL_MACROCELL,3.5,1,268.25,536.5,30,0.6761953551912568,0.6636072840316629,0.6887834263508508,0.6681255234388662,0.008069831752390622
RURAL_MACROCELL,3.5,2,536.5,804.75,30,0.5290219560878243,0.5173979440545459,0.5406459681211028,0.51381095043331,0.015211005654514276
RURAL_MACROCELL,3.5,3,804.75,1073.0,30,0.39955681487939554,0.3904743661961857,0.4086392635626054,0.39373987699516777,0.005816937884227769
RURAL_MACROCELL,3.5,4,1073.0,1341.25,30,0.30180360721442884,0.29391727923957683,0.30968993518928084,0.3015142291301981,0.0002893780842307403
RURAL_MACROCELL,3.5,5,1341.25,1609.5,30,0.22700719822812845,0.22007336025739554,0.23394103619886136,0.23073594347572682,-0.003728745247598364
RURAL_MACROCELL,3.5,6,1609.5,1877.75,30,0.17311540251279664,0.16823861631175305,0.17799218871384023,0.17666229009400353,-0.0035468875812068867
RURAL_MACROCELL,3.5,7,1877.75,2146.0,30,0.13485521885521884,0.13008625981207905,0.13962417789835863,0.1351418361120626,-0.0002866172568437575
RURAL_MACROCELL,3.5,8,2146.0,2414.25,30,0.10294169925346605,0.09955816425240276,0.10632523425452935,0.10336140430699713,-0.0004197050535310748
RURAL_MACROCELL,3.5,9,2414.25,2682.5,30,0.07811270600744286,0.07598298823435103,0.08024242378053469,0.07904768798778215,-0.0009349819803392972
URBAN_MACROCELL,3.5,0,0.0,268.25,30,0.19824561403508772,0.18012951068385752,0.21636171738631793,0.20409054372073915,-0.005844929685651423
URBAN_MACROCELL,3.5,1,268.25,536.5,30,0.04445013661202186,0.04024926346535476,0.048651009758688954,0.047347448323885294,-0.002897311711863436
URBAN_MACROCELL,3.5,2,536.5,804.75,30,0.027245508982035926,0.024776154088104435,0.029714863875967418,0.02691612710898298,0.00032938187305294603
URBAN_MACROCELL,3.5,3,804.75,1073.0,30,0.017938099389712293,0.015971262651145377,0.019904936128279208,0.019175790909991056,-0.0012376915202787636
URBAN_MACROCELL,3.5,4,1073.0,1341.25,30,0.014790692496103318,0.013514004742777008,0.01606738024942963,0.014913881796594157,-0.0001231893004908398
URBAN_MACROCELL,3.5,5,1341.25,1609.5,30,0.013044481358434846,0.012006003536510006,0.014082959180359686,0.012199894977339927,0.0008445863810949191
URBAN_MACROCELL,3.5,6,1609.5,1877.75,30,0.010636730262137429,0.009826482205546001,0.011446978318728856,0.010326616639291578,0.0003101136228458503
URBAN_MACROCELL,3.5,7,1877.75,2146.0,30,0.009070707070707071,0.008305863166886541,0.009835550974527601,0.008948791363122039,0.00012191570758503245
URBAN_MACROCELL,3.5,8,2146.0,2414.25,30,0.008694750562862898,0.008101996618766906,0.00928750450695889,0.0078951136129031,0.0007996369499597977
URBAN_MACROCELL,3.5,9,2414.25,2682.5,30,0.007493354598617757,0.006982214323821375,0.008004494873414139,0.007063403880107551,0.00042995071851020545
URBAN_MACROCELL,4.9,0,0.0,268.25,30,0.21213032581453634,0.1945813243538727,0.22967932727519996,0.20409054372073915,0.008039782093797188
URBAN_MACROCELL,4.9,1,268.25,536.5,30,0.04899248633879782,0.042198784509400886,0.05578618816819475,0.047347448323885294,0.001645038014912524
URBAN_MACROCELL,4.9,2,536.5,804.75,30,0.028323353293413175,0.02630786039326398,0.03033884619356237,0.02691612710898298,0.0014072261844301943
URBAN_MACROCELL,4.9,3,804.75,1073.0,30,0.019536471955826796,0.017768994279917683,0.02130394963173591,0.019175790909991056,0.00036068104583573957
URBAN_MACROCELL,4.9,4,1073.0,1341.25,30,0.014545758183032732,0.013339529813208658,0.015751986552856805,0.014913881796594157,-0.00036812361356142534
URBAN_MACROCELL,4.9,5,1341.25,1609.5,30,0.01280454042081949,0.011839255650414313,0.013769825191224667,0.012199894977339927,0.000604645443479563
URBAN_MACROCELL,4.9,6,1609.5,1877.75,30,0.009954242283232512,0.009216459466546966,0.010692025099918059,0.010326616639291578,-0.0003723743560590659
URBAN_MACROCELL,4.9,7,1877.75,2146.0,30,0.008895622895622896,0.00827887678140212,0.009512369009843672,0.008948791363122039,-5.3168467499142835e-05
URBAN_MACROCELL,4.9,8,2146.0,2414.25,30,0.007693447090887546,0.007201092916530783,0.008185801265244309,0.0078951136129031,-0.00020166652201555457
URBAN_MACROCELL,4.9,9,2414.25,2682.5,30,0.006671982987772462,0.006174185736180896,0.0071697802393640275,0.007063403880107551,-0.00039142089233508946
URBAN_MACROCELL,26.0,0,0.0,268.25,30,0.20526315789473684,0.19115406642001836,0.21937224936945532,0.20409054372073915,0.0011726141739976936
URBAN_MACROCELL,26.0,1,268.25,536.5,30,0.04870218579234973,0.043116475584544026,0.05428789600015543,0.047347448323885294,0.0013547374684644356
URBAN_MACROCELL,26.0,2,536.5,804.75,30,0.02851297405189621,0.026107688115351052,0.030918259988441367,0.02691612710898298,0.0015968469429132291
URBAN_MACROCELL,26.0,3,804.75,1073.0,30,0.02041557686718977,0.018626156411860925,0.022204997322518613,0.019175790909991056,0.0012397859571987128
URBAN_MACROCELL,26.0,4,1073.0,1341.25,30,0.015876196838120686,0.014821236291195578,0.016931157385045796,0.014913881796594157,0.0009623150415265288
URBAN_MACROCELL,26.0,5,1341.25,1609.5,30,0.012569213732004429,0.01147823621103715,0.013660191252971706,0.012199894977339927,0.00036931875466450145
URBAN_MACROCELL,26.0,6,1609.5,1877.75,30,0.010373041724833255,0.009645794043257055,0.011100289406409456,0.010326616639291578,4.642508554167715e-05
URBAN_MACROCELL,26.0,7,1877.75,2146.0,30,0.008491582491582493,0.007908695556894491,0.009074469426270495,0.008948791363122039,-0.000457208871539546
URBAN_MACROCELL,26.0,8,2146.0,2414.25,30,0.00806375162933997,0.007553798364589414,0.008573704894090525,0.0078951136129031,0.0001686380164368697
URBAN_MACROCELL,26.0,9,2414.25,2682.5,30,0.007017543859649122,0.006605383676631137,0.007429704042667107,0.007063403880107551,-4.586002045842922e-05
URBAN_MACROCELL,28.0,0,0.0,268.25,30,0.2131328320802005,0.19586676292011185,0.23039890124028917,0.20409054372073915,0.009042288359461359
URBAN_MACROCELL,28.0,1,268.25,536.5,30,0.052373633879781424,0.04685708358634757,0.05789018417321528,0.047347448323885294,0.00502618555589613
URBAN_MACROCELL,28.0,2,536.5,804.75,30,0.02555888223552894,0.023377856195517664,0.02773990827554022,0.02691612710898298,-0.0013572448734540388
URBAN_MACROCELL,28.0,3,804.75,1073.0,30,0.018126997965707645,0.01673787631744008,0.01951611961397521,0.019175790909991056,-0.0010487929442834117
URBAN_MACROCELL,28.0,4,1073.0,1341.25,30,0.014662658650634602,0.013456758264952875,0.01586855903631633,0.014913881796594157,-0.0002512231459595553
URBAN_MACROCELL,28.0,5,1341.25,1609.5,30,0.012670727205610927,0.011777627124333093,0.013563827286888762,0.012199894977339927,0.0004708322282710002
URBAN_MACROCELL,28.0,6,1609.5,1877.75,30,0.010264464091825656,0.009537878808678932,0.010991049374972379,0.010326616639291578,-6.215254746592264e-05
URBAN_MACROCELL,28.0,7,1877.75,2146.0,30,0.008579124579124579,0.007953141403340283,0.009205107754908874,0.008948791363122039,-0.0003696667839974601
URBAN_MACROCELL,28.0,8,2146.0,2414.25,30,0.00839554449579334,0.007845204874327208,0.008945884117259472,0.0078951136129031,0.0005004308828902397
URBAN_MACROCELL,28.0,9,2414.25,2682.5,30,0.006959064327485381,0.006542481840814928,0.0073756468141558335,0.007063403880107551,-0.00010433955262217041
URBAN_MICROCELL,2.38,0,0.0,72.5,30,0.5572431077694235,0.5348992194692852,0.5795869960695619,0.5671100751517248,-0.009866967382301306
URBAN_MICROCELL,2.38,1,72.5,145.0,30,0.2095799180327869,0.19747793729872032,0.22168189876685346,0.20794125216861442,0.0016386658641724672
URBAN_MICROCELL,2.38,2,145.0,217.5,30,0.10621756487025948,0.101128537359177,0.11130659238134195,0.10591314262934773,0.0003044222409117475
URBAN_MICROCELL,2.38,3,217.5,290.0,30,0.07085149665794828,0.06750050593722394,0.07420248737867262,0.07185223157039212,-0.0010007349124438458
URBAN_MICROCELL,2.38,4,290.0,362.5,30,0.05309507904698285,0.05037272334753601,0.055817434746429695,0.05530597033034394,-0.002210891283361091
URBAN_MICROCELL,2.38,5,362.5,435.0,30,0.04601790328534515,0.04358317861932701,0.04845262795136329,0.04515645921701337,0.0008614440683317806
URBAN_MICROCELL,2.38,6,435.0,507.5,30,0.03989840235768574,0.03811205646229365,0.04168474825307783,0.038210772466975594,0.0016876298907101475
URBAN_MICROCELL,2.38,7,507.5,580.0,30,0.03373063973063973,0.032041264378573284,0.035420015082706174,0.03311083606038482,0.0006198036702549092
URBAN_MICROCELL,2.38,8,580.0,652.5,30,0.029496978314966227,0.02833375015847524,0.030660206471457212,0.02921196172694151,0.00028501658802471824
URBAN_MICROCELL,2.38,9,652.5,725.0,30,0.02577884104199894,0.024558966988907343,0.026998715095090536,0.026134599892403146,-0.00035575885040420654
URBAN_MICROCELL,3.5,0,0.0,72.5,30,0.5670175438596491,0.5407443412862192,0.593290746433079,0.5671100751517248,-9.253129207575927e-05
URBAN_MICROCELL,3.5,1,72.5,145.0,30,0.20611338797814208,0.19333544849713702,0.21889132745914713,0.20794125216861442,-0.0018278641904723447
URBAN_MICROCELL,3.5,2,145.0,217.5,30,0.10792415169660678,0.10214471724810316,0.1137035861451104,0.10591314262934773,0.0020110090672590536
URBAN_MICROCELL,3.5,3,217.5,290.0,30,0.0738084859052601,0.06988377152492117,0.07773320028559902,0.07185223157039212,0.001956254334867971
URBAN_MICROCELL,3.5,4,290.0,362.5,30,0.05728679581384992,0.053202839234899185,0.061370752392800654,0.05530597033034394,0.001980825483505977
URBAN_MICROCELL,3.5,5,362.5,435.0,30,0.045588778146917676,0.043249479059474384,0.04792807723436097,0.04515645921701337,0.0004323189299043073
URBAN_MICROCELL,3.5,6,435.0,507.5,30,0.037211105940747634,0.03591649993152899,0.03850571194996628,0.038210772466975594,-0.0009996665262279603
URBAN_MICROCELL,3.5,7,507.5,580.0,30,0.03248821548821549,0.030782122850316933,0.03419430812611404,0.03311083606038482,-0.0006226205721693301
URBAN_MICROCELL,3.5,8,580.0,652.5,30,0.028590472804834694,0.027468328119493138,0.02971261749017625,0.02921196172694151,-0.0006214889221068144
URBAN_MICROCELL,3.5,9,652.5,725.0,30,0.0256140350877193,0.024391320384346733,0.02683674979109187,0.026134599892403146,-0.000520564804683845
URBAN_MICROCELL,4.9,0,0.0,72.5,30,0.5872681704260653,0.5641461265939219,0.6103902142582086,0.5671100751517248,0.020158095274340426
URBAN_MICROCELL,4.9,1,72.5,145.0,30,0.20725751366120218,0.19632356462234665,0.2181914627000577,0.20794125216861442,-0.0006837385074122404
URBAN_MICROCELL,4.9,2,145.0,217.5,30,0.1044311377245509,0.09884867854236873,0.11001359690673307,0.10591314262934773,-0.0014820049047968298
URBAN_MICROCELL,4.9,3,217.5,290.0,30,0.06997965707643126,0.06657980926991094,0.07337950488295159,0.07185223157039212,-0.0018725744939608602
URBAN_MICROCELL,4.9,4,290.0,362.5,30,0.05374081496325985,0.050947017082473775,0.05653461284404593,0.05530597033034394,-0.001565155367084091
URBAN_MICROCELL,4.9,5,362.5,435.0,30,0.04324935400516796,0.041567299189178716,0.044931408821157204,0.04515645921701337,-0.0019071052118454085
URBAN_MICROCELL,4.9,6,435.0,507.5,30,0.03782767178532651,0.03604637432463679,0.039608969246016236,0.038210772466975594,-0.00038310068164908173
URBAN_MICROCELL,4.9,7,507.5,580.0,30,0.034744107744107744,0.03261531291047493,0.036872902577740556,0.03311083606038482,0.0016332716837229241
URBAN_MICROCELL,4.9,8,580.0,652.5,30,0.02925109610143382,0.02767913660309952,0.03082305559976812,0.02921196172694151,3.913437449231186e-05
URBAN_MICROCELL,4.9,9,652.5,725.0,30,0.02675172780435938,0.025587964774823425,0.027915490833895336,0.026134599892403146,0.0006171279119562348
URBAN_MICROCELL,26.0,0,0.0,72.5,30,0.5732832080200502,0.5469584323614031,0.5996079836786973,0.5671100751517248,0.006173132868325326
URBAN_MICROCELL,26.0,1,72.5,145.0,30,0.21176571038251366,0.19978053768530296,0.22375088307972435,0.20794125216861442,0.0038244582138992345
URBAN_MICROCELL,26.0,2,145.0,217.5,30,0.10521956087824352,0.09898226191911562,0.11145685983737143,0.10591314262934773,-0.0006935817511042053
URBAN_MICROCELL,26.0,3,217.5,290.0,30,0.07367044463818657,0.06938684632481805,0.0779540429515551,0.07185223157039212,0.0018182130677944497
URBAN_MICROCELL,26.0,4,290.0,362.5,30,0.0557893564907593,0.0530056303565448,0.0585730826249738,0.05530597033034394,0.0004833861604153569
URBAN_MICROCELL,26.0,5,362.5,435.0,30,0.04381690660760428,0.0411833480364973,0.046450465178711264,0.04515645921701337,-0.0013395526094090865
URBAN_MICROCELL,26.0,6,435.0,507.5,30,0.03716069489685125,0.035510478615588696,0.0388109111781138,0.038210772466975594,-0.001050077570124347
URBAN_MICROCELL,26.0,7,507.5,580.0,30,0.03371043771043771,0.03202472513103157,0.03539615028984385,0.03311083606038482,0.0005996016500528917
URBAN_MICROCELL,26.0,8,580.0,652.5,30,0.028554923569143263,0.02765355632984009,0.029456290808446438,0.02921196172694151,-0.0006570381577982454
URBAN_MICROCELL,26.0,9,652.5,725.0,30,0.02598086124401914,0.024960272942130574,0.027001449545907705,0.026134599892403146,-0.0001537386483840067
URBAN_MICROCELL,28.0,0,0.0,72.5,30,0.5615037593984963,0.5406274928043556,0.5823800259926369,0.5671100751517248,-0.0056063157532285635
URBAN_MICROCELL,28.0,1,72.5,145.0,30,0.20332991803278688,0.19259904592864516,0.2140607901369286,0.20794125216861442,-0.004611334135827538
URBAN_MICROCELL,28.0,2,145.0,217.5,30,0.10524950099800398,0.09959292785786929,0.11090607413813867,0.10591314262934773,-0.0006636416313437477
URBAN_MICROCELL,28.0,3,217.5,290.0,30,0.07445510026155187,0.06999114474441724,0.0789190557786865,0.07185223157039212,0.0026028686911597487
URBAN_MICROCELL,28.0,4,290.0,362.5,30,0.05768203072812292,0.054529834238936814,0.06083422721730902,0.05530597033034394,0.0023760603977789757
URBAN_MICROCELL,28.0,5,362.5,435.0,30,0.04291712809154669,0.04063996988044519,0.0451942863026482,0.04515645921701337,-0.002239331125466676
URBAN_MICROCELL,28.0,6,435.0,507.5,30,0.037691949744067005,0.03581420045424434,0.03956969903388967,0.038210772466975594,-0.0005188227229085893
URBAN_MICROCELL,28.0,7,507.5,580.0,30,0.03392929292929293,0.03203954836945933,0.03581903748912652,0.03311083606038482,0.0008184568689081073
URBAN_MICROCELL,28.0,8,580.0,652.5,30,0.030160564047872974,0.028508467155226452,0.031812660940519495,0.02921196172694151,0.0009486023209314652
URBAN_MICROCELL,28.0,9,652.5,725.0,30,0.024710260499734182,0.023805593911567082,0.025614927087901283,0.026134599892403146,-0.0014243393926689635
