grid,ues,time_mode,frequency_mode,reranking,decisions_per_tti,us_per_tti,us_per_tti_p50,us_per_tti_p95,us_per_tti_p99,deadline_miss_pct,dl_total_mbps,ul_total_mbps,dl_jain,ul_jain,dl_max_service_gap_ttis,ul_max_service_gap_ttis
20mhz_mu1,64,localized,grouped,none,6,139.171,139.171,220.483,290.506,0.0,66.467,29.412,0.99912,0.99928,102,179
20mhz_mu1,64,localized,grouped,allocation_unit,6,141.465,141.465,217.674,279.382,0.0,66.474,36.979,0.9999,0.99995,19,42
20mhz_mu1,64,distributed,per_rb,none,100,676.693,676.693,1092.548,1347.415,9.5,69.239,26.582,0.99911,0.99977,106,104
20mhz_mu1,64,distributed,per_rb,allocation_unit,100,736.826,736.826,1165.431,1358.822,13.0,69.235,38.491,1.0,1.0,15,38
100mhz_mu1,64,localized,grouped,none,17,216.39,216.39,358.777,403.643,0.0,376.638,93.92,0.99913,0.99936,103,179
100mhz_mu1,64,localized,grouped,allocation_unit,17,269.525,269.525,433.998,497.494,0.0,376.745,208.456,1.0,1.0,13,21
100mhz_mu1,64,distributed,per_rb,none,546,4166.285,4166.285,5882.609,6477.855,100.0,378.033,72.909,0.99928,0.99969,112,164
100mhz_mu1,64,distributed,per_rb,allocation_unit,546,5038.095,5038.095,7316.474,8329.584,100.0,378.043,205.951,0.99998,0.99998,48,88
400mhz_mu3,64,localized,grouped,none,15,258.164,258.164,385.235,444.708,0.0,1240.33,169.205,0.99952,0.99869,83,115
400mhz_mu3,64,localized,grouped,allocation_unit,15,320.52,320.52,486.307,583.33,0.0,1240.38,527.522,1.0,1.0,22,24
400mhz_mu3,64,distributed,per_rb,none,2000,13391.65,13391.65,15748.515,16882.134,100.0,1228.25,121.743,0.99984,0.99945,83,167
400mhz_mu3,64,distributed,per_rb,allocation_unit,2000,15259.0,15259.0,18199.92,19276.74,100.0,1228.27,592.649,0.99999,0.99998,56,153
