grid,ues,time_mode,frequency_mode,reranking,decisions_per_tti,us_per_tti,dl_total_mbps,ul_total_mbps,dl_jain,ul_jain,dl_max_service_gap_ttis,ul_max_service_gap_ttis
20mhz_mu1,16,localized,grouped,none,6,10125.4,53.561,32.653,0.94998,0.9292,24,45
20mhz_mu1,16,localized,grouped,allocation_unit,6,10093.8,52.876,32.653,0.99886,0.99599,6,9
20mhz_mu1,16,localized,per_rb,none,50,10346.5,55.872,34.004,0.95143,0.9141,24,45
20mhz_mu1,16,localized,per_rb,allocation_unit,50,10457.4,55.615,34.004,0.99963,0.99894,2,5
20mhz_mu1,16,distributed,grouped,none,12,10104.6,53.56,32.651,0.94997,0.92921,24,45
20mhz_mu1,16,distributed,grouped,allocation_unit,12,10580.5,53.731,32.651,0.99918,0.9993,4,5
20mhz_mu1,16,distributed,per_rb,none,100,10403.9,55.85,33.992,0.96059,0.93628,25,45
20mhz_mu1,16,distributed,per_rb,allocation_unit,100,11265,55.551,33.992,0.99956,0.99953,2,4
20mhz_mu1,64,localized,grouped,none,6,39853.9,52.876,32.653,0.4432,0.27705,47,47
20mhz_mu1,64,localized,grouped,allocation_unit,6,39498.8,53.561,32.653,0.97944,0.94223,19,42
20mhz_mu1,64,localized,per_rb,none,50,41345,55.486,34.004,0.44787,0.27702,47,47
20mhz_mu1,64,localized,per_rb,allocation_unit,50,40582.2,55.572,34.004,0.99439,0.97028,13,21
20mhz_mu1,64,distributed,grouped,none,12,40666,53.56,32.651,0.45047,0.27705,47,47
20mhz_mu1,64,distributed,grouped,allocation_unit,12,37224.6,53.218,32.651,0.99451,0.99412,10,25
20mhz_mu1,64,distributed,per_rb,none,100,41245,55.636,33.992,0.47524,0.27704,47,47
20mhz_mu1,64,distributed,per_rb,allocation_unit,100,38881.8,55.893,33.992,0.99601,0.9876,17,15
100mhz_mu1,16,localized,grouped,none,17,9902.86,303.177,176.309,0.94675,0.91771,25,45
100mhz_mu1,16,localized,grouped,allocation_unit,17,10079.7,301.808,185.033,0.99963,0.99943,3,5
100mhz_mu1,16,localized,per_rb,none,273,10568.1,303.971,172.602,0.94519,0.86086,33,45
100mhz_mu1,16,localized,per_rb,allocation_unit,273,13173.1,304.955,180.709,0.98411,0.93908,3,4
100mhz_mu1,16,distributed,grouped,none,34,10580.5,304.196,176.327,0.94725,0.94196,25,45
100mhz_mu1,16,distributed,grouped,allocation_unit,34,10463.3,303.511,185.033,0.9998,0.99983,2,4
100mhz_mu1,16,distributed,per_rb,none,546,10951.8,304.72,174.398,0.9534,0.93512,29,38
100mhz_mu1,16,distributed,per_rb,allocation_unit,546,15062.9,305.084,180.955,0.99454,0.91434,12,26
100mhz_mu1,64,localized,grouped,none,17,37556.3,303.177,176.93,0.45,0.2753,47,47
100mhz_mu1,64,localized,grouped,allocation_unit,17,37637.6,303.862,185.033,0.99473,0.99308,11,21
100mhz_mu1,64,localized,per_rb,none,273,39309.3,304.399,175.359,0.45014,0.27409,47,47
100mhz_mu1,64,localized,per_rb,allocation_unit,273,44552.2,304.271,180.616,0.60009,0.43461,16,28
100mhz_mu1,64,distributed,grouped,none,34,37519.9,302.826,179.824,0.44949,0.2989,47,47
100mhz_mu1,64,distributed,grouped,allocation_unit,34,37438.2,301.457,185.033,0.99847,0.99451,9,15
100mhz_mu1,64,distributed,per_rb,none,546,42514.3,304.806,175.659,0.44665,0.27152,47,47
100mhz_mu1,64,distributed,per_rb,allocation_unit,546,44337.5,304.549,181.468,0.53777,0.37184,26,39
400mhz_mu3,16,localized,grouped,none,15,10176.7,1109.92,472.64,0.99066,0.96753,25,32
400mhz_mu3,16,localized,grouped,allocation_unit,15,9615.22,1109.92,614.082,0.99956,0.99976,1,1
400mhz_mu3,16,localized,per_rb,none,250,11070.5,1154.09,459.705,0.96713,0.92862,15,15
400mhz_mu3,16,localized,per_rb,allocation_unit,250,13973,1154.4,473.98,0.97113,0.94267,0,1
400mhz_mu3,16,distributed,grouped,none,120,10290.6,1106.48,462.394,0.99067,0.99389,25,18
400mhz_mu3,16,distributed,grouped,allocation_unit,120,9789.86,1108.54,593.141,0.99948,0.99772,1,3
400mhz_mu3,16,distributed,per_rb,none,2000,14541.5,1154.57,462.31,0.97498,0.95306,20,35
400mhz_mu3,16,distributed,per_rb,allocation_unit,2000,27968.1,1154.64,463.538,0.9752,0.95405,1,4
400mhz_mu3,64,localized,grouped,none,15,39877,1107.47,472.156,0.62515,0.54719,47,47
400mhz_mu3,64,localized,grouped,allocation_unit,15,37492,1100.14,591.638,0.98747,0.93892,24,27
400mhz_mu3,64,localized,per_rb,none,250,40200.9,1153.48,463.624,0.62511,0.54508,47,47
400mhz_mu3,64,localized,per_rb,allocation_unit,250,43808.2,1154.55,535.938,0.7515,0.71254,0,1
400mhz_mu3,64,distributed,grouped,none,120,41201.4,1108.15,457.243,0.62545,0.89931,47,44
400mhz_mu3,64,distributed,grouped,allocation_unit,120,39219.1,1111.57,605.791,0.99544,0.98509,10,31
400mhz_mu3,64,distributed,per_rb,none,2000,44258.1,1155.45,463.86,0.47573,0.24987,47,47
400mhz_mu3,64,distributed,per_rb,allocation_unit,2000,61345.9,1155.41,471.788,0.49166,0.26593,1,4
