case,repeat,warmup_steps,steps,us_per_tti
20mhz_mu1_n1_t1_f0_none,0,20,100,39.3193
20mhz_mu1_n1_t1_f0_none,1,20,100,36.8221
20mhz_mu1_n1_t1_f0_none,2,20,100,38.9208
20mhz_mu1_n1_t1_f0_none,3,20,100,36.8854
20mhz_mu1_n1_t1_f0_none,4,20,100,36.5565
20mhz_mu1_n1_t1_f0_none,5,20,100,36.1666
20mhz_mu1_n1_t1_f0_none,6,20,100,32.4336
20mhz_mu1_n1_t1_f0_none,7,20,100,37.0871
20mhz_mu1_n1_t1_f0_none,8,20,100,30.7118
20mhz_mu1_n1_t1_f0_none,9,20,100,40.0357
20mhz_mu1_n1_t1_f0_allocation_unit,0,20,100,36.63
20mhz_mu1_n1_t1_f0_allocation_unit,1,20,100,37.4474
20mhz_mu1_n1_t1_f0_allocation_unit,2,20,100,33.8981
20mhz_mu1_n1_t1_f0_allocation_unit,3,20,100,40.3536
20mhz_mu1_n1_t1_f0_allocation_unit,4,20,100,34.5253
20mhz_mu1_n1_t1_f0_allocation_unit,5,20,100,36.288
20mhz_mu1_n1_t1_f0_allocation_unit,6,20,100,33.8472
20mhz_mu1_n1_t1_f0_allocation_unit,7,20,100,35.0758
20mhz_mu1_n1_t1_f0_allocation_unit,8,20,100,38.5132
20mhz_mu1_n1_t1_f0_allocation_unit,9,20,100,38.2399
20mhz_mu1_n1_t0_f1_none,0,20,100,111.583
20mhz_mu1_n1_t0_f1_none,1,20,100,99.565
20mhz_mu1_n1_t0_f1_none,2,20,100,99.6708
20mhz_mu1_n1_t0_f1_none,3,20,100,107.446
20mhz_mu1_n1_t0_f1_none,4,20,100,90.9013
20mhz_mu1_n1_t0_f1_none,5,20,100,110.706
20mhz_mu1_n1_t0_f1_none,6,20,100,91.1465
20mhz_mu1_n1_t0_f1_none,7,20,100,107.285
20mhz_mu1_n1_t0_f1_none,8,20,100,89.6342
20mhz_mu1_n1_t0_f1_none,9,20,100,108.334
20mhz_mu1_n1_t0_f1_allocation_unit,0,20,100,90.1045
20mhz_mu1_n1_t0_f1_allocation_unit,1,20,100,111.432
20mhz_mu1_n1_t0_f1_allocation_unit,2,20,100,91.5989
20mhz_mu1_n1_t0_f1_allocation_unit,3,20,100,112.769
20mhz_mu1_n1_t0_f1_allocation_unit,4,20,100,90.4577
20mhz_mu1_n1_t0_f1_allocation_unit,5,20,100,112.703
20mhz_mu1_n1_t0_f1_allocation_unit,6,20,100,90.2109
20mhz_mu1_n1_t0_f1_allocation_unit,7,20,100,111.736
20mhz_mu1_n1_t0_f1_allocation_unit,8,20,100,88.3082
20mhz_mu1_n1_t0_f1_allocation_unit,9,20,100,91.4706
20mhz_mu1_n16_t1_f0_none,0,20,100,62.2892
20mhz_mu1_n16_t1_f0_none,1,20,100,52.7622
20mhz_mu1_n16_t1_f0_none,2,20,100,61.4862
20mhz_mu1_n16_t1_f0_none,3,20,100,54.7536
20mhz_mu1_n16_t1_f0_none,4,20,100,62.1511
20mhz_mu1_n16_t1_f0_none,5,20,100,51.8935
20mhz_mu1_n16_t1_f0_none,6,20,100,62.1549
20mhz_mu1_n16_t1_f0_none,7,20,100,54.528
20mhz_mu1_n16_t1_f0_none,8,20,100,61.4456
20mhz_mu1_n16_t1_f0_none,9,20,100,52.5816
20mhz_mu1_n16_t1_f0_allocation_unit,0,20,100,62.7948
20mhz_mu1_n16_t1_f0_allocation_unit,1,20,100,52.697
20mhz_mu1_n16_t1_f0_allocation_unit,2,20,100,54.3238
20mhz_mu1_n16_t1_f0_allocation_unit,3,20,100,59.5667
20mhz_mu1_n16_t1_f0_allocation_unit,4,20,100,62.4482
20mhz_mu1_n16_t1_f0_allocation_unit,5,20,100,64.6236
20mhz_mu1_n16_t1_f0_allocation_unit,6,20,100,59.574
20mhz_mu1_n16_t1_f0_allocation_unit,7,20,100,58.5044
20mhz_mu1_n16_t1_f0_allocation_unit,8,20,100,66.4441
20mhz_mu1_n16_t1_f0_allocation_unit,9,20,100,64.1158
20mhz_mu1_n16_t0_f1_none,0,20,100,259.33
20mhz_mu1_n16_t0_f1_none,1,20,100,257.677
20mhz_mu1_n16_t0_f1_none,2,20,100,261.257
20mhz_mu1_n16_t0_f1_none,3,20,100,252.307
20mhz_mu1_n16_t0_f1_none,4,20,100,258.046
20mhz_mu1_n16_t0_f1_none,5,20,100,263.325
20mhz_mu1_n16_t0_f1_none,6,20,100,237.755
20mhz_mu1_n16_t0_f1_none,7,20,100,265.157
20mhz_mu1_n16_t0_f1_none,8,20,100,270.994
20mhz_mu1_n16_t0_f1_none,9,20,100,256.305
20mhz_mu1_n16_t0_f1_allocation_unit,0,20,100,291.161
20mhz_mu1_n16_t0_f1_allocation_unit,1,20,100,310.294
20mhz_mu1_n16_t0_f1_allocation_unit,2,20,100,290.064
20mhz_mu1_n16_t0_f1_allocation_unit,3,20,100,303.646
20mhz_mu1_n16_t0_f1_allocation_unit,4,20,100,294.815
20mhz_mu1_n16_t0_f1_allocation_unit,5,20,100,305.44
20mhz_mu1_n16_t0_f1_allocation_unit,6,20,100,291.348
20mhz_mu1_n16_t0_f1_allocation_unit,7,20,100,295.649
20mhz_mu1_n16_t0_f1_allocation_unit,8,20,100,297.202
20mhz_mu1_n16_t0_f1_allocation_unit,9,20,100,307.902
20mhz_mu1_n64_t1_f0_none,0,20,100,148.771
20mhz_mu1_n64_t1_f0_none,1,20,100,148.753
20mhz_mu1_n64_t1_f0_none,2,20,100,146.023
20mhz_mu1_n64_t1_f0_none,3,20,100,141.585
20mhz_mu1_n64_t1_f0_none,4,20,100,121.165
20mhz_mu1_n64_t1_f0_none,5,20,100,133.394
20mhz_mu1_n64_t1_f0_none,6,20,100,126.63
20mhz_mu1_n64_t1_f0_none,7,20,100,136.618
20mhz_mu1_n64_t1_f0_none,8,20,100,142.843
20mhz_mu1_n64_t1_f0_none,9,20,100,120.472
20mhz_mu1_n64_t1_f0_allocation_unit,0,20,100,132.82
20mhz_mu1_n64_t1_f0_allocation_unit,1,20,100,132.949
20mhz_mu1_n64_t1_f0_allocation_unit,2,20,100,127.585
20mhz_mu1_n64_t1_f0_allocation_unit,3,20,100,146.81
20mhz_mu1_n64_t1_f0_allocation_unit,4,20,100,153.332
20mhz_mu1_n64_t1_f0_allocation_unit,5,20,100,140.962
20mhz_mu1_n64_t1_f0_allocation_unit,6,20,100,143.937
20mhz_mu1_n64_t1_f0_allocation_unit,7,20,100,135.416
20mhz_mu1_n64_t1_f0_allocation_unit,8,20,100,136.762
20mhz_mu1_n64_t1_f0_allocation_unit,9,20,100,138.719
20mhz_mu1_n64_t0_f1_none,0,20,100,739.393
20mhz_mu1_n64_t0_f1_none,1,20,100,702.061
20mhz_mu1_n64_t0_f1_none,2,20,100,741.424
20mhz_mu1_n64_t0_f1_none,3,20,100,697.523
20mhz_mu1_n64_t0_f1_none,4,20,100,723.309
20mhz_mu1_n64_t0_f1_none,5,20,100,807.14
20mhz_mu1_n64_t0_f1_none,6,20,100,713.699
20mhz_mu1_n64_t0_f1_none,7,20,100,671.13
20mhz_mu1_n64_t0_f1_none,8,20,100,701.173
20mhz_mu1_n64_t0_f1_none,9,20,100,786.631
20mhz_mu1_n64_t0_f1_allocation_unit,0,20,100,761.693
20mhz_mu1_n64_t0_f1_allocation_unit,1,20,100,871.442
20mhz_mu1_n64_t0_f1_allocation_unit,2,20,100,835.394
20mhz_mu1_n64_t0_f1_allocation_unit,3,20,100,881.816
20mhz_mu1_n64_t0_f1_allocation_unit,4,20,100,826.33
20mhz_mu1_n64_t0_f1_allocation_unit,5,20,100,727.898
20mhz_mu1_n64_t0_f1_allocation_unit,6,20,100,812.469
20mhz_mu1_n64_t0_f1_allocation_unit,7,20,100,903.327
20mhz_mu1_n64_t0_f1_allocation_unit,8,20,100,838.437
20mhz_mu1_n64_t0_f1_allocation_unit,9,20,100,782.502
20mhz_mu1_n256_t1_f0_none,0,20,100,501.437
20mhz_mu1_n256_t1_f0_none,1,20,100,467.893
20mhz_mu1_n256_t1_f0_none,2,20,100,414.169
20mhz_mu1_n256_t1_f0_none,3,20,100,427.704
20mhz_mu1_n256_t1_f0_none,4,20,100,396.398
20mhz_mu1_n256_t1_f0_none,5,20,100,428.045
20mhz_mu1_n256_t1_f0_none,6,20,100,421.684
20mhz_mu1_n256_t1_f0_none,7,20,100,423.144
20mhz_mu1_n256_t1_f0_none,8,20,100,424.656
20mhz_mu1_n256_t1_f0_none,9,20,100,428.796
20mhz_mu1_n256_t1_f0_allocation_unit,0,20,100,458.58
20mhz_mu1_n256_t1_f0_allocation_unit,1,20,100,489.507
20mhz_mu1_n256_t1_f0_allocation_unit,2,20,100,460.191
20mhz_mu1_n256_t1_f0_allocation_unit,3,20,100,449.393
20mhz_mu1_n256_t1_f0_allocation_unit,4,20,100,439.558
20mhz_mu1_n256_t1_f0_allocation_unit,5,20,100,475.81
20mhz_mu1_n256_t1_f0_allocation_unit,6,20,100,655.901
20mhz_mu1_n256_t1_f0_allocation_unit,7,20,100,428.989
20mhz_mu1_n256_t1_f0_allocation_unit,8,20,100,526.662
20mhz_mu1_n256_t1_f0_allocation_unit,9,20,100,408.152
20mhz_mu1_n256_t0_f1_none,0,20,100,2964.4
20mhz_mu1_n256_t0_f1_none,1,20,100,3007.62
20mhz_mu1_n256_t0_f1_none,2,20,100,2811.73
20mhz_mu1_n256_t0_f1_none,3,20,100,2959.13
20mhz_mu1_n256_t0_f1_none,4,20,100,2955.83
20mhz_mu1_n256_t0_f1_none,5,20,100,3015.16
20mhz_mu1_n256_t0_f1_none,6,20,100,2877.71
20mhz_mu1_n256_t0_f1_none,7,20,100,2942.51
20mhz_mu1_n256_t0_f1_none,8,20,100,2939.92
20mhz_mu1_n256_t0_f1_none,9,20,100,2975.29
20mhz_mu1_n256_t0_f1_allocation_unit,0,20,100,2979.37
20mhz_mu1_n256_t0_f1_allocation_unit,1,20,100,3069.02
20mhz_mu1_n256_t0_f1_allocation_unit,2,20,100,2930.41
20mhz_mu1_n256_t0_f1_allocation_unit,3,20,100,3000.17
20mhz_mu1_n256_t0_f1_allocation_unit,4,20,100,2977.04
20mhz_mu1_n256_t0_f1_allocation_unit,5,20,100,3068.63
20mhz_mu1_n256_t0_f1_allocation_unit,6,20,100,3106.22
20mhz_mu1_n256_t0_f1_allocation_unit,7,20,100,3036.79
20mhz_mu1_n256_t0_f1_allocation_unit,8,20,100,2784.66
20mhz_mu1_n256_t0_f1_allocation_unit,9,20,100,2989.42
100mhz_mu1_n1_t1_f0_none,0,20,100,43.5524
100mhz_mu1_n1_t1_f0_none,1,20,100,44.3159
100mhz_mu1_n1_t1_f0_none,2,20,100,40.6072
100mhz_mu1_n1_t1_f0_none,3,20,100,44.4462
100mhz_mu1_n1_t1_f0_none,4,20,100,39.5656
100mhz_mu1_n1_t1_f0_none,5,20,100,50.9707
100mhz_mu1_n1_t1_f0_none,6,20,100,40.0885
100mhz_mu1_n1_t1_f0_none,7,20,100,50.3587
100mhz_mu1_n1_t1_f0_none,8,20,100,40.3157
100mhz_mu1_n1_t1_f0_none,9,20,100,40.8355
100mhz_mu1_n1_t1_f0_allocation_unit,0,20,100,41.1821
100mhz_mu1_n1_t1_f0_allocation_unit,1,20,100,45.4943
100mhz_mu1_n1_t1_f0_allocation_unit,2,20,100,42.1155
100mhz_mu1_n1_t1_f0_allocation_unit,3,20,100,44.6489
100mhz_mu1_n1_t1_f0_allocation_unit,4,20,100,43.7501
100mhz_mu1_n1_t1_f0_allocation_unit,5,20,100,44.1281
100mhz_mu1_n1_t1_f0_allocation_unit,6,20,100,42.4816
100mhz_mu1_n1_t1_f0_allocation_unit,7,20,100,41.8611
100mhz_mu1_n1_t1_f0_allocation_unit,8,20,100,50.3036
100mhz_mu1_n1_t1_f0_allocation_unit,9,20,100,41.5262
100mhz_mu1_n1_t0_f1_none,0,20,100,684.392
100mhz_mu1_n1_t0_f1_none,1,20,100,698.283
100mhz_mu1_n1_t0_f1_none,2,20,100,736.184
100mhz_mu1_n1_t0_f1_none,3,20,100,750.073
100mhz_mu1_n1_t0_f1_none,4,20,100,685.617
100mhz_mu1_n1_t0_f1_none,5,20,100,812.002
100mhz_mu1_n1_t0_f1_none,6,20,100,697.475
100mhz_mu1_n1_t0_f1_none,7,20,100,687.802
100mhz_mu1_n1_t0_f1_none,8,20,100,678.742
100mhz_mu1_n1_t0_f1_none,9,20,100,698.256
100mhz_mu1_n1_t0_f1_allocation_unit,0,20,100,747.295
100mhz_mu1_n1_t0_f1_allocation_unit,1,20,100,709.649
100mhz_mu1_n1_t0_f1_allocation_unit,2,20,100,695.196
100mhz_mu1_n1_t0_f1_allocation_unit,3,20,100,749.87
100mhz_mu1_n1_t0_f1_allocation_unit,4,20,100,709.745
100mhz_mu1_n1_t0_f1_allocation_unit,5,20,100,774.758
100mhz_mu1_n1_t0_f1_allocation_unit,6,20,100,678.844
100mhz_mu1_n1_t0_f1_allocation_unit,7,20,100,726.172
100mhz_mu1_n1_t0_f1_allocation_unit,8,20,100,682.591
100mhz_mu1_n1_t0_f1_allocation_unit,9,20,100,799.929
100mhz_mu1_n16_t1_f0_none,0,20,100,83.629
100mhz_mu1_n16_t1_f0_none,1,20,100,90.8155
100mhz_mu1_n16_t1_f0_none,2,20,100,92.5042
100mhz_mu1_n16_t1_f0_none,3,20,100,85.5877
100mhz_mu1_n16_t1_f0_none,4,20,100,91.5813
100mhz_mu1_n16_t1_f0_none,5,20,100,87.001
100mhz_mu1_n16_t1_f0_none,6,20,100,91.0468
100mhz_mu1_n16_t1_f0_none,7,20,100,86.3577
100mhz_mu1_n16_t1_f0_none,8,20,100,90.2166
100mhz_mu1_n16_t1_f0_none,9,20,100,85.8312
100mhz_mu1_n16_t1_f0_allocation_unit,0,20,100,97.9086
100mhz_mu1_n16_t1_f0_allocation_unit,1,20,100,92.3546
100mhz_mu1_n16_t1_f0_allocation_unit,2,20,100,100.763
100mhz_mu1_n16_t1_f0_allocation_unit,3,20,100,97.5868
100mhz_mu1_n16_t1_f0_allocation_unit,4,20,100,99.2543
100mhz_mu1_n16_t1_f0_allocation_unit,5,20,100,95.4981
100mhz_mu1_n16_t1_f0_allocation_unit,6,20,100,100.98
100mhz_mu1_n16_t1_f0_allocation_unit,7,20,100,93.4109
100mhz_mu1_n16_t1_f0_allocation_unit,8,20,100,95.6979
100mhz_mu1_n16_t1_f0_allocation_unit,9,20,100,92.9639
100mhz_mu1_n16_t0_f1_none,0,20,100,1334.56
100mhz_mu1_n16_t0_f1_none,1,20,100,1359.57
100mhz_mu1_n16_t0_f1_none,2,20,100,1516.19
100mhz_mu1_n16_t0_f1_none,3,20,100,1551.82
100mhz_mu1_n16_t0_f1_none,4,20,100,1441.42
100mhz_mu1_n16_t0_f1_none,5,20,100,1380.15
100mhz_mu1_n16_t0_f1_none,6,20,100,1374.2
100mhz_mu1_n16_t0_f1_none,7,20,100,1400.2
100mhz_mu1_n16_t0_f1_none,8,20,100,1357.75
100mhz_mu1_n16_t0_f1_none,9,20,100,1372.22
100mhz_mu1_n16_t0_f1_allocation_unit,0,20,100,1481.8
100mhz_mu1_n16_t0_f1_allocation_unit,1,20,100,1417.92
100mhz_mu1_n16_t0_f1_allocation_unit,2,20,100,1484.87
100mhz_mu1_n16_t0_f1_allocation_unit,3,20,100,1494.11
100mhz_mu1_n16_t0_f1_allocation_unit,4,20,100,1628.69
100mhz_mu1_n16_t0_f1_allocation_unit,5,20,100,1461.39
100mhz_mu1_n16_t0_f1_allocation_unit,6,20,100,1482.34
100mhz_mu1_n16_t0_f1_allocation_unit,7,20,100,1417.57
100mhz_mu1_n16_t0_f1_allocation_unit,8,20,100,1373.69
100mhz_mu1_n16_t0_f1_allocation_unit,9,20,100,1417.97
100mhz_mu1_n64_t1_f0_none,0,20,100,227.714
100mhz_mu1_n64_t1_f0_none,1,20,100,254.324
100mhz_mu1_n64_t1_f0_none,2,20,100,262.267
100mhz_mu1_n64_t1_f0_none,3,20,100,242.923
100mhz_mu1_n64_t1_f0_none,4,20,100,265.004
100mhz_mu1_n64_t1_f0_none,5,20,100,264.663
100mhz_mu1_n64_t1_f0_none,6,20,100,240.276
100mhz_mu1_n64_t1_f0_none,7,20,100,250.273
100mhz_mu1_n64_t1_f0_none,8,20,100,265.248
100mhz_mu1_n64_t1_f0_none,9,20,100,242.271
100mhz_mu1_n64_t1_f0_allocation_unit,0,20,100,256.018
100mhz_mu1_n64_t1_f0_allocation_unit,1,20,100,253.409
100mhz_mu1_n64_t1_f0_allocation_unit,2,20,100,269.09
100mhz_mu1_n64_t1_f0_allocation_unit,3,20,100,293.113
100mhz_mu1_n64_t1_f0_allocation_unit,4,20,100,269.87
100mhz_mu1_n64_t1_f0_allocation_unit,5,20,100,268.503
100mhz_mu1_n64_t1_f0_allocation_unit,6,20,100,285.628
100mhz_mu1_n64_t1_f0_allocation_unit,7,20,100,257.285
100mhz_mu1_n64_t1_f0_allocation_unit,8,20,100,250.521
100mhz_mu1_n64_t1_f0_allocation_unit,9,20,100,273.144
100mhz_mu1_n64_t0_f1_none,0,20,100,4014.54
100mhz_mu1_n64_t0_f1_none,1,20,100,3938.02
100mhz_mu1_n64_t0_f1_none,2,20,100,3936.95
100mhz_mu1_n64_t0_f1_none,3,20,100,4045.13
100mhz_mu1_n64_t0_f1_none,4,20,100,4110.24
100mhz_mu1_n64_t0_f1_none,5,20,100,3996.98
100mhz_mu1_n64_t0_f1_none,6,20,100,3996.77
100mhz_mu1_n64_t0_f1_none,7,20,100,3958.42
100mhz_mu1_n64_t0_f1_none,8,20,100,3921.24
100mhz_mu1_n64_t0_f1_none,9,20,100,3997.91
100mhz_mu1_n64_t0_f1_allocation_unit,0,20,100,4286.74
100mhz_mu1_n64_t0_f1_allocation_unit,1,20,100,4151.45
100mhz_mu1_n64_t0_f1_allocation_unit,2,20,100,4172.02
100mhz_mu1_n64_t0_f1_allocation_unit,3,20,100,4154.65
100mhz_mu1_n64_t0_f1_allocation_unit,4,20,100,4209.15
100mhz_mu1_n64_t0_f1_allocation_unit,5,20,100,4223.82
100mhz_mu1_n64_t0_f1_allocation_unit,6,20,100,4138.7
100mhz_mu1_n64_t0_f1_allocation_unit,7,20,100,4188.86
100mhz_mu1_n64_t0_f1_allocation_unit,8,20,100,4138.69
100mhz_mu1_n64_t0_f1_allocation_unit,9,20,100,4136.48
100mhz_mu1_n256_t1_f0_none,0,20,100,963.212
100mhz_mu1_n256_t1_f0_none,1,20,100,960.861
100mhz_mu1_n256_t1_f0_none,2,20,100,917.446
100mhz_mu1_n256_t1_f0_none,3,20,100,868.686
100mhz_mu1_n256_t1_f0_none,4,20,100,858.752
100mhz_mu1_n256_t1_f0_none,5,20,100,894.44
100mhz_mu1_n256_t1_f0_none,6,20,100,873.24
100mhz_mu1_n256_t1_f0_none,7,20,100,942.083
100mhz_mu1_n256_t1_f0_none,8,20,100,935.089
100mhz_mu1_n256_t1_f0_none,9,20,100,929.026
100mhz_mu1_n256_t1_f0_allocation_unit,0,20,100,950.359
100mhz_mu1_n256_t1_f0_allocation_unit,1,20,100,946.832
100mhz_mu1_n256_t1_f0_allocation_unit,2,20,100,976.934
100mhz_mu1_n256_t1_f0_allocation_unit,3,20,100,959.746
100mhz_mu1_n256_t1_f0_allocation_unit,4,20,100,948.921
100mhz_mu1_n256_t1_f0_allocation_unit,5,20,100,1048.48
100mhz_mu1_n256_t1_f0_allocation_unit,6,20,100,864.344
100mhz_mu1_n256_t1_f0_allocation_unit,7,20,100,878.756
100mhz_mu1_n256_t1_f0_allocation_unit,8,20,100,875.832
100mhz_mu1_n256_t1_f0_allocation_unit,9,20,100,923.191
100mhz_mu1_n256_t0_f1_none,0,20,100,14568.4
100mhz_mu1_n256_t0_f1_none,1,20,100,14243.4
100mhz_mu1_n256_t0_f1_none,2,20,100,14710.3
100mhz_mu1_n256_t0_f1_none,3,20,100,14119
100mhz_mu1_n256_t0_f1_none,4,20,100,13668.5
100mhz_mu1_n256_t0_f1_none,5,20,100,14994.3
100mhz_mu1_n256_t0_f1_none,6,20,100,14719.8
100mhz_mu1_n256_t0_f1_none,7,20,100,14869.5
100mhz_mu1_n256_t0_f1_none,8,20,100,13627.1
100mhz_mu1_n256_t0_f1_none,9,20,100,15149.1
100mhz_mu1_n256_t0_f1_allocation_unit,0,20,100,13905.2
100mhz_mu1_n256_t0_f1_allocation_unit,1,20,100,14964.8
100mhz_mu1_n256_t0_f1_allocation_unit,2,20,100,14405.7
100mhz_mu1_n256_t0_f1_allocation_unit,3,20,100,14313.9
100mhz_mu1_n256_t0_f1_allocation_unit,4,20,100,14216.6
100mhz_mu1_n256_t0_f1_allocation_unit,5,20,100,14792.6
100mhz_mu1_n256_t0_f1_allocation_unit,6,20,100,14643
100mhz_mu1_n256_t0_f1_allocation_unit,7,20,100,15784.8
100mhz_mu1_n256_t0_f1_allocation_unit,8,20,100,16322.1
100mhz_mu1_n256_t0_f1_allocation_unit,9,20,100,15251.8
400mhz_mu3_n1_t1_f0_none,0,20,100,52.1488
400mhz_mu3_n1_t1_f0_none,1,20,100,51.4236
400mhz_mu3_n1_t1_f0_none,2,20,100,55.4816
400mhz_mu3_n1_t1_f0_none,3,20,100,50.5363
400mhz_mu3_n1_t1_f0_none,4,20,100,55.0615
400mhz_mu3_n1_t1_f0_none,5,20,100,50.7127
400mhz_mu3_n1_t1_f0_none,6,20,100,55.1352
400mhz_mu3_n1_t1_f0_none,7,20,100,50.293
400mhz_mu3_n1_t1_f0_none,8,20,100,56.1193
400mhz_mu3_n1_t1_f0_none,9,20,100,72.9264
400mhz_mu3_n1_t1_f0_allocation_unit,0,20,100,50.6373
400mhz_mu3_n1_t1_f0_allocation_unit,1,20,100,54.3041
400mhz_mu3_n1_t1_f0_allocation_unit,2,20,100,51.7106
400mhz_mu3_n1_t1_f0_allocation_unit,3,20,100,50.5849
400mhz_mu3_n1_t1_f0_allocation_unit,4,20,100,51.1462
400mhz_mu3_n1_t1_f0_allocation_unit,5,20,100,51.7101
400mhz_mu3_n1_t1_f0_allocation_unit,6,20,100,50.4
400mhz_mu3_n1_t1_f0_allocation_unit,7,20,100,53.227
400mhz_mu3_n1_t1_f0_allocation_unit,8,20,100,53.0831
400mhz_mu3_n1_t1_f0_allocation_unit,9,20,100,51.7525
400mhz_mu3_n1_t0_f1_none,0,20,100,6270.49
400mhz_mu3_n1_t0_f1_none,1,20,100,5861.01
400mhz_mu3_n1_t0_f1_none,2,20,100,5695.34
400mhz_mu3_n1_t0_f1_none,3,20,100,5988.45
400mhz_mu3_n1_t0_f1_none,4,20,100,5937.37
400mhz_mu3_n1_t0_f1_none,5,20,100,5981.47
400mhz_mu3_n1_t0_f1_none,6,20,100,5806.5
400mhz_mu3_n1_t0_f1_none,7,20,100,5228.28
400mhz_mu3_n1_t0_f1_none,8,20,100,5751.46
400mhz_mu3_n1_t0_f1_none,9,20,100,6127.39
400mhz_mu3_n1_t0_f1_allocation_unit,0,20,100,5962.97
400mhz_mu3_n1_t0_f1_allocation_unit,1,20,100,5744.01
400mhz_mu3_n1_t0_f1_allocation_unit,2,20,100,5879.11
400mhz_mu3_n1_t0_f1_allocation_unit,3,20,100,5862.65
400mhz_mu3_n1_t0_f1_allocation_unit,4,20,100,5750.66
400mhz_mu3_n1_t0_f1_allocation_unit,5,20,100,5829.17
400mhz_mu3_n1_t0_f1_allocation_unit,6,20,100,5772.21
400mhz_mu3_n1_t0_f1_allocation_unit,7,20,100,5763.34
400mhz_mu3_n1_t0_f1_allocation_unit,8,20,100,5923.83
400mhz_mu3_n1_t0_f1_allocation_unit,9,20,100,5557.73
400mhz_mu3_n16_t1_f0_none,0,20,100,101.917
400mhz_mu3_n16_t1_f0_none,1,20,100,112.592
400mhz_mu3_n16_t1_f0_none,2,20,100,99.0417
400mhz_mu3_n16_t1_f0_none,3,20,100,105.483
400mhz_mu3_n16_t1_f0_none,4,20,100,100.765
400mhz_mu3_n16_t1_f0_none,5,20,100,101.338
400mhz_mu3_n16_t1_f0_none,6,20,100,114.141
400mhz_mu3_n16_t1_f0_none,7,20,100,93.9657
400mhz_mu3_n16_t1_f0_none,8,20,100,110.078
400mhz_mu3_n16_t1_f0_none,9,20,100,92.877
400mhz_mu3_n16_t1_f0_allocation_unit,0,20,100,115.519
400mhz_mu3_n16_t1_f0_allocation_unit,1,20,100,114.854
400mhz_mu3_n16_t1_f0_allocation_unit,2,20,100,122.948
400mhz_mu3_n16_t1_f0_allocation_unit,3,20,100,112.692
400mhz_mu3_n16_t1_f0_allocation_unit,4,20,100,116.534
400mhz_mu3_n16_t1_f0_allocation_unit,5,20,100,111.622
400mhz_mu3_n16_t1_f0_allocation_unit,6,20,100,123.213
400mhz_mu3_n16_t1_f0_allocation_unit,7,20,100,112.777
400mhz_mu3_n16_t1_f0_allocation_unit,8,20,100,115.453
400mhz_mu3_n16_t1_f0_allocation_unit,9,20,100,118.569
400mhz_mu3_n16_t0_f1_none,0,20,100,5517.18
400mhz_mu3_n16_t0_f1_none,1,20,100,5709.1
400mhz_mu3_n16_t0_f1_none,2,20,100,5527.18
400mhz_mu3_n16_t0_f1_none,3,20,100,5211.24
400mhz_mu3_n16_t0_f1_none,4,20,100,5375.2
400mhz_mu3_n16_t0_f1_none,5,20,100,5473.55
400mhz_mu3_n16_t0_f1_none,6,20,100,5484.74
400mhz_mu3_n16_t0_f1_none,7,20,100,5689.77
400mhz_mu3_n16_t0_f1_none,8,20,100,5553.71
400mhz_mu3_n16_t0_f1_none,9,20,100,5466.04
400mhz_mu3_n16_t0_f1_allocation_unit,0,20,100,5230.52
400mhz_mu3_n16_t0_f1_allocation_unit,1,20,100,5181.21
400mhz_mu3_n16_t0_f1_allocation_unit,2,20,100,5620.73
400mhz_mu3_n16_t0_f1_allocation_unit,3,20,100,5202.4
400mhz_mu3_n16_t0_f1_allocation_unit,4,20,100,5221.96
400mhz_mu3_n16_t0_f1_allocation_unit,5,20,100,4881.8
400mhz_mu3_n16_t0_f1_allocation_unit,6,20,100,5202.26
400mhz_mu3_n16_t0_f1_allocation_unit,7,20,100,5346.94
400mhz_mu3_n16_t0_f1_allocation_unit,8,20,100,5208.22
400mhz_mu3_n16_t0_f1_allocation_unit,9,20,100,5320.1
400mhz_mu3_n64_t1_f0_none,0,20,100,296.165
400mhz_mu3_n64_t1_f0_none,1,20,100,253.447
400mhz_mu3_n64_t1_f0_none,2,20,100,265.469
400mhz_mu3_n64_t1_f0_none,3,20,100,251.704
400mhz_mu3_n64_t1_f0_none,4,20,100,269.013
400mhz_mu3_n64_t1_f0_none,5,20,100,262.586
400mhz_mu3_n64_t1_f0_none,6,20,100,268.911
400mhz_mu3_n64_t1_f0_none,7,20,100,266.026
400mhz_mu3_n64_t1_f0_none,8,20,100,278.483
400mhz_mu3_n64_t1_f0_none,9,20,100,280.478
400mhz_mu3_n64_t1_f0_allocation_unit,0,20,100,285.661
400mhz_mu3_n64_t1_f0_allocation_unit,1,20,100,293.577
400mhz_mu3_n64_t1_f0_allocation_unit,2,20,100,345.739
400mhz_mu3_n64_t1_f0_allocation_unit,3,20,100,307.345
400mhz_mu3_n64_t1_f0_allocation_unit,4,20,100,330.805
400mhz_mu3_n64_t1_f0_allocation_unit,5,20,100,328.461
400mhz_mu3_n64_t1_f0_allocation_unit,6,20,100,298.469
400mhz_mu3_n64_t1_f0_allocation_unit,7,20,100,287.771
400mhz_mu3_n64_t1_f0_allocation_unit,8,20,100,291.524
400mhz_mu3_n64_t1_f0_allocation_unit,9,20,100,285.259
400mhz_mu3_n64_t0_f1_none,0,20,100,11323.2
400mhz_mu3_n64_t0_f1_none,1,20,100,11634.8
400mhz_mu3_n64_t0_f1_none,2,20,100,11765.8
400mhz_mu3_n64_t0_f1_none,3,20,100,11531.7
400mhz_mu3_n64_t0_f1_none,4,20,100,11228.6
400mhz_mu3_n64_t0_f1_none,5,20,100,11843.3
400mhz_mu3_n64_t0_f1_none,6,20,100,10650.2
400mhz_mu3_n64_t0_f1_none,7,20,100,10772.3
400mhz_mu3_n64_t0_f1_none,8,20,100,10533.3
400mhz_mu3_n64_t0_f1_none,9,20,100,11467.2
400mhz_mu3_n64_t0_f1_allocation_unit,0,20,100,10668.8
400mhz_mu3_n64_t0_f1_allocation_unit,1,20,100,10411.8
400mhz_mu3_n64_t0_f1_allocation_unit,2,20,100,10609.6
400mhz_mu3_n64_t0_f1_allocation_unit,3,20,100,10398.5
400mhz_mu3_n64_t0_f1_allocation_unit,4,20,100,10466.6
400mhz_mu3_n64_t0_f1_allocation_unit,5,20,100,10660.8
400mhz_mu3_n64_t0_f1_allocation_unit,6,20,100,10601.3
400mhz_mu3_n64_t0_f1_allocation_unit,7,20,100,10395.6
400mhz_mu3_n64_t0_f1_allocation_unit,8,20,100,10741.6
400mhz_mu3_n64_t0_f1_allocation_unit,9,20,100,10436.7
400mhz_mu3_n256_t1_f0_none,0,20,100,928.321
400mhz_mu3_n256_t1_f0_none,1,20,100,875.082
400mhz_mu3_n256_t1_f0_none,2,20,100,869.935
400mhz_mu3_n256_t1_f0_none,3,20,100,902.44
400mhz_mu3_n256_t1_f0_none,4,20,100,903.308
400mhz_mu3_n256_t1_f0_none,5,20,100,866.041
400mhz_mu3_n256_t1_f0_none,6,20,100,878.556
400mhz_mu3_n256_t1_f0_none,7,20,100,959.218
400mhz_mu3_n256_t1_f0_none,8,20,100,909.012
400mhz_mu3_n256_t1_f0_none,9,20,100,884.991
400mhz_mu3_n256_t1_f0_allocation_unit,0,20,100,963.825
400mhz_mu3_n256_t1_f0_allocation_unit,1,20,100,961.225
400mhz_mu3_n256_t1_f0_allocation_unit,2,20,100,1012.97
400mhz_mu3_n256_t1_f0_allocation_unit,3,20,100,1025.96
400mhz_mu3_n256_t1_f0_allocation_unit,4,20,100,968.85
400mhz_mu3_n256_t1_f0_allocation_unit,5,20,100,932.38
400mhz_mu3_n256_t1_f0_allocation_unit,6,20,100,992.685
400mhz_mu3_n256_t1_f0_allocation_unit,7,20,100,1077.19
400mhz_mu3_n256_t1_f0_allocation_unit,8,20,100,1091.03
400mhz_mu3_n256_t1_f0_allocation_unit,9,20,100,1031.17
400mhz_mu3_n256_t0_f1_none,0,20,100,36792.6
400mhz_mu3_n256_t0_f1_none,1,20,100,35013.2
400mhz_mu3_n256_t0_f1_none,2,20,100,36684
400mhz_mu3_n256_t0_f1_none,3,20,100,34943.1
400mhz_mu3_n256_t0_f1_none,4,20,100,36468.5
400mhz_mu3_n256_t0_f1_none,5,20,100,34983.2
400mhz_mu3_n256_t0_f1_none,6,20,100,35493
400mhz_mu3_n256_t0_f1_none,7,20,100,34342.8
400mhz_mu3_n256_t0_f1_none,8,20,100,35085.4
400mhz_mu3_n256_t0_f1_none,9,20,100,35066
400mhz_mu3_n256_t0_f1_allocation_unit,0,20,100,35532.2
400mhz_mu3_n256_t0_f1_allocation_unit,1,20,100,33330.4
400mhz_mu3_n256_t0_f1_allocation_unit,2,20,100,34637.8
400mhz_mu3_n256_t0_f1_allocation_unit,3,20,100,33856
400mhz_mu3_n256_t0_f1_allocation_unit,4,20,100,33768.8
400mhz_mu3_n256_t0_f1_allocation_unit,5,20,100,33075.2
400mhz_mu3_n256_t0_f1_allocation_unit,6,20,100,36700.8
400mhz_mu3_n256_t0_f1_allocation_unit,7,20,100,33461.9
400mhz_mu3_n256_t0_f1_allocation_unit,8,20,100,35046.3
400mhz_mu3_n256_t0_f1_allocation_unit,9,20,100,34063.9
