grid,ues,time_mode,frequency_mode,reranking,decisions_per_tti,us_per_tti,us_per_tti_p50,us_per_tti_p95,us_per_tti_p99,us_per_tti_max,compute_budget_exceedance_pct,dl_total_mbps,ul_total_mbps,dl_jain,ul_jain,dl_max_service_gap_ttis,ul_max_service_gap_ttis
20mhz_mu1,1,localized,grouped,none,6,34.385,34.385,42.159,48.103,86.873,0.0,66.291,30.018,1,1,1,3
20mhz_mu1,1,localized,grouped,allocation_unit,6,31.559,31.559,39.143,43.533,53.15,0.0,66.291,30.018,1,1,1,3
20mhz_mu1,1,distributed,per_rb,none,100,89.138,89.138,113.491,125.464,146.205,0.0,69.12,26.998,1,1,1,3
20mhz_mu1,1,distributed,per_rb,allocation_unit,100,85.31,85.31,110.677,125.039,139.702,0.0,69.12,26.998,1,1,1,3
20mhz_mu1,16,localized,grouped,none,6,49.358,49.358,65.909,73.357,102.332,0.0,66.291,30.091,0.98699,0.96602,27,48
20mhz_mu1,16,localized,grouped,allocation_unit,6,50.761,50.761,68.27,79.127,105.047,0.0,66.291,37.65,0.99974,0.99857,5,9
20mhz_mu1,16,distributed,per_rb,none,100,197.686,197.686,262.509,307.393,339.437,0.0,69.056,26.967,0.98664,0.98614,26,31
20mhz_mu1,16,distributed,per_rb,allocation_unit,100,248.791,248.791,325.523,360.002,401.323,0.0,69.013,39.039,0.99988,0.99916,2,5
20mhz_mu1,64,localized,grouped,none,6,112.977,112.977,173.614,187.717,205.336,0.0,66.547,29.945,0.93982,0.64396,99,100
20mhz_mu1,64,localized,grouped,allocation_unit,6,112.827,112.827,170.179,191.928,223.128,0.0,66.291,37.467,0.9958,0.9797,18,37
20mhz_mu1,64,distributed,per_rb,none,100,575.189,575.189,875.515,988.71,1216.68,0.7,69.024,27.022,0.91477,0.93399,100,97
20mhz_mu1,64,distributed,per_rb,allocation_unit,100,672.688,672.688,961.79,1050.395,1170.37,3.1,69.056,39.064,0.99963,0.98964,8,37
20mhz_mu1,256,localized,grouped,none,6,361.077,361.077,562.772,657.224,754.446,0.0,66.205,29.945,0.27381,0.16099,100,100
20mhz_mu1,256,localized,grouped,allocation_unit,6,369.132,369.132,581.811,694.362,812.294,0.0,66.376,37.467,0.91861,0.83232,69,100
20mhz_mu1,256,distributed,per_rb,none,100,2238.275,2238.275,3484.989,3845.572,4119.74,100.0,69.046,26.991,0.27835,0.2854,100,100
20mhz_mu1,256,distributed,per_rb,allocation_unit,100,2315.245,2315.245,3573.641,4144.3,4478.99,100.0,69.088,39.213,0.99528,0.94131,44,100
100mhz_mu1,1,localized,grouped,none,17,41.408,41.408,59.041,64.732,71.524,0.0,376.086,95.593,1,1,1,3
100mhz_mu1,1,localized,grouped,allocation_unit,17,36.669,36.669,47.549,53.04,93.024,0.0,376.086,95.593,1,1,1,3
100mhz_mu1,1,distributed,per_rb,none,546,619.242,619.242,749.762,795.207,845.717,0.0,377.004,73.977,1,1,1,3
100mhz_mu1,1,distributed,per_rb,allocation_unit,546,628.279,628.279,761.314,799.281,866.355,0.0,377.004,73.977,1,1,1,3
100mhz_mu1,16,localized,grouped,none,17,74.61,74.61,111.16,121.405,136.276,0.0,375.572,95.346,0.98803,0.96826,27,48
100mhz_mu1,16,localized,grouped,allocation_unit,17,83.211,83.211,123.148,133.443,144.711,0.0,375.572,193.966,0.99989,0.99957,3,5
100mhz_mu1,16,distributed,per_rb,none,546,1202.475,1202.475,1601.6,1813.293,1954.79,93.4,377.101,73.993,0.97899,0.96784,35,33
100mhz_mu1,16,distributed,per_rb,allocation_unit,546,1235.005,1235.005,1675.879,1866.814,2140.95,86.1,376.887,134.983,0.99111,0.99234,12,21
100mhz_mu1,64,localized,grouped,none,17,193.728,193.728,334.493,363.566,426.951,0.0,376.086,95.428,0.93717,0.64437,100,100
100mhz_mu1,64,localized,grouped,allocation_unit,17,207.288,207.288,350.681,376.924,398.227,0.0,376.086,210.741,0.99962,0.99708,11,16
100mhz_mu1,64,distributed,per_rb,none,546,3283.75,3283.75,4793.207,5454.411,6411.39,100.0,376.897,73.996,0.89979,0.74472,100,100
100mhz_mu1,64,distributed,per_rb,allocation_unit,546,3404.615,3404.615,5185.564,5777.684,7988.68,100.0,377.058,134.944,0.96132,0.91207,48,76
100mhz_mu1,256,localized,grouped,none,17,667.242,667.242,1222.435,1385.885,1556.14,17.2,373.038,94.995,0.29829,0.16032,100,100
100mhz_mu1,256,localized,grouped,allocation_unit,17,746.083,746.083,1306.081,1500.48,1665.92,21.3,375.401,208.176,0.96741,0.92917,38,70
100mhz_mu1,256,distributed,per_rb,none,546,11702.5,11702.5,17222.58,19804.296,21812.9,100.0,377.07,74.068,0.3244,0.19614,100,100
100mhz_mu1,256,distributed,per_rb,allocation_unit,546,11723.35,11723.35,17657.625,19937.016,20922.5,100.0,377.133,134.674,0.91595,0.40216,91,100
400mhz_mu3,1,localized,grouped,none,15,43.436,43.436,52.651,57.463,72.446,0.0,1249.01,169.717,1,1,0,0
400mhz_mu3,1,localized,grouped,allocation_unit,15,43.597,43.597,51.969,57.062,68.168,0.0,1249.01,169.717,1,1,0,0
400mhz_mu3,1,distributed,per_rb,none,2000,4667.165,4667.165,6215.568,6737.591,7933.5,100.0,1233.48,122.024,1,1,0,0
400mhz_mu3,1,distributed,per_rb,allocation_unit,2000,4765.02,4765.02,6282.474,6962.823,10166.7,100.0,1233.48,122.024,1,1,0,0
400mhz_mu3,16,localized,grouped,none,15,87.584,87.584,115.988,124.739,157.816,0.0,1246.57,169.633,0.99468,0.98839,24,40
400mhz_mu3,16,localized,grouped,allocation_unit,15,105.077,105.077,133.675,143.548,191.619,0.0,1245.66,434.655,0.99983,0.9986,4,5
400mhz_mu3,16,distributed,per_rb,none,2000,4506.105,4506.105,5939.962,6466.237,7316.11,100.0,1232.82,122.029,0.98135,0.9769,16,35
400mhz_mu3,16,distributed,per_rb,allocation_unit,2000,4298.68,4298.68,5471.139,5976.299,6561.94,100.0,1232.89,122.029,0.99432,0.9769,15,35
400mhz_mu3,64,localized,grouped,none,15,218.955,218.955,318.736,333.401,409.417,0.0,1242.7,169.477,0.92353,0.86239,83,100
400mhz_mu3,64,localized,grouped,allocation_unit,15,246.522,246.522,353.573,378.916,393.417,0.0,1248.56,448.75,0.99375,0.9937,18,24
400mhz_mu3,64,distributed,per_rb,none,2000,9699.265,9699.265,11835.345,12361.889,13765.2,100.0,1233.21,121.956,0.97905,0.5876,56,100
400mhz_mu3,64,distributed,per_rb,allocation_unit,2000,10133.6,10133.6,12277.13,13020.716,14775.8,100.0,1233.15,122.041,0.97937,0.58791,56,100
400mhz_mu3,256,localized,grouped,none,15,750.381,750.381,1206.213,1368.213,1632.05,20.4,1163.34,170.263,0.5199,0.33626,100,100
400mhz_mu3,256,localized,grouped,allocation_unit,15,809.938,809.938,1330.161,1495.212,1826.17,22.5,1204.7,422.59,0.9859,0.90983,66,57
400mhz_mu3,256,distributed,per_rb,none,2000,32285.55,32285.55,39642.875,41507.197,47274.5,100.0,1232.77,121.675,0.49466,0.15002,100,100
400mhz_mu3,256,distributed,per_rb,allocation_unit,2000,32711.0,32711.0,39832.86,41838.918,46530.3,100.0,1232.75,121.675,0.54132,0.15002,100,100
