profile,direction,baseline_throughput_mbps,current_throughput_mbps,throughput_delta_pct,baseline_error_mbps,current_error_mbps,baseline_outage_ues,current_outage_ues,baseline_max_gap_ms,current_max_gap_ms,baseline_payload_efficiency,current_payload_efficiency,baseline_wall_s,current_wall_s
offline_indoor_hotspot_n78_pedestrian,dl,61.16155,47.837227407682136,-21.785456046025423,3.838644,17.159528639313542,0,0,0.0,1510.0000000000105,0.248819,0.2315387358799149,7.24939,13.362460242118686
offline_indoor_hotspot_n78_pedestrian,ul,89.998284,47.6215827423417,-47.0861213950016,0.0,42.27315921548434,0,0,0.0,43750.00000000001,0.5763,0.48682218342122846,7.24939,13.362460242118686
offline_rural_n78_vehicular,dl,82.635871,62.249526771890594,-24.670090581013422,37.304014,57.57223495184829,0,0,32120.0,110330.0,0.977352,0.9858078012844705,233.292729,160.48808574071154
offline_rural_n78_vehicular,ul,97.110109,27.489276931896097,-71.69267214817347,22.867249,89.02023608275863,0,0,13380.0,43850.0,0.986883,0.8844586857404926,233.292729,160.48808574071154
offline_uma_n78_pedestrian,dl,60.286812,108.73073262093234,80.3557511399547,119.474882,71.1195344504845,3,5,180000.0,110570.0,0.438284,0.7249671532804559,9.513711,30.685338757932186
offline_uma_n78_pedestrian,ul,32.31631,14.307950258488418,-55.725297045088325,37.608375,55.56740317597742,2,1,180000.0,180000.0,0.301014,0.9847295990962862,9.513711,30.685338757932186
offline_umi_n258_fwa,dl,51.448757,499.98272770206097,871.8072055697303,447.808733,0.0,5,0,10.0,10.0,0.884093,0.38077071803986107,15.266959,12.388441153801978
offline_umi_n258_fwa,ul,40.006897,156.53384042875396,291.26713683581596,159.723711,43.291954100125544,6,0,1670.0,610.0,0.924984,0.20890878462363172,15.266959,12.388441153801978
offline_umi_n40_npn,dl,14.929293,48.28458884389171,223.42180466209425,35.012413,1.7023592899750497,0,0,124270.0,169.99999999999997,0.204804,0.7482737863703393,6.258863,19.432276329025626
offline_umi_n40_npn,ul,18.18848,24.19311527189901,33.013397886458975,16.773825,10.770104843817283,0,0,130310.0,500.0,0.481871,0.7633448789290186,6.258863,19.432276329025626
