ue_id,direction,paired_samples,mean_sinr_delta_db,sinr_delta_std_db
0,dl,16000,37.72425070666875,3.6499450205602914e-06
0,ul,16000,30.472195078129396,9.98353553049562
1,dl,16000,34.7302665098125,5.9166315344773205e-06
1,ul,16000,34.5481436191875,4.436838669472703
10,dl,16000,36.472660604625,4.183474615595932e-06
10,ul,16000,37.41170387185625,5.52030098607478
2,dl,16000,48.597061133926246,3.6771292161472143e-06
2,ul,16000,47.5592592851875,3.37925135735788
3,dl,16000,36.11549379659,3.2757977935750778e-06
3,ul,16000,47.68714214323125,11.109055376438516
4,dl,16000,41.06829413909375,4.061478308931411e-06
4,ul,16000,43.114107637765805,6.471283419635125
5,dl,16000,38.596874783875,3.8003958654423403e-06
5,ul,16000,39.52075601909875,5.553391978568216
6,dl,16000,36.330738082062496,5.028911735798351e-06
6,ul,16000,36.308725600812494,4.594169390223447
7,dl,16000,27.6601448066875,6.117163785425956e-06
7,ul,16000,27.3734138508125,4.387120830349009
8,dl,16000,39.324848792968744,3.916000502630551e-06
8,ul,16000,40.04050035515625,5.405333737964636
9,dl,16000,36.4757995390625,5.963176512689013e-06
9,ul,16000,36.152944948375,4.326354442873774
