profile,direction,seed,duration_s,warmup_s,ues,generated_mbps,throughput_mbps,error_mbps,aggregate_demand_satisfaction,mean_ue_demand_satisfaction,outage_ues,zero_throughput_ues,sinr_p05_db,sinr_p50_db,sinr_p95_db,mcs_p05,mcs_p50,mcs_p95,pooled_service_gap_p50_ms,pooled_service_gap_p95_ms,pooled_service_gap_p99_ms,ue_max_service_gap_p50_ms,ue_max_service_gap_p95_ms,ue_max_service_gap_p99_ms,ue_max_service_gap_ms,wall_seconds,available_units,structural_unavailable_units,empty_available_units,grid_summary_ttis,legacy_conditional_fill,logged_units,assigned_units,resource_fill_fraction,grant_payload_efficiency,sampled_nominal_grant_bits,sampled_effective_payload_bits,sampled_grants,zero_10ms_window_fraction,zero_100ms_window_fraction,zero_1000ms_window_fraction
offline_indoor_hotspot_n78_pedestrian,dl,20260927,180,0.0,11,64.99890110700126,47.837227407682136,17.159528639313542,0.7359697870727452,0.9727223967718289,0,0,3.433992265,23.387304,35.768200400000005,3.0,23.0,27.0,0.0,1.9539925233402755e-11,1.9539925233402755e-11,10.0,855.0000000000053,1379.00000000001,1510.0000000000105,13.362460242118686,50116,11118,6014,3602,False,44102,44102,0.8799984037034081,0.2315387358799149,743707877.620787,172197181.84825146,44102,0.0013686868686868688,0.0009085861390136792,0.0010045203415369162
offline_indoor_hotspot_n78_pedestrian,ul,20260927,180,0.0,11,89.9985306061441,47.6215827423417,42.27315921548434,0.5291373361499152,0.4582241374622097,0,0,13.3979629,35.2988685,49.22879379999996,12.0,27.0,27.0,1.7763568394002505e-12,10.000000000010445,20.00000000000135,360.0,24865.000000000004,39973.00000000002,43750.00000000001,13.362460242118686,27812,33422,0,3602,False,27812,27812,1.0,0.48682218342122846,352122204.5557321,171420900.45291793,27812,0.22904040404040404,0.041845439402352226,0.03566047212456052
offline_rural_n78_vehicular,dl,20260927,180,0.0,11,119.99806046066885,62.249526771890594,57.57223495184829,0.5187544409711006,0.47521754203442246,0,0,-14.4772839,-2.97050825,10.054050099999989,-1.0,0.0,6.0,0.0,1.9539925233402755e-11,1.9539925233402755e-11,18839.999999999996,103710.0,109006.0,110330.0,160.48808574071154,1431066,535626,43328,3602,False,1387738,1387738,0.9697232692272754,0.9858078012844705,227724084.59326336,224492179.13240373,1387738,0.3673030303030303,0.34925041643531374,0.31541938724259166
offline_rural_n78_vehicular,ul,20260927,180,0.0,11,119.99806046066885,27.489276931896097,89.02023608275863,0.22908101036271428,0.17407900404018306,0,0,-12.6695081,2.17064235,17.83906725,-1.0,1.0,16.0,0.0,1.9539925233402755e-11,40.00000000001158,11149.999999999996,33885.0,41857.00000000001,43850.0,160.48808574071154,714168,1252524,852,3602,False,713316,713316,0.9988070033941594,0.8844586857404926,111852821.35643452,98929199.37327819,713316,0.4738737373737374,0.4052294180001009,0.2968357609241587
offline_uma_n78_pedestrian,dl,20260927,180,0.0,21,179.99337090151104,108.73073262093234,71.1195344504845,0.6040818729953545,0.35392387953562804,5,4,-11.5194572,-7.9029591,-5.449877780000001,-1.0,0.0,0.0,0.0,1.9539925233402755e-11,20.00000000000135,65.0000000000001,99829.99999999999,108422.0,110570.0,30.685338757932186,50116,11118,34,3602,False,50082,50082,0.9993215739484396,0.7249671532804559,543306457.5864857,393879335.9153633,50082,0.27284722222222224,0.21335369239311494,0.17334254143646408
offline_uma_n78_pedestrian,ul,20260927,180,0.0,21,69.9973822947392,14.307950258488418,55.56740317597742,0.20440693336561763,0.20100367389773627,1,6,-12.5629203,4.412242,6.924189674999999,-1.0,3.0,5.0,5.329070518200751e-12,20.00000000000135,40.000000000000924,13255.0,180000.0,180000.0,180000.0,30.685338757932186,27812,33422,0,3602,False,27812,27812,1.0,0.9847295990962862,52363805.06458007,51564188.76840001,27812,0.5621222222222222,0.4060799555802332,0.37596685082872927
offline_umi_n258_fwa,dl,20260927,180,0.0,11,499.99160758549516,499.98272770206097,0.0,0.999982239935032,0.9999834469730614,0,0,60.30140465,61.579733,62.6666215,27.0,27.0,27.0,0.0,1.9539925233402755e-11,1.9539925233402755e-11,10.0,10.0,10.0,10.0,12.388441153801978,54030,0,728,3602,False,53302,53302,0.9865260040718119,0.38077071803986107,4722014871.002949,1798004993.0266948,53302,0.0,0.0,0.0
offline_umi_n258_fwa,ul,20260927,180,0.0,11,199.99670192386534,156.53384042875396,43.291954100125544,0.7826821088696913,0.604891006014586,0,0,51.420666000000004,62.55362,63.68447569999999,27.0,27.0,27.0,1.7763568394002505e-12,10.00000000000334,10.000000000010445,610.0,610.0,610.0,610.0,12.388441153801978,54030,0,30,3602,False,54000,54000,0.9994447529150472,0.20890878462363172,2671971560.0785813,558198331.1649256,54000,0.14632828282828284,0.003129574478824895,0.0010045203415369162
offline_umi_n40_npn,dl,20260927,180,0.0,11,49.9991705656019,48.28458884389171,1.7023592899750497,0.9657077967031362,0.9577242948580245,0,0,19.35695775,28.6703345,34.734000249999994,19.0,26.0,27.0,0.0,1.9539925233402755e-11,10.000000000010445,40.000000000004476,169.99999999999997,169.99999999999997,169.99999999999997,19.432276329025626,17688,3924,12,3602,False,17676,17676,0.9993215739484396,0.7482737863703393,230386268.33630955,172392005.33574334,17676,0.04974242424242424,0.00020190803089192874,0.0
offline_umi_n40_npn,ul,20260927,180,0.0,11,34.99942529033943,24.19311527189901,10.770104843817283,0.6912432153157901,0.5462546378756223,0,0,29.69823895,38.0669305,46.47683345,26.0,27.0,27.0,5.329070518200751e-12,10.000000000010445,20.00000000000135,500.0,500.0,500.0,500.0,19.432276329025626,9816,11796,0,3602,False,9816,9816,1.0,0.7633448789290186,114278993.72633469,87234284.63015904,9816,0.33604040404040403,0.002574327393872091,0.0025113008538422904
