profile,direction,seed,duration_s,warmup_s,ues,generated_mbps,throughput_mbps,error_mbps,aggregate_demand_satisfaction,mean_ue_demand_satisfaction,outage_ues,zero_throughput_ues,sinr_p05_db,sinr_p50_db,sinr_p95_db,mcs_p05,mcs_p50,mcs_p95,pooled_service_gap_p50_ms,pooled_service_gap_p95_ms,pooled_service_gap_p99_ms,ue_max_service_gap_p50_ms,ue_max_service_gap_p95_ms,ue_max_service_gap_p99_ms,ue_max_service_gap_ms,wall_seconds,available_units,structural_unavailable_units,empty_available_units,grid_summary_ttis,legacy_conditional_fill,logged_units,assigned_units,resource_fill_fraction,effective_resource_fill_fraction,zero_effective_assigned_fraction,grant_payload_efficiency,sampled_nominal_grant_bits,sampled_effective_payload_bits,sampled_grants,zero_10ms_window_fraction,zero_100ms_window_fraction,zero_1000ms_window_fraction
offline_indoor_hotspot_n78_pedestrian,dl,20260927,180,20.0,11,65.0024802828175,43.42050985235858,21.694000279622873,0.6679823548800211,0.9648333618813751,0,0,1.3545788300000003,11.255911000000001,30.7003707,2.0,10.0,26.0,0.0,2.1316282072803006e-11,2.1316282072803006e-11,2.1316282072803006e-11,990.000000000002,1742.000000000001,1929.9999999999998,9.263365566264838,2225453,494547,270962,160000,False,19566,19566,0.8782441147937071,0.8782441147937071,0.0,0.23861019633439218,289273386.81453574,69023579.62213095,19566,0.003068181818181818,0.0014204545454545455,0.0005681818181818182
offline_indoor_hotspot_n78_pedestrian,ul,20260927,180,20.0,11,90.00373323640626,59.32584331406249,30.6751936435019,0.6591486950684102,0.5829750705566697,0,0,11.483234600000001,27.840227,45.760920199999994,10.0,25.0,27.0,3.552713678800501e-12,10.000000000012221,10.000000000012221,20.000000000003126,1325.0000000000098,2361.000000000001,2619.9999999999973,9.263365566264838,1236376,1483624,0,160000,False,12376,12376,1.0,0.6146188538114619,0.38538114618853814,0.45641269597021167,207278675.54167125,94604619.12110895,12376,0.11885227272727272,0.001590909090909091,0.0011363636363636363
offline_rural_n78_vehicular,dl,20260927,180,20.0,11,120.00509031665624,45.409140267649285,74.58742354259368,0.3783934510430236,0.3218892398967192,0,0,-19.55175345,-8.744982,1.127532879999999,-1.0,0.0,1.0,0.0,2.1316282072803006e-11,20.000000000003126,7039.9999999999845,55090.0,70146.00000000001,73910.0,91.25365285202861,63534471,23825529,5326880,160000,False,579633,579633,0.9161576398424723,0.916157624102985,1.7179889818838235e-08,0.9848180969555117,73818809.83100767,72698099.8172938,579633,0.3331704545454545,0.2840909090909091,0.23068181818181818
offline_rural_n78_vehicular,ul,20260927,180,20.0,11,120.00509031665624,25.58415220466379,94.28181922407869,0.21319222490608644,0.14227646505898514,0,0,-16.4133277,-1.48190125,9.232706275,-1.0,0.0,6.0,3.552713678800501e-12,30.000000000001137,189.99999999999062,2639.999999999979,6089.999999999996,6369.999999999992,6439.999999999991,91.25365285202861,31767372,55592628,295074,160000,False,314517,314517,0.990711412955406,0.43795407438802303,0.5579398110681336,0.7077407839226967,57997572.443284765,41047247.38662375,314517,0.4831590909090909,0.2539772727272727,0.055113636363636365
offline_uma_n78_pedestrian,dl,20260927,180,20.0,21,180.0053464092875,113.4892147203897,66.50842831567027,0.6304769107376587,0.3665238701226531,4,2,-11.63628105,-7.7128429999999994,-5.1284941700000015,0.0,0.0,0.0,0.0,2.1316282072803006e-11,30.000000000022453,20.000000000003126,20223.99999999998,32844.799999999996,36000.0,12.457196248695254,2225453,494547,2797,160000,False,22230,22230,0.9987431772317815,0.9987431772317815,0.0,0.7459045793017267,243098252.30842063,181328099.6170975,22230,0.19056617647058824,0.09816176470588235,0.04375
offline_uma_n78_pedestrian,ul,20260927,180,20.0,21,70.00206308748751,16.205316640967503,53.78475654966923,0.23149770058511482,0.22467260985255494,0,4,-15.63483065,2.18357285,7.7508733,-1.0,2.0,6.0,7.105427357601002e-12,20.000000000003126,50.00000000000426,1090.0000000000034,159999.99999999997,159999.99999999997,159999.99999999997,12.457196248695254,1236376,1483624,0,160000,False,12376,12376,1.0,0.26095378752094833,0.7390462124790517,0.9931725214581877,25180107.897450358,25008191.251099996,12376,0.5061696428571428,0.34589285714285717,0.30178571428571427
offline_umi_n258_fwa,dl,20260927,180,20.0,11,500.0194259765313,500.01846363115635,0.0,0.9999980753840252,0.999999497685647,0,0,63.66236485,66.189588,68.33654225,27.0,27.0,27.0,0.0,2.1316282072803006e-11,2.1316282072803006e-11,2.1316282072803006e-11,2.1316282072803006e-11,2.1316282072803006e-11,2.1316282072803006e-11,9.239214017055929,2400000,0,28761,160000,False,23703,23703,0.98801625,0.98801625,0.0,0.3810157742633841,2097029729.7585754,799001406.1372988,23703,0.0,0.0,0.0
offline_umi_n258_fwa,ul,20260927,180,20.0,11,200.00810831696876,160.1371608698925,39.8678982709523,0.8006533445939622,0.6375527801105565,0,0,54.7553955,66.82337000000001,69.16255500000001,27.0,27.0,27.0,7.105427357601002e-12,10.000000000012221,10.000000000012221,20.000000000003126,25.00000000000213,29.00000000000134,30.000000000001137,9.239214017055929,2400000,0,0,160000,False,24000,24000,1.0,0.29422875,0.70577125,0.21519100980266687,1183093127.8582046,254591004.8744027,24000,0.13771022727272728,0.0,0.0
offline_umi_n40_npn,dl,20260927,180,20.0,11,50.00199890354375,47.74028978003831,2.2019837187580573,0.9547676258329515,0.9404556928830353,0,0,15.048172150000001,20.7522915,31.804578149999998,14.0,20.0,27.0,3.552713678800501e-12,10.000000000005116,20.000000000003126,30.000000000022453,55.00000000000327,59.00000000000247,60.000000000002274,7.264451344031841,785454,174546,0,160000,False,7854,7854,1.0,1.0,0.0,0.7296587299296275,101047662.98986502,73730309.43954194,7854,0.11301136363636363,0.0,0.0
offline_umi_n40_npn,ul,20260927,180,20.0,11,35.00143303185625,25.5068517378625,9.49204823755379,0.728737355257645,0.579457122509998,0,0,26.063491650000003,35.0905475,43.70673024999999,23.0,27.0,27.0,7.105427357601002e-12,10.000000000012221,20.000000000003126,30.000000000008242,30.000000000022453,30.000000000022453,30.000000000022453,7.264451344031841,436368,523632,0,160000,False,4368,4368,1.0,0.8838182451508818,0.11618175484911818,0.8167426090729022,50025741.004499264,40858154.228819996,4368,0.28719886363636365,0.0,0.0
