profile,direction,ue_count,generated_mbps,throughput_mbps,error_mbps,mean_demand_satisfaction,zero_throughput_ues,under_10pct_nonoutage_ues,phy_outage_ues,mean_sinr_db,mean_mcs,max_nonoutage_zero_service_gap_ms,sampled_payload_efficiency,wall_runtime_s
offline_indoor_hotspot_n78_pedestrian,dl,11,65.001601,61.161550,3.838644,0.994167,0,0,0,34.469639,21.277146,0.000000,0.248819,7.249390
offline_indoor_hotspot_n78_pedestrian,ul,11,89.999795,89.998284,0.000000,0.999983,0,0,0,35.534722,22.614485,0.000000,0.576300,7.249390
offline_rural_n78_vehicular,dl,11,119.998814,82.635871,37.304014,0.660397,0,0,0,6.646159,9.254061,32120.000000,0.977352,233.292729
offline_rural_n78_vehicular,ul,11,119.998814,97.110109,22.867249,0.791942,0,0,0,17.626225,12.948030,13380.000000,0.986883,233.292729
offline_uma_n78_pedestrian,dl,21,180.000607,60.286812,119.474882,0.532675,4,4,3,4.310155,6.744373,180000.000000,0.438284,9.513711
offline_uma_n78_pedestrian,ul,21,70.000186,32.316310,37.608375,0.702353,3,1,2,12.564693,10.596212,180000.000000,0.301014,9.513711
offline_umi_n256_fwa,dl,11,500.009508,51.448757,447.808733,0.467744,5,0,5,-12.093293,0.347909,10.000000,0.884093,15.266959
offline_umi_n256_fwa,ul,11,200.001066,40.006897,159.723711,0.363641,6,1,6,-13.865428,0.096253,1670.000000,0.924984,15.266959
offline_umi_n40_npn,dl,11,50.000495,14.929293,35.012413,0.659124,0,1,0,29.168167,22.696212,124270.000000,0.204804,6.258863
offline_umi_n40_npn,ul,11,35.000072,18.188480,16.773825,0.808422,0,1,0,38.657637,25.397369,130310.000000,0.481871,6.258863
