campaign,source_sha,seed,duration_s,profile,direction,warmup_s,ues,generated_mbps,throughput_mbps,error_mbps,aggregate_demand_satisfaction,mean_ue_demand_satisfaction,outage_ues,zero_throughput_ues,sinr_p05_db,sinr_p50_db,sinr_p95_db,mcs_p05,mcs_p50,mcs_p95,pooled_service_gap_p50_ms,pooled_service_gap_p95_ms,pooled_service_gap_p99_ms,ue_max_service_gap_p50_ms,ue_max_service_gap_p95_ms,ue_max_service_gap_p99_ms,ue_max_service_gap_ms,wall_seconds,available_units,structural_unavailable_units,empty_available_units,grid_summary_ttis,legacy_conditional_fill,logged_units,assigned_units,resource_fill_fraction,effective_resource_fill_fraction,zero_effective_assigned_fraction,grant_payload_efficiency,sampled_nominal_grant_bits,sampled_effective_payload_bits,sampled_grants,zero_10ms_window_fraction,zero_100ms_window_fraction,zero_1000ms_window_fraction,admitted_mbps,delivered_counter_mbps,expired_mbps,queue_dropped_mbps,radio_dropped_mbps,retransmitted_mbps,pending_bits_last,harq_queue_blocks_max,harq_high_water_blocks,harq_oldest_age_ms_max,harq_retry_ordinal_max,conservation_residual_abs_max_bits
disabled,7a0c8d773e18fec3531e40892a8156bda4350c12,20260927,180,offline_indoor_hotspot_n78_pedestrian,dl,20.0,11,65.00248032896874,42.53796951351797,22.576698387252435,0.6544053288157479,0.9658525455401239,0,0,-0.08626152949999995,15.4237275,40.44465879999999,1.0,15.0,27.0,0.0,2.1316282072803006e-11,2.1316282072803006e-11,2.1316282072803006e-11,430.000000000005,734.0000000000088,810.0000000000093,9.915657351724803,2225453,494547,296815,160000,False,19322,19322,0.8666271541119943,0.8666271541119943,0.0,0.21421691705172555,320136485.6886665,68578651.0,19322,0.0014829545454545455,0.0005681818181818182,0.0,,,,,,,,,,,,
disabled,7a0c8d773e18fec3531e40892a8156bda4350c12,20260927,180,offline_indoor_hotspot_n78_pedestrian,ul,20.0,11,90.00373326203126,60.36064709751843,29.64256521142349,0.6706460377792131,0.6151502384157387,0,0,8.001683920000001,28.130268,52.8768846,7.0,25.0,27.0,3.552713678800501e-12,10.000000000012221,10.000000000012221,20.000000000003126,85.0000000000044,89.00000000000361,90.00000000000341,9.915657351724803,1236376,1483624,0,160000,False,12376,12376,1.0,0.6084257539777543,0.39157424602224566,0.46387387019230625,206936833.842796,95992590.0,12376,0.11780681818181818,0.0,0.0,,,,,,,,,,,,
disabled,7a0c8d773e18fec3531e40892a8156bda4350c12,20260927,180,offline_rural_n78_vehicular,dl,20.0,11,120.00509028978126,52.00282953723918,67.79575821622836,0.43333853098785885,0.38268816952440265,0,0,-17.03231585,-7.6635115,2.4129518799999947,-1.0,0.0,2.0,0.0,2.1316282072803006e-11,10.000000000012221,5100.000000000002,66240.0,94920.00000000003,102090.0,102.46707997797057,63534471,23825529,2557222,160000,False,608610,608610,0.9597506367842427,0.9597501331206488,5.247858918659974e-07,0.9912563939180614,83898944.31982303,83165365.0,608610,0.2709488636363636,0.23397727272727273,0.18636363636363637,,,,,,,,,,,,
disabled,7a0c8d773e18fec3531e40892a8156bda4350c12,20260927,180,offline_rural_n78_vehicular,ul,20.0,11,120.00509028978126,26.324793119565612,91.09617742475064,0.21936397077822317,0.16013429282551647,0,0,-15.3248715,-1.24921705,12.634875774999994,-1.0,0.0,10.0,3.552713678800501e-12,20.000000000003126,120.000000000001,1990.000000000002,4965.000000000002,5073.000000000002,5100.000000000002,102.46707997797057,31767372,55592628,28779,160000,False,317487,317487,0.9990940704821286,0.5723594636660533,0.4271215488348838,0.8512519340380859,49309542.00701059,41974843.0,317487,0.3913125,0.20085227272727274,0.03238636363636364,,,,,,,,,,,,
disabled,7a0c8d773e18fec3531e40892a8156bda4350c12,20260927,180,offline_uma_n78_pedestrian,dl,20.0,21,180.00534647434378,103.79953061321831,76.2150353002812,0.5766469310288674,0.3200488475019813,2,0,-15.91857535,-13.16488275,-8.95865195,-1.0,-1.0,0.0,0.0,10.000000000012221,100.00000000001563,70.00000000000739,76166.0,76641.19999999998,76759.99999999999,14.22800325602293,2225453,494547,21371,160000,False,22052,22052,0.990397011305114,0.990397011305114,0.0,0.7354034717071403,226361652.35060546,166467145.0,22052,0.38213157894736843,0.2161513157894737,0.10394736842105264,,,,,,,,,,,,
disabled,7a0c8d773e18fec3531e40892a8156bda4350c12,20260927,180,offline_uma_n78_pedestrian,ul,20.0,21,70.00206312395001,13.373254730485812,56.628623352655076,0.19104086556429478,0.1818544415205588,0,2,-17.0194828,-0.822279515,2.6971221399999976,-1.0,1.0,2.0,7.105427357601002e-12,39.99999999998494,89.9999999999963,2450.00000000001,159999.99999999997,159999.99999999997,159999.99999999997,14.22800325602293,1236376,1483624,0,160000,False,12376,12376,1.0,0.17798711718765164,0.8220128828123483,0.9999990403307889,22177079.28266018,22177058.0,12376,0.6197886904761905,0.35026785714285713,0.2833333333333333,,,,,,,,,,,,
disabled,7a0c8d773e18fec3531e40892a8156bda4350c12,20260927,180,offline_umi_n258_fwa,dl,20.0,11,500.0194259399062,500.0182576011875,0.0,0.9999976634133433,0.9999994508746138,0,0,49.055258800000004,51.629824,53.7893353,27.0,27.0,27.0,0.0,2.1316282072803006e-11,2.1316282072803006e-11,2.1316282072803006e-11,2.1316282072803006e-11,2.1316282072803006e-11,2.1316282072803006e-11,9.346233081072569,2400000,0,11591,160000,False,23887,23887,0.9951704166666666,0.9951704166666666,0.0,0.3954241098120157,2020998300.7356732,799151454.0,23887,0.0,0.0,0.0,,,,,,,,,,,,
disabled,7a0c8d773e18fec3531e40892a8156bda4350c12,20260927,180,offline_umi_n258_fwa,ul,20.0,11,200.00810829859375,157.04939716009375,42.95930062645841,0.7852151520059047,0.609483410005502,0,0,41.9274294,53.619755,55.9426584,27.0,27.0,27.0,3.552713678800501e-12,10.000000000005116,10.000000000012221,20.000000000003126,20.000000000003126,20.000000000003126,20.000000000003126,9.346233081072569,2400000,0,0,160000,False,24000,24000,1.0,0.28798083333333335,0.7120191666666666,0.22080099199158074,1160497865.9234037,256239080.0,24000,0.11601136363636363,0.0,0.0,,,,,,,,,,,,
disabled,7a0c8d773e18fec3531e40892a8156bda4350c12,20260927,180,offline_umi_n258_fwa_high_loss,dl,20.0,11,500.0194259399062,235.1615851094144,264.85241193511433,0.4703048979894569,0.9240319456675689,0,0,10.9431953,13.4815535,15.661970949999999,10.0,12.0,15.0,0.0,2.1316282072803006e-11,9.99999999999801,2.1316282072803006e-11,40.000000000000924,40.000000000002345,40.0000000000027,10.869652041234076,2400000,0,1203,160000,False,23989,23989,0.99949875,0.99949875,0.0,0.340395008643023,1103883586.5953047,375756463.0,23989,0.01790909090909091,0.0,0.0,,,,,,,,,,,,
disabled,7a0c8d773e18fec3531e40892a8156bda4350c12,20260927,180,offline_umi_n258_fwa_high_loss,ul,20.0,11,200.00810829859375,55.30866256357712,144.69867554884857,0.2765321017936251,0.3267498026730955,0,0,2.190683585,14.912405499999998,18.6044135,2.0,14.0,18.0,7.105427357601002e-12,10.000000000012221,20.000000000003126,30.000000000022453,7795.0,10287.000000000002,10910.0,10.869652041234076,2400000,0,0,160000,False,24000,24000,1.0,0.43767375,0.56232625,1.0000001607689786,86019226.17077687,86019240.0,24000,0.290875,0.16420454545454546,0.08352272727272728,,,,,,,,,,,,
disabled,7a0c8d773e18fec3531e40892a8156bda4350c12,20260927,180,offline_umi_n40_npn,dl,20.0,11,50.001998931175,46.55135165574355,3.4540560766976447,0.9309898134236378,0.9319700556043832,0,0,14.1807287,27.4463225,33.0060861,13.0,25.0,27.0,3.552713678800501e-12,10.000000000001563,20.000000000003126,20.000000000003126,64.99999999999062,68.99999999998698,69.99999999998607,6.8712056912481785,785454,174546,0,160000,False,7854,7854,1.0,1.0,0.0,0.7165260183071399,100977442.7604746,72352965.0,7854,0.10144318181818182,0.0,0.0,,,,,,,,,,,,
disabled,7a0c8d773e18fec3531e40892a8156bda4350c12,20260927,180,offline_umi_n40_npn,ul,20.0,11,35.0014330397375,24.296005408375002,10.705334150358855,0.6941431621040055,0.5478741351649594,0,0,25.24031425,37.710792999999995,47.4334067,23.0,27.0,27.0,2.1316282072803006e-11,10.000000000012221,20.000000000003126,29.99999999999403,30.000000000022453,30.000000000022453,30.000000000022453,6.8712056912481785,436368,523632,0,160000,False,4368,4368,1.0,0.8378020386462802,0.1621979613537198,0.7623394822846588,51149091.587309346,38992972.0,4368,0.3189147727272727,0.0,0.0,,,,,,,,,,,,
legacy-no-retry,7a0c8d773e18fec3531e40892a8156bda4350c12,20260927,180,offline_indoor_hotspot_n78_pedestrian,dl,20.0,11,65.00248032896874,42.166764669365925,22.94790321339869,0.6486947029708042,0.958715905139718,0,0,-0.08626152949999995,15.4237275,40.44465879999999,1.0,15.0,27.0,0.0,2.1316282072803006e-11,2.1316282072803006e-11,2.1316282072803006e-11,430.000000000005,734.0000000000088,810.0000000000093,10.376358213834465,2225453,494547,296856,160000,False,19322,19322,0.866608730896586,0.8594048043252318,0.00831277866760137,0.21187814009336983,320936053.0068569,67999334.0,19322,0.0014886363636363636,0.0005681818181818182,0.0,,,,,,,,,,,,
legacy-no-retry,7a0c8d773e18fec3531e40892a8156bda4350c12,20260927,180,offline_indoor_hotspot_n78_pedestrian,ul,20.0,11,90.00373326203126,59.82256983080868,30.180708675172934,0.6646676494701056,0.6097247292554921,0,0,7.787053950000001,28.129932500000002,52.85578914999999,6.0,25.0,27.0,3.552713678800501e-12,10.000000000012221,10.000000000012221,20.000000000003126,85.0000000000044,89.00000000000361,90.00000000000341,10.376358213834465,1236376,1483624,0,160000,False,12376,12376,1.0,0.6031563213779627,0.3968436786220373,0.46132324933420565,206650967.92235607,95332896.0,12376,0.11993181818181818,0.0,0.0,,,,,,,,,,,,
legacy-no-retry,7a0c8d773e18fec3531e40892a8156bda4350c12,20260927,180,offline_rural_n78_vehicular,dl,20.0,11,120.00509028978126,50.87015386161664,68.92843173454804,0.42389996739953595,0.37400223206345906,0,0,-17.03231585,-7.6635115,2.4129518799999947,-1.0,0.0,2.0,0.0,2.1316282072803006e-11,10.000000000012221,5100.000000000002,66240.0,94920.00000000003,102090.0,108.72330383397639,63534471,23825529,2557222,160000,False,608610,608610,0.9597506367842427,0.9381964791994569,0.022458081045932395,0.9697800688628692,83898944.31982303,81363524.0,608610,0.27097727272727273,0.23397727272727273,0.18636363636363637,,,,,,,,,,,,
legacy-no-retry,7a0c8d773e18fec3531e40892a8156bda4350c12,20260927,180,offline_rural_n78_vehicular,ul,20.0,11,120.00509028978126,25.655303661567867,91.76565794219955,0.21378512861093593,0.15612631869677954,0,0,-15.3248715,-1.24921705,12.634875774999994,-1.0,0.0,10.0,3.552713678800501e-12,20.000000000003126,120.00000000000455,1990.000000000002,4965.000000000002,5073.000000000002,5100.000000000002,108.72330383397639,31767372,55592628,28779,160000,False,317487,317487,0.9990940704821286,0.5593332051514994,0.44015961892198563,0.8294438628974715,49309542.00701059,40899497.0,317487,0.39226704545454544,0.20193181818181818,0.03295454545454545,,,,,,,,,,,,
legacy-no-retry,7a0c8d773e18fec3531e40892a8156bda4350c12,20260927,180,offline_uma_n78_pedestrian,dl,20.0,21,180.00534647434378,102.48508658331424,77.52950497566098,0.5693446810921334,0.31598665809369175,2,0,-15.91857535,-13.16488275,-8.95865195,-1.0,-1.0,0.0,0.0,10.000000000012221,100.00000000001563,70.00000000000739,76166.0,76641.19999999998,76759.99999999999,14.943472345825285,2225453,494547,21363,160000,False,22050,22050,0.9904006060788523,0.9770900576197296,0.013439560090558916,0.7273576022988004,226390469.39163557,164666829.0,22050,0.3821842105263158,0.21588815789473684,0.10427631578947369,,,,,,,,,,,,
legacy-no-retry,7a0c8d773e18fec3531e40892a8156bda4350c12,20260927,180,offline_uma_n78_pedestrian,ul,20.0,21,70.00206312395001,13.280090198893312,56.72225989248834,0.18970998290977165,0.1806251923732316,0,2,-16.86462995,-0.820680525,2.688500649999999,-1.0,1.0,2.0,7.105427357601002e-12,39.99999999998494,90.00000000000341,2300.000000000004,159999.99999999997,159999.99999999997,159999.99999999997,14.943472345825285,1236376,1483624,0,160000,False,12376,12376,1.0,0.17699793590299392,0.823002064097006,0.9871439636003991,22477339.49471018,22188370.0,12376,0.6217797619047619,0.3511309523809524,0.2830357142857143,,,,,,,,,,,,
legacy-no-retry,7a0c8d773e18fec3531e40892a8156bda4350c12,20260927,180,offline_umi_n258_fwa,dl,20.0,11,500.0194259399062,499.97369234167496,0.044565256125,0.9999085363570719,0.9999650682928268,0,0,49.055258800000004,51.629824,53.7893353,27.0,27.0,27.0,0.0,2.1316282072803006e-11,2.1316282072803006e-11,2.1316282072803006e-11,2.1316282072803006e-11,2.1316282072803006e-11,2.1316282072803006e-11,10.343812126200646,2400000,0,11591,160000,False,23887,23887,0.9951704166666666,0.9951120833333333,5.861642624860315e-05,0.3953811152187158,2020998300.7356732,799064562.0,23887,0.0,0.0,0.0,,,,,,,,,,,,
legacy-no-retry,7a0c8d773e18fec3531e40892a8156bda4350c12,20260927,180,offline_umi_n258_fwa,ul,20.0,11,200.00810829859375,156.97856656912498,43.03040158130648,0.7848610134083683,0.6092124802445853,0,0,41.909881,53.627883,55.929211949999996,27.0,27.0,27.0,3.552713678800501e-12,10.000000000005116,10.000000000012221,20.000000000003126,20.000000000003126,20.000000000003126,20.000000000003126,10.343812126200646,2400000,0,0,160000,False,24000,24000,1.0,0.28785041666666666,0.7121495833333333,0.22152028526739176,1160415235.5154045,257055514.0,24000,0.11652840909090909,0.0,0.0,,,,,,,,,,,,
legacy-no-retry,7a0c8d773e18fec3531e40892a8156bda4350c12,20260927,180,offline_umi_n258_fwa_high_loss,dl,20.0,11,500.0194259399062,231.98734299985247,268.02783025074365,0.46395666041129646,0.914685036558209,0,0,10.9431953,13.4815535,15.661970949999999,10.0,12.0,15.0,0.0,2.1316282072803006e-11,9.99999999999801,2.1316282072803006e-11,45.000000000001705,49.00000000000375,50.00000000000426,12.181227665860206,2400000,0,1202,160000,False,23989,23989,0.9994991666666667,0.98800125,0.011503678092111133,0.33645960626481114,1104565077.2934058,371641531.0,23989,0.0179375,0.0,0.0,,,,,,,,,,,,
legacy-no-retry,7a0c8d773e18fec3531e40892a8156bda4350c12,20260927,180,offline_umi_n258_fwa_high_loss,ul,20.0,11,200.00810829859375,54.31259583251942,145.69508575078956,0.27155197004031306,0.32081209364549973,0,0,2.5683878500000006,15.04285175,18.652679099999997,3.0,14.0,18.0,7.105427357601002e-12,10.000000000012221,20.000000000003126,30.000000000022453,7305.000000000014,9405.000000000025,9930.000000000027,12.181227665860206,2400000,0,0,160000,False,24000,24000,1.0,0.43452416666666666,0.5654758333333333,0.9883937174252894,86085395.42485659,85086264.0,24000,0.29517045454545454,0.16482954545454545,0.08238636363636363,,,,,,,,,,,,
legacy-no-retry,7a0c8d773e18fec3531e40892a8156bda4350c12,20260927,180,offline_umi_n40_npn,dl,20.0,11,50.001998931175,46.38406169156087,3.6214259911822335,0.9276441478950868,0.9300494243210395,0,0,14.1807287,27.4463225,33.0060861,13.0,25.0,27.0,3.552713678800501e-12,10.000000000001563,20.000000000003126,20.000000000003126,64.99999999999062,68.99999999998698,69.99999999998607,7.187875846866518,785454,174546,0,160000,False,7854,7854,1.0,0.9940378430818355,0.005962156918164527,0.7171269233062083,100794814.21050453,72282675.0,7854,0.10114772727272728,0.0,0.0,,,,,,,,,,,,
legacy-no-retry,7a0c8d773e18fec3531e40892a8156bda4350c12,20260927,180,offline_umi_n40_npn,ul,20.0,11,35.0014330397375,24.106743357683747,10.894530727473446,0.6887358963364473,0.5435443838210425,0,0,25.2048034,37.7122485,47.44397105,23.0,27.0,27.0,2.1316282072803006e-11,10.000000000012221,20.000000000003126,20.000000000003126,30.000000000015348,30.000000000021032,30.000000000022453,7.187875846866518,436368,523632,0,160000,False,4368,4368,1.0,0.8306108605580611,0.16938913944193892,0.7589320258680377,51083920.13850942,38769223.0,4368,0.323,0.0,0.0,,,,,,,,,,,,
legacy-production-paired,7a0c8d773e18fec3531e40892a8156bda4350c12,20260927,180,offline_indoor_hotspot_n78_pedestrian,dl,20.0,11,65.00248032896874,42.20018107506923,22.91449295848025,0.6492087819033956,0.965172663631868,0,0,-0.08626152949999995,15.4237275,40.44465879999999,1.0,15.0,27.0,0.0,2.1316282072803006e-11,2.1316282072803006e-11,9.9999999999838,425.0000000000042,733.0000000000085,810.0000000000093,10.096502637956291,2225453,494547,281963,160000,False,19474,19474,0.8733008515569639,0.8584157922005093,0.017044595032647453,0.21095763622137179,322884694.8613059,68114992.0,19474,0.001778409090909091,0.000625,0.0,,,,,,,,,,,,
legacy-production-paired,7a0c8d773e18fec3531e40892a8156bda4350c12,20260927,180,offline_indoor_hotspot_n78_pedestrian,ul,20.0,11,90.00373326203126,59.78331426046019,30.228468955524317,0.6642314945582398,0.6085301908778682,0,0,7.7906861350000005,28.0876705,52.852993049999995,7.0,25.0,27.0,3.552713678800501e-12,10.000000000012221,10.000000000012221,179.99999999999972,274.9999999999986,286.99999999999903,289.99999999999915,10.096502637956291,1236376,1483624,0,160000,False,12376,12376,1.0,0.5972317482707525,0.4027682517292474,0.4642626467354217,206230168.79185635,95744964.0,12376,0.1224659090909091,0.0007386363636363636,0.0,,,,,,,,,,,,
legacy-production-paired,7a0c8d773e18fec3531e40892a8156bda4350c12,20260927,180,offline_rural_n78_vehicular,dl,20.0,11,120.00509028978126,45.890575243511314,71.85398143879853,0.38240523908358753,0.33647851412439667,0,0,-17.03231585,-7.6635115,2.4129518799999947,-1.0,0.0,2.0,0.0,2.1316282072803006e-11,30.000000000001137,5100.000000000002,66240.0,94920.00000000003,102090.0,104.38420961471274,63534471,23825529,297214,160000,False,632141,632141,0.9953220040188893,0.7806223490866872,0.21570873954890232,0.6589589569359287,109351645.1086138,72058246.0,632141,0.30382954545454544,0.24227272727272728,0.18636363636363637,,,,,,,,,,,,
legacy-production-paired,7a0c8d773e18fec3531e40892a8156bda4350c12,20260927,180,offline_rural_n78_vehicular,ul,20.0,11,120.00509028978126,23.256806478245732,91.539895177465,0.193798499897684,0.14418745574372935,0,0,-15.29068005,-1.2272362,12.634875774999994,-1.0,0.0,10.0,3.552713678800501e-12,20.000000000003126,129.99999999999878,1990.000000000002,4740.000000000002,5028.000000000002,5100.000000000002,104.38420961471274,31767372,55592628,17811,160000,False,317532,317532,0.9994393303922025,0.5161397046000532,0.4835707492144537,0.7259050643625908,51093467.75610037,37089007.0,317532,0.3972045454545455,0.20255681818181817,0.03125,,,,,,,,,,,,
legacy-production-paired,7a0c8d773e18fec3531e40892a8156bda4350c12,20260927,180,offline_uma_n78_pedestrian,dl,20.0,21,180.00534647434378,102.29079290595895,77.5843987634711,0.5682653038338419,0.3162113355039555,2,0,-15.91857535,-13.16488275,-8.95865195,-1.0,-1.0,0.0,0.0,10.000000000012221,100.00000000001563,199.99999999999574,76166.0,76641.19999999998,76759.99999999999,16.390608981251717,2225453,494547,16533,160000,False,22100,22100,0.9925709507232909,0.9628107176381617,0.02998297810694819,0.7146685788357795,230168055.33547643,164493877.0,22100,0.38375,0.21641447368421052,0.10394736842105264,,,,,,,,,,,,
legacy-production-paired,7a0c8d773e18fec3531e40892a8156bda4350c12,20260927,180,offline_uma_n78_pedestrian,ul,20.0,21,70.00206312395001,13.297179192348876,56.704666239573854,0.18995410419267306,0.1808170560889341,0,2,-16.91596945,-0.8239831950000001,2.700724724999998,-1.0,1.0,2.0,7.105427357601002e-12,39.99999999998494,89.99999999999804,2450.00000000001,159999.99999999997,159999.99999999997,159999.99999999997,16.390608981251717,1236376,1483624,0,160000,False,12376,12376,1.0,0.17729153590817032,0.8227084640918296,0.9899553266743341,22462086.31929018,22236462.0,12376,0.6210386904761904,0.3497321428571429,0.28214285714285714,,,,,,,,,,,,
legacy-production-paired,7a0c8d773e18fec3531e40892a8156bda4350c12,20260927,180,offline_umi_n258_fwa,dl,20.0,11,500.0194259399062,500.01825748971874,0.0,0.9999976631904145,0.9999994508489046,0,0,49.055258800000004,51.629824,53.7893353,27.0,27.0,27.0,0.0,2.1316282072803006e-11,2.1316282072803006e-11,2.1316282072803006e-11,2.1316282072803006e-11,2.1316282072803006e-11,2.1316282072803006e-11,9.601971026044339,2400000,0,11474,160000,False,23889,23889,0.9952191666666667,0.9950454166666667,0.00017458466016279496,0.3955045800704008,2021226846.1156733,799404475.0,23889,0.0,0.0,0.0,,,,,,,,,,,,
legacy-production-paired,7a0c8d773e18fec3531e40892a8156bda4350c12,20260927,180,offline_umi_n258_fwa,ul,20.0,11,200.00810829859375,157.05110667706126,42.95743352024923,0.7852236992442244,0.6094989518290064,0,0,41.7741498,53.636465,55.94157825,27.0,27.0,27.0,3.552713678800501e-12,10.000000000005116,10.000000000012221,20.000000000003126,20.000000000003126,20.000000000003126,20.000000000003126,9.601971026044339,2400000,0,0,160000,False,24000,24000,1.0,0.28789375,0.71210625,0.22227304068438342,1160702945.3758051,257992973.0,24000,0.11676704545454546,0.0,0.0,,,,,,,,,,,,
legacy-production-paired,7a0c8d773e18fec3531e40892a8156bda4350c12,20260927,180,offline_umi_n258_fwa_high_loss,dl,20.0,11,500.0194259399062,231.26509924495193,268.7496414308769,0.46251222902037015,0.9163791853520266,0,0,10.9431953,13.4815535,15.661970949999999,10.0,12.0,15.0,0.0,2.1316282072803006e-11,9.99999999999801,2.1316282072803006e-11,45.00000000000881,49.00000000000517,50.00000000000426,11.112826766911894,2400000,0,1133,160000,False,23989,23989,0.9995279166666666,0.9838041666666667,0.015731176426204536,0.332873185399068,1110628378.0617046,369698406.0,23989,0.019278409090909093,0.0,0.0,,,,,,,,,,,,
legacy-production-paired,7a0c8d773e18fec3531e40892a8156bda4350c12,20260927,180,offline_umi_n258_fwa_high_loss,ul,20.0,11,200.00810829859375,54.39867674147337,145.6085779255502,0.2719823571365474,0.3214405668739213,0,0,1.933544475,15.996924499999999,18.5694676,2.0,15.0,18.0,7.105427357601002e-12,10.000000000012221,20.000000000003126,30.000000000022453,8295.00000000001,11187.000000000018,11910.000000000018,11.112826766911894,2400000,0,0,160000,False,24000,24000,1.0,0.43480416666666666,0.5651958333333333,0.9896575820243346,86208661.00523862,85317055.0,24000,0.2922443181818182,0.1643181818181818,0.08522727272727272,,,,,,,,,,,,
legacy-production-paired,7a0c8d773e18fec3531e40892a8156bda4350c12,20260927,180,offline_umi_n40_npn,dl,20.0,11,50.001998931175,46.465858213738066,3.5394849080967266,0.9292800129389979,0.9309601788982763,0,0,14.1807287,27.4463225,33.0060861,13.0,25.0,27.0,3.552713678800501e-12,10.000000000005116,20.000000000003126,29.99999999999403,104.99999999999687,133.00000000000554,140.00000000000767,7.7783999890089035,785454,174546,0,160000,False,7854,7854,1.0,0.9888663117127164,0.011133688287283533,0.7205462743944767,100851354.84333445,72668068.0,7854,0.10276704545454546,5.681818181818182e-05,0.0,,,,,,,,,,,,
legacy-production-paired,7a0c8d773e18fec3531e40892a8156bda4350c12,20260927,180,offline_umi_n40_npn,ul,20.0,11,35.0014330397375,24.173026573847505,10.828309107204577,0.6906296249757434,0.5446745400387936,0,0,25.253355900000003,37.702992,47.43521065,23.0,27.0,27.0,2.1316282072803006e-11,10.000000000012221,20.000000000003126,30.000000000008242,50.00000000000426,65.99999999998973,69.99999999998607,7.7783999890089035,436368,523632,0,160000,False,4368,4368,1.0,0.8299256590767425,0.17007434092325743,0.757516237207806,51028114.12000935,38654625.0,4368,0.3218238636363636,0.0,0.0,,,,,,,,,,,,
legacy-production-observable,4e4ec5fdd26a74ad9c0b838313f39de4d0c9b021,20260927,180,offline_indoor_hotspot_n78_pedestrian,dl,20.0,11,65.00248032896874,42.20018107506923,22.91449295848025,0.6492087819033956,0.965172663631868,0,0,-0.08626152949999995,15.4237275,40.44465879999999,1.0,15.0,27.0,0.0,2.1316282072803006e-11,2.1316282072803006e-11,9.9999999999838,425.0000000000042,733.0000000000085,810.0000000000093,10.083522877190262,2225453,494547,281963,160000,False,19474,19474,0.8733008515569639,0.8584157922005093,0.017044595032647453,0.21095763622137179,322884694.8613059,68114992.0,19474,0.001778409090909091,0.000625,0.0,65.00252584536534,42.200560541283835,22.912717944871556,0.0,0.0013893368335520968,0.24425715357209832,192106.0,5.0,,300.00305,4.0,0.0
legacy-production-observable,4e4ec5fdd26a74ad9c0b838313f39de4d0c9b021,20260927,180,offline_indoor_hotspot_n78_pedestrian,ul,20.0,11,90.00373326203126,59.78331426046019,30.228468955524317,0.6642314945582398,0.6085301908778682,0,0,7.7906861350000005,28.0876705,52.852993049999995,7.0,25.0,27.0,3.552713678800501e-12,10.000000000012221,10.000000000012221,179.99999999999972,274.9999999999986,286.99999999999903,289.99999999999915,10.083522877190262,1236376,1483624,0,160000,False,12376,12376,1.0,0.5972317482707525,0.4027682517292474,0.4642626467354217,206230168.79185635,95744964.0,12376,0.1224659090909091,0.0007386363636363636,0.0,90.00375224076507,59.78181720732547,30.228739771235706,0.0,0.000819882492655791,0.21234534033377092,18154361.0,4.0,6.0,300.00305,4.0,0.0
legacy-production-observable,4e4ec5fdd26a74ad9c0b838313f39de4d0c9b021,20260927,180,offline_rural_n78_vehicular,dl,20.0,11,120.00509028978126,45.890575243511314,71.85398143879853,0.38240523908358753,0.33647851412439667,0,0,-17.03231585,-7.6635115,2.4129518799999947,-1.0,0.0,2.0,0.0,2.1316282072803006e-11,30.000000000001137,5100.000000000002,66240.0,94920.00000000003,102090.0,99.32336877984926,63534471,23825529,297214,160000,False,632141,632141,0.9953220040188893,0.7806223490866872,0.21570873954890232,0.6589589569359287,109351645.1086138,72058246.0,632141,0.30382954545454544,0.24227272727272728,0.18636363636363637,120.00509902493908,45.89130143133946,71.85411672604539,2.244873329583099,0.00020173135820988813,0.6437664291518219,29955494.0,71.0,,300.00305,4.0,0.0
legacy-production-observable,4e4ec5fdd26a74ad9c0b838313f39de4d0c9b021,20260927,180,offline_rural_n78_vehicular,ul,20.0,11,120.00509028978126,23.256806478245732,91.539895177465,0.193798499897684,0.14418745574372935,0,0,-15.29068005,-1.2272362,12.634875774999994,-1.0,0.0,10.0,3.552713678800501e-12,20.000000000003126,129.99999999999878,1990.000000000002,4740.000000000002,5028.000000000002,5100.000000000002,99.32336877984926,31767372,55592628,17811,160000,False,317532,317532,0.9994393303922025,0.5161397046000532,0.4835707492144537,0.7259050643625908,51093467.75610037,37089007.0,317532,0.3972045454545455,0.20255681818181817,0.03125,120.00509902493908,23.25725829739359,91.54024017126072,5.212928433027065,0.000150759422463904,0.43035437214825933,30463200.0,28.0,28.0,300.00305,4.0,0.0
legacy-production-observable,4e4ec5fdd26a74ad9c0b838313f39de4d0c9b021,20260927,180,offline_uma_n78_pedestrian,dl,20.0,21,180.00534647434378,102.29079290595895,77.5843987634711,0.5682653038338419,0.3162113355039555,2,0,-15.91857535,-13.16488275,-8.95865195,-1.0,-1.0,0.0,0.0,10.000000000012221,100.00000000001563,199.99999999999574,76166.0,76641.19999999998,76759.99999999999,14.525262250099331,2225453,494547,16533,160000,False,22100,22100,0.9925709507232909,0.9628107176381617,0.02998297810694819,0.7146685788357795,230168055.33547643,164493877.0,22100,0.38375,0.21641447368421052,0.10394736842105264,180.00541433839612,102.29082183886491,77.57948679917497,0.0,0.005075535970998188,0.7958027939246204,46689116.0,4.0,,300.00305,4.0,0.0
legacy-production-observable,4e4ec5fdd26a74ad9c0b838313f39de4d0c9b021,20260927,180,offline_uma_n78_pedestrian,ul,20.0,21,70.00206312395001,13.297179192348876,56.704666239573854,0.18995410419267306,0.1808170560889341,0,2,-16.91596945,-0.8239831950000001,2.700724724999998,-1.0,1.0,2.0,7.105427357601002e-12,39.99999999998494,89.99999999999804,2450.00000000001,159999.99999999997,159999.99999999997,159999.99999999997,14.525262250099331,1236376,1483624,0,160000,False,12376,12376,1.0,0.17729153590817032,0.8227084640918296,0.9899553266743341,22462086.31929018,22236462.0,12376,0.6210386904761904,0.3497321428571429,0.28214285714285714,70.00208877429843,13.297622576411031,56.70447151696982,0.0,0.0,0.0022056566035377214,21009556.0,2.0,2.0,300.00305,2.0,0.0
legacy-production-observable,4e4ec5fdd26a74ad9c0b838313f39de4d0c9b021,20260927,180,offline_umi_n258_fwa,dl,20.0,11,500.0194259399062,500.01825748971874,0.0,0.9999976631904145,0.9999994508489046,0,0,49.055258800000004,51.629824,53.7893353,27.0,27.0,27.0,0.0,2.1316282072803006e-11,2.1316282072803006e-11,2.1316282072803006e-11,2.1316282072803006e-11,2.1316282072803006e-11,2.1316282072803006e-11,9.662195915356278,2400000,0,11474,160000,False,23889,23889,0.9952191666666667,0.9950454166666667,0.00017458466016279496,0.3955045800704008,2021226846.1156733,799404475.0,23889,0.0,0.0,0.0,500.01972511406956,500.0187245890368,0.0,0.0,0.0,0.04723363960247516,1652653.0,3.0,,9.994507,1.0,0.0
legacy-production-observable,4e4ec5fdd26a74ad9c0b838313f39de4d0c9b021,20260927,180,offline_umi_n258_fwa,ul,20.0,11,200.00810829859375,157.05110667706126,42.95743352024923,0.7852236992442244,0.6094989518290064,0,0,41.7741498,53.636465,55.94157825,27.0,27.0,27.0,3.552713678800501e-12,10.000000000005116,10.000000000012221,20.000000000003126,20.000000000003126,20.000000000003126,20.000000000003126,9.662195915356278,2400000,0,0,160000,False,24000,24000,1.0,0.28789375,0.71210625,0.22227304068438342,1160702945.3758051,257992973.0,24000,0.11676704545454546,0.0,0.0,200.00817820488783,157.05065172198266,42.95773240827552,0.0,0.0,0.04024840927557973,30259224.0,2.0,3.0,300.00305,2.0,0.0
legacy-production-observable,4e4ec5fdd26a74ad9c0b838313f39de4d0c9b021,20260927,180,offline_umi_n258_fwa_high_loss,dl,20.0,11,500.0194259399062,231.26509924495193,268.7496414308769,0.46251222902037015,0.9163791853520266,0,0,10.9431953,13.4815535,15.661970949999999,10.0,12.0,15.0,0.0,2.1316282072803006e-11,9.99999999999801,2.1316282072803006e-11,45.00000000000881,49.00000000000517,50.00000000000426,10.980271474923939,2400000,0,1133,160000,False,23989,23989,0.9995279166666666,0.9838041666666667,0.015731176426204536,0.332873185399068,1110628378.0617046,369698406.0,23989,0.019278409090909093,0.0,0.0,500.01972511406956,231.26529977498598,268.7337032627039,0.0,0.01752432652040753,1.1348030564410279,127212081.0,5.0,,300.00305,4.0,0.0
legacy-production-observable,4e4ec5fdd26a74ad9c0b838313f39de4d0c9b021,20260927,180,offline_umi_n258_fwa_high_loss,ul,20.0,11,200.00810829859375,54.39867674147337,145.6085779255502,0.2719823571365474,0.3214405668739213,0,0,1.933544475,15.996924499999999,18.5694676,2.0,15.0,18.0,7.105427357601002e-12,10.000000000012221,20.000000000003126,30.000000000022453,8295.00000000001,11187.000000000018,11910.000000000018,10.980271474923939,2400000,0,0,160000,False,24000,24000,1.0,0.43480416666666666,0.5651958333333333,0.9896575820243346,86208661.00523862,85317055.0,24000,0.2922443181818182,0.1643181818181818,0.08522727272727272,200.00817820488783,54.39888853678355,145.60936757922371,0.0,0.0,0.0004694543408963061,60260433.0,1.0,4.0,300.00305,1.0,0.0
legacy-production-observable,4e4ec5fdd26a74ad9c0b838313f39de4d0c9b021,20260927,180,offline_umi_n40_npn,dl,20.0,11,50.001998931175,46.465858213738066,3.5394849080967266,0.9292800129389979,0.9309601788982763,0,0,14.1807287,27.4463225,33.0060861,13.0,25.0,27.0,3.552713678800501e-12,10.000000000005116,20.000000000003126,29.99999999999403,104.99999999999687,133.00000000000554,140.00000000000767,7.118926085997373,785454,174546,0,160000,False,7854,7854,1.0,0.9888663117127164,0.011133688287283533,0.7205462743944767,100851354.84333445,72668068.0,7854,0.10276704545454546,5.681818181818182e-05,0.0,50.00202053878368,46.4662395024689,3.5389791049440595,0.0,6.650415650978186e-05,0.12599871866991688,11530673.0,4.0,,300.00305,4.0,0.0
legacy-production-observable,4e4ec5fdd26a74ad9c0b838313f39de4d0c9b021,20260927,180,offline_umi_n40_npn,ul,20.0,11,35.0014330397375,24.173026573847505,10.828309107204577,0.6906296249757434,0.5446745400387936,0,0,25.253355900000003,37.702992,47.43521065,23.0,27.0,27.0,2.1316282072803006e-11,10.000000000012221,20.000000000003126,30.000000000008242,50.00000000000426,65.99999999998973,69.99999999998607,7.118926085997373,436368,523632,0,160000,False,4368,4368,1.0,0.8299256590767425,0.17007434092325743,0.757516237207806,51028114.12000935,38654625.0,4368,0.3218238636363636,0.0,0.0,35.001443190199396,24.172797281080072,10.828404694043378,0.0,9.844365272829553e-05,0.07593779611225702,10501771.0,4.0,4.0,300.00305,4.0,0.0
legacy-production-seed-20260928,4e4ec5fdd26a74ad9c0b838313f39de4d0c9b021,20260928,30,offline_indoor_hotspot_n78_pedestrian,dl,2.0,11,64.99639235888213,34.77301831959858,30.223841628925005,0.5349992062266613,0.954005118107423,0,0,3.2595610500000003,14.095478499999999,29.842840899999995,3.0,13.0,26.0,0.0,1.7763568394002505e-12,1.7763568394002505e-12,1.7763568394002505e-12,1.7763568394002505e-12,1.7763568394002505e-12,1.7763568394002505e-12,2.5665135546587408,389453,86547,10061,28000,False,3788,3788,0.974166330725402,0.9608476504225156,0.013671875,0.20152271494508633,47701416.699449785,9612919.0,3788,0.0,0.0,0.0,64.99660814576634,34.7714957484816,30.22574047874241,0.0,0.0011250089317613433,0.06441682743837085,18060898.0,4.0,,299.99995,4.0,0.0
legacy-production-seed-20260928,4e4ec5fdd26a74ad9c0b838313f39de4d0c9b021,20260928,30,offline_indoor_hotspot_n78_pedestrian,ul,2.0,11,89.99729556264285,48.58160120229642,41.419859941262544,0.5398117898829645,0.6620241324925,0,0,7.2404123,26.5396185,42.11727979999999,6.0,24.0,27.0,0.0,1.7763568394002505e-12,9.999999999999787,10.00000000000334,15.000000000001457,18.999999999999954,19.999999999999574,2.5665135546587408,216359,259641,0,28000,False,2159,2159,1.0,0.6889983776963288,0.31100162230367123,0.9897228499513402,13470212.393960044,13331777.0,2159,0.017954545454545456,0.0,0.0,89.99732543765631,48.58021561271883,41.41824265809218,0.0,0.0,0.0006108610217934976,27059092.0,2.0,2.0,300.0002,1.0,0.0
legacy-production-seed-20260928,4e4ec5fdd26a74ad9c0b838313f39de4d0c9b021,20260928,30,offline_rural_n78_vehicular,dl,2.0,11,119.99725728839286,78.02271347686653,40.39748756379964,0.6502041399942359,0.6258327703953539,0,0,-0.25061183099999884,5.2382765,12.57339334999997,1.0,3.0,10.0,0.0,1.7763568394002505e-12,20.000000000000462,290.0000000000009,15760.0,18864.000000000004,19640.0,19.00305054988712,11118471,4169529,16030,28000,False,110901,110901,0.9985582549974722,0.728472287241654,0.2704759250690907,0.7217058896098892,30718593.708558556,22169790.0,110901,0.2735714285714286,0.22727272727272727,0.17532467532467533,119.99719574848162,78.0261931404073,40.397184994640945,1.6320797427652733,0.00029489103251161133,1.1911845301893533,16986489.0,52.0,,300.0002,4.0,0.0
legacy-production-seed-20260928,4e4ec5fdd26a74ad9c0b838313f39de4d0c9b021,20260928,30,offline_rural_n78_vehicular,ul,2.0,11,119.99725728839286,39.464934919085955,64.76954654119679,0.32888197456245805,0.33952895877530365,0,0,-5.22837895,10.4027055,20.4729663,0.0,7.0,18.0,0.0,1.7763568394002505e-12,50.00000000000071,229.99999999999997,5045.000000000001,8337.000000000004,9160.0,19.00305054988712,5559372,9728628,723,28000,False,55692,55692,0.9998699493396017,0.6335175987503624,0.3664000011513589,0.588440534005793,18774250.517370444,11047530.0,55692,0.242012987012987,0.14253246753246754,0.06168831168831169,119.99719574848162,39.46280114326545,64.76900668095749,15.75597313326188,6.934619506966774e-05,0.640252232940336,21558104.0,20.0,21.0,300.0002,4.0,0.0
legacy-production-seed-20260928,4e4ec5fdd26a74ad9c0b838313f39de4d0c9b021,20260928,30,offline_uma_n78_pedestrian,dl,2.0,21,180.0075327259643,117.365054811532,62.64008025714548,0.652000797045552,0.5664599655225225,0,0,-3.243893065,-0.55864132,2.2167938549999997,0.0,1.0,2.0,0.0,9.999999999999787,29.99999999999936,30.000000000002913,509.9999999999998,19678.00000000002,24470.0,3.7729584709741175,389453,86547,0,28000,False,3893,3893,1.0,0.9743203929614099,0.025679607038590024,0.6093693784821201,54172797.593190186,33011244.0,3893,0.1522108843537415,0.05374149659863946,0.04081632653061224,180.0077861379064,117.368541764916,62.631303001071814,0.0,0.006717291889960701,0.5862386923901394,42330032.0,5.0,,300.0002,4.0,0.0
legacy-production-seed-20260928,4e4ec5fdd26a74ad9c0b838313f39de4d0c9b021,20260928,30,offline_uma_n78_pedestrian,ul,2.0,21,70.00313063782141,23.85067652344715,46.187910296006784,0.34070871268378766,0.41837443483892,0,0,-2.3627519349999995,11.2114285,14.12515655,0.0,10.0,13.0,4.440892098500626e-13,10.000000000001563,20.00000000000135,30.000000000001137,6499.999999999998,10740.000000000002,11799.999999999998,3.7729584709741175,216359,259641,0,28000,False,2159,2159,1.0,0.3444737681353676,0.6555262318646324,0.9510035901365606,6967034.687059991,6625675.0,2159,0.31270408163265306,0.13180272108843538,0.08333333333333333,70.00322454448019,23.85003983565559,46.185965987852796,0.0,0.0,0.0033359056806002148,19393897.0,1.0,2.0,300.0002,1.0,0.0
legacy-production-seed-20260928,4e4ec5fdd26a74ad9c0b838313f39de4d0c9b021,20260928,30,offline_umi_n258_fwa,dl,2.0,11,499.97490497625006,499.97049159221433,0.0,0.9999911727888904,0.9999953344635368,0,0,42.326208599999994,45.019611499999996,47.166444299999995,26.0,27.0,27.0,0.0,1.7763568394002505e-12,1.7763568394002505e-12,1.7763568394002505e-12,1.7763568394002505e-12,1.7763568394002505e-12,1.7763568394002505e-12,2.459029538091272,420000,0,2015,28000,False,4181,4181,0.995202380952381,0.9949404761904762,0.0002631673385408567,0.39650377762997124,353392925.62999374,140121630.0,4181,0.0,0.0,0.0,499.97625255448384,499.9730672025723,0.0,0.0,0.0,0.05859428367274026,1635071.0,2.0,,8.000373999999999,1.0,0.0
legacy-production-seed-20260928,4e4ec5fdd26a74ad9c0b838313f39de4d0c9b021,20260928,30,offline_umi_n258_fwa,ul,2.0,11,199.99255149589283,158.8384594289143,41.15710029381554,0.7942218759690973,0.6258665126442001,0,0,34.438584999999996,46.9498075,49.2879338,26.0,27.0,27.0,0.0,9.999999999999787,10.00000000000334,20.00000000000135,20.00000000000135,20.00000000000135,20.00000000000135,2.459029538091272,420000,0,0,28000,False,4200,4200,1.0,0.2984785714285714,0.7015214285714285,0.21974461716307717,202803611.64399928,44565002.0,4200,0.12652597402597401,0.0,0.0,199.99278663808505,158.82544058592356,41.16769560557342,0.0,0.0,0.0962042872454448,30336090.0,2.0,2.0,299.99924,1.0,0.0
legacy-production-seed-20260928,4e4ec5fdd26a74ad9c0b838313f39de4d0c9b021,20260928,30,offline_umi_n258_fwa_high_loss,dl,2.0,11,499.97490497625006,185.28715776980002,314.6824366158143,0.3705929156156379,0.7041623996638483,0,0,2.1068446649999997,4.7180332499999995,6.932204075,2.0,4.0,5.0,0.0,1.7763568394002505e-12,30.000000000002913,1.7763568394002505e-12,225.00000000000054,269.0000000000011,280.00000000000114,2.733320222236216,420000,0,2901,28000,False,4172,4172,0.9930928571428571,0.9723190476190476,0.020918295176924423,0.3632331891056262,141417311.35990062,51367461.0,4172,0.1036038961038961,0.001948051948051948,0.0,499.97625255448384,185.29378288674528,314.66371622007864,0.0,0.010697999285459094,1.041475491246874,130060688.0,4.0,,300.0002,4.0,0.0
legacy-production-seed-20260928,4e4ec5fdd26a74ad9c0b838313f39de4d0c9b021,20260928,30,offline_umi_n258_fwa_high_loss,ul,2.0,11,199.99255149589283,26.8878221102825,173.10500183574402,0.13444411758922273,0.2001625053136978,1,3,-7.759732615,-1.74109555,9.016115499999998,0.0,0.0,7.0,0.0,9.999999999999787,20.00000000000135,40.000000000000924,28000.0,28000.0,28000.0,2.733320222236216,420000,0,0,28000,False,4200,4200,1.0,0.21743809523809524,0.7825619047619048,0.9889732606392354,8784130.31550001,8687270.0,4200,0.3782142857142857,0.27071428571428574,0.2,199.99278663808505,26.886831225437657,173.10652704537335,0.0,0.0,0.0,60240335.0,2.0,3.0,300.0002,1.0,0.0
legacy-production-seed-20260928,4e4ec5fdd26a74ad9c0b838313f39de4d0c9b021,20260928,30,offline_umi_n40_npn,dl,2.0,11,49.99792203292857,41.838399001127506,8.14664857275253,0.8368027569940364,0.8621445629094988,0,0,12.670195000000001,17.215874499999998,21.277638849999995,11.0,16.0,21.0,0.0,10.000000000001563,20.00000000000135,39.99999999999737,55.000000000000604,59.000000000000526,60.0000000000005,1.4133078949525952,137454,30546,0,28000,False,1374,1374,1.0,0.9864900257540704,0.013509974245929547,0.7017003378962309,16003389.75703993,11229584.0,1374,0.17305194805194804,0.0,0.0,49.99800607359773,41.838720543051096,8.146603787066809,0.0,0.0,0.031238120757413362,12594506.0,2.0,,300.0002,2.0,0.0
legacy-production-seed-20260928,4e4ec5fdd26a74ad9c0b838313f39de4d0c9b021,20260928,30,offline_umi_n40_npn,ul,2.0,11,34.99880436596428,17.363339133910713,17.63694411252915,0.4961123515063918,0.6438965700252143,0,0,21.941047049999998,30.589251,34.783893,21.0,26.0,27.0,0.0,10.000000000000231,10.00000000000334,20.00000000000135,25.000000000000355,28.999999999999563,29.99999999999936,1.4133078949525952,76362,91638,0,28000,False,762,762,1.0,0.9396951363243498,0.060304863675650196,0.9891702554143339,4960882.085910012,4907157.0,762,0.15564935064935065,0.0,0.0,34.99883276170061,17.364325366202216,17.63588138620936,0.0,0.0,0.0,10508812.0,1.0,2.0,299.99995,1.0,0.0
legacy-production-seed-20260929,4e4ec5fdd26a74ad9c0b838313f39de4d0c9b021,20260929,30,offline_indoor_hotspot_n78_pedestrian,dl,2.0,11,64.97310868930002,25.500119459446427,39.46910429750144,0.39247190066566523,0.9400536439962451,0,0,5.703592485000001,28.8915175,40.433891599999995,5.0,25.0,27.0,0.0,1.7763568394002505e-12,1.7763568394002505e-12,1.7763568394002505e-12,1.7763568394002505e-12,1.7763568394002505e-12,1.7763568394002505e-12,2.6524449698626995,389453,86547,14981,28000,False,3736,3736,0.961533227372751,0.9517220306429788,0.010203700143134866,0.13009246501997332,55696315.68505955,7245671.0,3736,0.0,0.0,0.0,64.97256355841373,25.50223576277242,39.46635205430511,0.0,0.000614790996784566,0.042368238656663094,18120353.0,3.0,,299.99995,4.0,0.0
legacy-production-seed-20260929,4e4ec5fdd26a74ad9c0b838313f39de4d0c9b021,20260929,30,offline_indoor_hotspot_n78_pedestrian,ul,2.0,11,89.99050501721429,58.88802981206391,30.627631390012073,0.6543804793716761,0.7670370490294386,0,0,10.190720000000002,36.138240999999994,46.172190199999996,9.0,26.0,27.0,0.0,1.7763568394002505e-12,10.000000000000675,20.00000000000135,1460.0,2028.0000000000005,2170.0,2.6524449698626995,216359,259641,0,28000,False,2159,2159,1.0,0.7175389052454485,0.28246109475455144,0.9827573763569651,17886012.78696006,17577611.0,2159,0.0671103896103896,0.024025974025974027,0.006493506493506494,89.99008931761342,58.87811486245087,30.631449553411937,0.0,0.0,0.1061706680957485,26995673.0,2.0,4.0,300.0002,4.0,0.0
legacy-production-seed-20260929,4e4ec5fdd26a74ad9c0b838313f39de4d0c9b021,20260929,30,offline_rural_n78_vehicular,dl,2.0,11,119.9977923151786,72.05821281945555,46.429488605604796,0.6004961543808407,0.5709661628553255,0,0,-10.756489100000001,-1.02818605,13.1277315,0.0,0.0,10.0,0.0,1.7763568394002505e-12,29.99999999999936,289.99999999999915,6505.0,8397.000000000002,8870.0,18.46290358202532,11118471,4169529,19158,28000,False,111012,111012,0.998276921350067,0.6987716206661869,0.3000222626391381,0.6269845366390706,31608446.208631806,19818007.0,111012,0.17821428571428571,0.10844155844155844,0.06818181818181818,119.99736584494464,72.05458113612005,46.43034205073241,1.48579567702751,0.0006352983208288674,1.4055739192568775,21373728.0,54.0,,300.0002,4.0,0.0
legacy-production-seed-20260929,4e4ec5fdd26a74ad9c0b838313f39de4d0c9b021,20260929,30,offline_rural_n78_vehicular,ul,2.0,11,119.9977923151786,34.41033173155711,71.50534886595715,0.28675804002441235,0.28597267519195185,0,0,-9.864294800000001,3.6048204999999998,16.188618349999995,0.0,2.0,13.0,0.0,10.000000000000231,80.00000000000007,290.0000000000009,980.0000000000005,1196.0000000000002,1250.0,18.46290358202532,5559372,9728628,45,28000,False,55692,55692,0.9999919055605562,0.597232385240635,0.4027627804588577,0.6278025126312891,15419970.142243618,9680696.0,55692,0.26246753246753246,0.09512987012987013,0.003246753246753247,119.99736584494464,34.410556305823505,71.50324883887103,14.09240625223294,0.0003261879242586639,0.6687263665594856,24259607.0,19.0,24.0,300.0002,4.0,0.0
legacy-production-seed-20260929,4e4ec5fdd26a74ad9c0b838313f39de4d0c9b021,20260929,30,offline_uma_n78_pedestrian,dl,2.0,21,179.95977739882142,124.59324907132009,55.181072433879145,0.6923394264663948,0.5655035714189471,3,3,-0.06269241639999985,2.9099251,5.126520599999997,1.0,3.0,4.0,0.0,9.999999999999787,30.000000000002913,125.0,1350.499999999994,3166.099999999994,3619.999999999999,3.5947783328592777,389453,86547,0,28000,False,3893,3893,1.0,0.9204859122923691,0.07951408770763096,0.6284346390374722,55945601.68397018,35158154.0,3893,0.1658531746031746,0.05634920634920635,0.00992063492063492,179.9589110753841,124.5960997499107,55.1743351911397,0.0,0.010001429081814936,1.0334670239371204,41040255.0,3.0,,300.0002,4.0,0.0
legacy-production-seed-20260929,4e4ec5fdd26a74ad9c0b838313f39de4d0c9b021,20260929,30,offline_uma_n78_pedestrian,ul,2.0,21,69.98481882042857,26.94898612068322,43.02403590389494,0.38506902746766575,0.4653888151642591,0,2,-0.13176025949999964,12.77928675,15.13533985,1.0,12.0,14.0,0.0,10.000000000000231,39.99999999999915,259.9999999999998,28000.0,28000.0,28000.0,3.5947783328592777,216359,259641,0,28000,False,2159,2159,1.0,0.2839123863578589,0.716087613642141,0.733845069304895,10317399.839139992,7571373.0,2159,0.42887755102040814,0.3168367346938776,0.24489795918367346,69.9844900678814,26.946417506252235,43.022660057163286,0.0,0.0007928188638799572,0.1402498749553412,18926781.0,2.0,3.0,300.0002,4.0,0.0
legacy-production-seed-20260929,4e4ec5fdd26a74ad9c0b838313f39de4d0c9b021,20260929,30,offline_umi_n258_fwa,dl,2.0,11,499.8253055923215,499.82155783303574,0.0,0.9999925018616628,0.9999964035131012,0,0,41.9145065,44.486745,46.586446849999994,26.0,27.0,27.0,0.0,1.7763568394002505e-12,1.7763568394002505e-12,1.7763568394002505e-12,1.7763568394002505e-12,1.7763568394002505e-12,1.7763568394002505e-12,2.4036369216628373,420000,0,2076,28000,False,4179,4179,0.9950571428571429,0.9949595238095238,9.810396148582038e-05,0.3960397547450067,353335967.72399354,139935090.0,4179,0.0,0.0,0.0,499.82150468024287,499.8223609860665,0.0,0.0,0.0,0.0491524115755627,1569589.0,1.0,,7.999897000000001,1.0,0.0
legacy-production-seed-20260929,4e4ec5fdd26a74ad9c0b838313f39de4d0c9b021,20260929,30,offline_umi_n258_fwa,ul,2.0,11,199.96147934410712,157.10339249834286,42.864717035232495,0.7856682847799341,0.6104070164044608,0,0,34.26562,46.2901175,48.58320319999999,26.0,27.0,27.0,0.0,9.999999999999787,10.000000000001563,20.000000000000462,20.00000000000135,20.00000000000135,20.00000000000135,2.4036369216628373,420000,0,0,28000,False,4200,4200,1.0,0.2928428571428571,0.7071571428571428,0.2190081508232616,202748134.4099991,44403494.0,4200,0.1086038961038961,0.0,0.0,199.96034244372993,157.09994490889605,42.8653911754198,0.0,0.0,0.056251339764201505,30299056.0,1.0,1.0,6.9999695,1.0,0.0
legacy-production-seed-20260929,4e4ec5fdd26a74ad9c0b838313f39de4d0c9b021,20260929,30,offline_umi_n258_fwa_high_loss,dl,2.0,11,499.8253055923215,172.85217763185355,326.9584043122306,0.3458251827146164,0.7945161555930582,0,0,5.900443930000001,8.4496175,10.629329,5.0,7.0,9.0,0.0,1.7763568394002505e-12,9.999999999999787,1.7763568394002505e-12,45.00000000000082,49.00000000000216,50.00000000000249,2.574743688106537,420000,0,898,28000,False,4189,4189,0.9978619047619047,0.9793738095238095,0.018527709245004798,0.38868509884844327,124806317.87460223,48510356.0,4189,0.02409090909090909,0.0,0.0,499.82150468024287,172.85191754197928,326.92746155769913,0.0,0.024526509467667025,1.6310145766345125,129870950.0,5.0,,300.0002,4.0,0.0
legacy-production-seed-20260929,4e4ec5fdd26a74ad9c0b838313f39de4d0c9b021,20260929,30,offline_umi_n258_fwa_high_loss,ul,2.0,11,199.96147934410712,25.823579020682498,174.13736184212178,0.12914276842413008,0.1775139981470068,0,2,-3.5570290349999993,9.227426000000001,12.9918943,0.0,8.0,12.0,0.0,9.999999999999787,19.999999999999574,30.000000000001137,28000.0,28000.0,28000.0,2.574743688106537,420000,0,0,28000,False,4200,4200,1.0,0.29085,0.70915,0.9904345315851081,5702727.257459977,5648178.0,4200,0.3400324675324675,0.2720779220779221,0.2662337662337662,199.96034244372993,25.8241320471597,174.13469153269028,0.0,0.0,0.0,60192889.0,2.0,2.0,300.0002,1.0,0.0
legacy-production-seed-20260929,4e4ec5fdd26a74ad9c0b838313f39de4d0c9b021,20260929,30,offline_umi_n40_npn,dl,2.0,11,49.98775672275,40.425266609845,9.526368144440713,0.8087033557848576,0.8110342369505337,0,0,15.509094650000002,21.0283425,27.8030795,14.0,21.0,26.0,0.0,10.000000000001563,29.99999999999936,20.00000000000135,65.0000000000004,69.00000000000031,70.00000000000028,1.8372101057320833,137454,30546,0,28000,False,1374,1374,1.0,0.986468200270636,0.013531799729364006,0.6957338293169828,15694243.315319939,10919016.0,1374,0.15948051948051947,0.0,0.0,49.9874405501965,40.427809253304744,9.52517806359414,0.0,0.0,0.04092093604858878,12071491.0,3.0,,300.0002,2.0,0.0
legacy-production-seed-20260929,4e4ec5fdd26a74ad9c0b838313f39de4d0c9b021,20260929,30,offline_umi_n40_npn,ul,2.0,11,34.994565442571435,15.78606972385,19.209188493829252,0.4511006073144717,0.4652360524396789,0,0,20.109901750000002,28.855531499999998,38.80467135,19.0,26.0,27.0,1.7763568394002505e-12,10.000000000001563,20.00000000000135,20.00000000000135,40.000000000000924,47.99999999999934,49.999999999998934,1.8372101057320833,76362,91638,0,28000,False,762,762,1.0,0.9324664099944999,0.06753359000550012,0.988727780960887,4506087.606510013,4455294.0,762,0.24555194805194805,0.0,0.0,34.99438242229368,15.785762343694174,19.208549231868528,0.0,0.0,0.0,10525579.0,1.0,3.0,300.0002,1.0,0.0
