profile,ue_id,direction,generated_mbps,throughput_mbps,error_mbps,demand_satisfaction,sinr_p05_db,sinr_p50_db,sinr_p95_db,mcs_p05,mcs_p50,mcs_p95,outage_fraction,outage,zero_throughput,service_gap_p50_ms,service_gap_p95_ms,service_gap_p99_ms,service_gap_max_ms,admitted_mbps,delivered_counter_mbps,expired_mbps,queue_dropped_mbps,radio_dropped_mbps,retransmitted_mbps,pending_bits_last,harq_queue_blocks_max,harq_high_water_blocks,harq_oldest_age_ms_max,harq_retry_ordinal_max,conservation_residual_abs_max_bits,zero_10ms_windows,eligible_10ms_windows,zero_10ms_fraction,zero_100ms_windows,eligible_100ms_windows,zero_100ms_fraction,zero_1000ms_windows,eligible_1000ms_windows,zero_1000ms_fraction
offline_umi_n40_npn,0,dl,29.98638258357143,24.19496621632143,5.791070286595,0.8068651211559299,12.233576675,16.544881,20.19650855,11.0,16.0,20.0,0.0,False,False,0.0,1.7763568394002505e-12,1.7763568394002505e-12,1.7763568394002505e-12,29.986116220078603,24.196832225794925,5.789762093604859,0.0,0.0,0.0,9009423.0,3.0,,300.0002,1.0,0.0,0,2800,0.0,0,280,0.0,0,28,0.0
offline_umi_n40_npn,0,ul,14.993191303392859,6.404468102821429,8.588698923142857,0.4271584329996604,5.8455916,21.15959,26.9533309,4.0,21.0,26.0,0.0,False,False,0.0,1.7763568394002505e-12,1.7763568394002505e-12,1.7763568394002505e-12,14.993058092175778,6.40430950339407,8.588079992854592,0.0,0.0,0.0,4529492.0,1.0,3.0,300.0002,1.0,0.0,0,2800,0.0,0,280,0.0,0,28,0.0
offline_umi_n40_npn,1,dl,2.0000572142142854,0.8435022098532142,1.1566247137410715,0.42173904019269803,-0.9003443149999998,6.861667000000001,11.258573399999998,1.0,5.0,9.0,0.0,False,False,1.7763568394002505e-12,30.00000000000025,40.000000000000924,60.0000000000005,2.0000610217934978,0.8438035727045374,1.1563172561629154,0.0,0.0,0.0,599220.0,1.0,,300.0002,1.0,0.0,1228,2800,0.43857142857142856,0,280,0.0,0,28,0.0
offline_umi_n40_npn,1,ul,2.0000572142142854,0.9680989253642858,1.0320279999035,0.48403561582342014,10.73764875,20.219352999999998,24.917463050000002,9.0,20.0,24.0,0.0,False,False,4.440892098500626e-13,10.000000000001563,20.00000000000135,30.000000000002913,2.0000610217934978,0.9682177206145053,1.0319031082529475,0.0,0.0,0.0,599220.0,1.0,1.0,300.0002,1.0,0.0,588,2800,0.21,0,280,0.0,0,28,0.0
offline_umi_n40_npn,10,dl,2.000254249321429,0.5347773200592857,1.4655505003625,0.26735467265759083,-1.87607886,2.5002575,6.14690888,1.0,2.0,4.0,0.0,False,False,1.7763568394002505e-12,30.000000000001137,49.999999999998934,70.00000000000028,2.000246659521258,0.5347312611647017,1.4655783851375492,0.0,0.0,0.0,600710.0,1.0,,300.0002,1.0,0.0,1324,2800,0.47285714285714286,0,280,0.0,0,28,0.0
offline_umi_n40_npn,10,ul,2.000254249321429,0.1150476431125,1.8852801776071428,0.05751650978945754,-9.690263725000001,1.50839045,5.5403645349999975,0.0,2.0,4.0,0.0425,False,False,0.0,10.000000000000231,20.00000000000135,49.999999999998934,2.000246659521258,0.11508135048231512,1.8852170060735978,0.0,0.0,0.0,600710.0,1.0,1.0,299.99924,1.0,0.0,435,2800,0.15535714285714286,0,280,0.0,0,28,0.0
offline_umi_n40_npn,2,dl,2.000809855892857,1.9890403575764286,0.0,0.9941176327766658,17.7111811,24.1936045,32.3724889,17.0,23.0,27.0,0.0,False,False,0.0,9.999999999999787,10.000000000001563,30.00000000000025,2.0008073954983923,1.9885276170060737,0.0,0.0,0.0,0.012943301178992499,388975.0,1.0,,215.00015,2.0,0.0,170,2800,0.060714285714285714,0,280,0.0,0,28,0.0
offline_umi_n40_npn,2,ul,2.000809855892857,1.1194633591821428,0.8813021068339286,0.5595051203316793,29.326964,37.644113000000004,46.184846300000004,25.0,27.0,27.0,0.0,False,False,1.7763568394002505e-12,10.00000000000334,20.00000000000135,20.00000000000135,2.0008073954983923,1.1198633083244018,0.8810810646659523,0.0,0.0,0.0,601069.0,0.0,1.0,-1000.0,-1.0,0.0,924,2800,0.33,0,280,0.0,0,28,0.0
offline_umi_n40_npn,3,dl,1.999543568214286,1.9991315006378572,0.0,0.9997939191808675,20.675713,25.377757,29.341016699999997,20.0,24.0,26.0,0.0,False,False,0.0,1.7763568394002505e-12,1.7763568394002505e-12,10.00000000000334,1.9995308681672026,1.9991912111468382,0.0,0.0,0.0,0.005891639871382637,17745.0,1.0,,17.999648999999998,1.0,0.0,19,2800,0.0067857142857142855,0,280,0.0,0,28,0.0
offline_umi_n40_npn,3,ul,1.999543568214286,1.1169793250142857,0.8825885718986499,0.5586171478182974,27.227186099999997,34.47871,38.80467135,24.0,27.0,27.0,0.0,False,False,1.7763568394002505e-12,10.00000000000334,20.00000000000135,20.00000000000135,1.9995308681672026,1.1169528403001072,0.8828386923901393,0.0,0.0,0.0,595365.0,1.0,1.0,299.99995,1.0,0.0,907,2800,0.32392857142857145,0,280,0.0,0,28,0.0
offline_umi_n40_npn,4,dl,2.0008832135,1.9713821819814286,0.0392084647625,0.9852559952927151,15.509094650000002,21.0283425,25.938150999999998,14.0,21.0,25.0,0.0,False,False,0.0,10.000000000000231,19.999999999997797,20.00000000000135,2.0008763844230084,1.9715722758127905,0.03922247231153984,0.0,0.0,0.007733976420150054,263266.0,1.0,,300.0002,1.0,0.0,444,2800,0.15857142857142856,0,280,0.0,0,28,0.0
offline_umi_n40_npn,4,ul,2.0008832135,1.099543717117857,0.9014838226317857,0.5495291827624986,19.8993227,28.175186,33.35512315,19.0,25.0,27.0,0.0,False,False,1.7763568394002505e-12,10.000000000001563,20.000000000000462,20.00000000000135,2.0008763844230084,1.099484601643444,0.9015143622722401,0.0,0.0,0.0,599979.0,0.0,1.0,-1000.0,-1.0,0.0,746,2800,0.2664285714285714,0,280,0.0,0,28,0.0
offline_umi_n40_npn,5,dl,1.9992693233571428,1.999312678975,0.0,1.0,21.60663815,25.910379499999998,29.61023655,20.0,24.0,26.0,0.0,False,False,0.0,1.7763568394002505e-12,1.7763568394002505e-12,10.00000000000334,1.9992760986066453,2.000026973919257,0.0,0.0,0.0,0.0043631296891747055,12965.0,1.0,,18.000126,2.0,0.0,15,2800,0.005357142857142857,0,280,0.0,0,28,0.0
offline_umi_n40_npn,5,ul,1.9992693233571428,1.1183935030357142,0.8807196065331071,0.5594011221848414,29.023197749999998,36.807416,40.630177499999995,24.0,27.0,27.0,0.0,False,False,1.7763568394002505e-12,10.00000000000334,20.00000000000135,29.99999999999936,1.9992760986066453,1.1187930689531977,0.8804988567345481,0.0,0.0,0.0,602700.0,0.0,1.0,-1000.0,-1.0,0.0,922,2800,0.3292857142857143,0,280,0.0,0,28,0.0
offline_umi_n40_npn,6,dl,1.9996847864642857,1.1926764626310715,0.7934368578515357,0.5964322330720361,4.12777763,9.96602,16.80859275,3.0,8.0,16.0,0.0,False,False,1.7763568394002505e-12,20.00000000000135,30.000000000002913,50.00000000000071,1.9996633083244018,1.1927762772418722,0.7937203286888175,0.0,0.0,0.001744194355126831,601113.0,2.0,,300.0002,1.0,0.0,1072,2800,0.38285714285714284,0,280,0.0,0,28,0.0
offline_umi_n40_npn,6,ul,1.9996847864642857,0.4975729282553571,1.5021521435999998,0.24882568073897968,-0.43652529249999994,9.818482,16.8406687,1.0,8.0,16.0,0.0,False,False,0.0,9.999999999999787,10.00000000000334,30.000000000002913,1.9996633083244018,0.4977506966773848,1.5019719899964274,0.0,0.0,0.0,601113.0,1.0,1.0,299.99924,1.0,0.0,308,2800,0.11,0,280,0.0,0,28,0.0
offline_umi_n40_npn,7,dl,2.0006145708214285,2.0005522871142856,0.0,0.9999688677129261,24.8477559,29.351236999999998,33.596702300000004,23.0,26.0,27.0,0.0,False,False,0.0,1.7763568394002505e-12,1.7763568394002505e-12,9.999999999999787,2.000611254019293,2.000620650232226,0.0,0.0,0.0,0.0023575919971418366,7796.0,1.0,,10.000229,1.0,0.0,2,2800,0.0007142857142857143,0,280,0.0,0,28,0.0
offline_umi_n40_npn,7,ul,2.0006145708214285,1.1207147157035715,0.8800198573400001,0.5601852211060422,35.1647326,42.4784585,47.0583866,26.0,27.0,27.0,0.0,False,False,1.7763568394002505e-12,10.00000000000334,20.00000000000135,20.00000000000135,2.000611254019293,1.1204607717041801,0.8801769917827795,0.0,0.0,0.0,601376.0,0.0,1.0,-1000.0,-1.0,0.0,966,2800,0.345,0,280,0.0,0,28,0.0
offline_umi_n40_npn,8,dl,2.0000561446785716,2.000045963103571,0.0,0.9999949093554061,34.24517165,38.86565950000001,43.97819825,26.0,27.0,27.0,0.0,False,False,0.0,1.7763568394002505e-12,1.7763568394002505e-12,1.7763568394002505e-12,2.0000587709896394,2.0000431225437656,0.0,0.0,0.0,0.0,6347.0,0.0,,-1000.0,-1.0,0.0,0,2800,0.0,0,280,0.0,0,28,0.0
offline_umi_n40_npn,8,ul,2.0000561446785716,1.1235921430892857,0.8764447846185714,0.5617803010574275,45.391902,52.624882,58.00080634999999,27.0,27.0,27.0,0.0,False,False,1.7763568394002505e-12,10.00000000000334,20.00000000000135,20.00000000000135,2.0000587709896394,1.1233392282958201,0.8764756698821008,0.0,0.0,0.0,601361.0,0.0,0.0,-1000.0,-1.0,0.0,961,2800,0.3432142857142857,0,280,0.0,0,28,0.0
offline_umi_n40_npn,9,dl,2.000201212714286,1.6998794315914285,0.28047732112810714,0.8498542150590346,9.7367106,16.476920999999997,27.8030795,8.0,15.0,26.0,0.0,False,False,4.440892098500626e-13,19.999999999999574,20.00000000000135,40.000000000000924,2.0001925687745628,1.6996840657377636,0.28057752768846017,0.0,0.0,0.005887102536620222,563931.0,2.0,,300.0002,1.0,0.0,638,2800,0.22785714285714287,0,280,0.0,0,28,0.0
offline_umi_n40_npn,9,ul,2.000201212714286,1.1021953611535713,0.8984704997197144,0.5510422422241636,20.109901750000002,28.855531499999998,40.7664391,19.0,26.0,27.0,0.0,False,False,1.7763568394002505e-12,10.00000000000334,20.00000000000135,20.00000000000135,2.0001925687745628,1.101509253304752,0.8987914969632012,0.0,0.0,0.0,593194.0,1.0,1.0,298.9998,1.0,0.0,806,2800,0.28785714285714287,0,280,0.0,0,28,0.0
offline_uma_n78_pedestrian,0,dl,79.96368687571429,69.56974525296428,10.2715511425725,0.8700167284819537,20.00095315,22.675983000000002,25.05309805,19.0,22.0,24.0,0.0,False,False,0.0,1.7763568394002505e-12,1.7763568394002505e-12,9.999999999999787,79.96297656305825,69.57333865666311,10.275220864594498,0.0,0.0,0.09961950696677385,23413416.0,3.0,,300.0002,2.0,0.0,1,2800,0.00035714285714285714,0,280,0.0,0,28,0.0
offline_uma_n78_pedestrian,0,ul,29.98638258357143,7.923747003607144,22.0621214475,0.26424484452313723,14.091344,30.190955000000002,32.8239918,13.0,26.0,26.0,0.0,False,False,0.0,1.7763568394002505e-12,9.999999999999787,10.00000000000334,29.986116220078603,7.923548445873527,22.060889496248663,0.0,0.0,0.0,9042818.0,1.0,3.0,300.0002,1.0,0.0,29,2800,0.010357142857142856,0,280,0.0,0,28,0.0
offline_uma_n78_pedestrian,1,dl,5.000143031392858,0.008350785756785715,4.9919665381071425,0.0016701093757430956,-17.5512889,-15.117597499999999,-13.040927550000001,-1.0,-1.0,-1.0,0.9810714285714286,False,False,70.00000000000028,1142.0,2331.9999999999964,3619.999999999999,5.000152554483744,0.00835376920328689,4.991948374419436,0.0,0.0,0.0,1498049.0,0.0,,-1000.0,-1.0,0.0,2708,2800,0.9671428571428572,223,280,0.7964285714285714,5,28,0.17857142857142858
offline_uma_n78_pedestrian,1,ul,2.0000572142142854,0.004408642898214286,1.9957182848214285,0.0022042583916511626,-19.3798795,-2.3777061,0.2804379924999996,-1.0,0.0,1.0,0.26321428571428573,False,False,70.00000000000028,1863.4999999999964,2275.0000000000027,2690.000000000003,2.0000610217934978,0.0044102179349767776,1.9957106109324758,0.0,0.0,0.0,599220.0,0.0,1.0,-1000.0,-1.0,0.0,2717,2800,0.9703571428571428,222,280,0.7928571428571428,6,28,0.21428571428571427
offline_uma_n78_pedestrian,10,dl,5.000635604357143,5.000421143357143,0.0,0.9999571132518009,18.175643,20.722537000000003,22.897401249999998,18.0,20.0,22.049999999999727,0.0,False,False,0.0,1.7763568394002505e-12,1.7763568394002505e-12,1.7763568394002505e-12,5.0006166488031445,5.000442586638085,0.0,0.0,0.0,0.08416952483029654,20535.0,3.0,,31.000137000000002,4.0,0.0,0,2800,0.0,0,280,0.0,0,28,0.0
offline_uma_n78_pedestrian,10,ul,2.000254249321429,1.9829605719785715,0.009274821635714286,0.9913542604152826,9.24667575,21.0674335,23.4712412,8.0,21.0,23.0,0.0,False,False,0.0,9.999999999999787,10.00000000000334,270.00000000000045,2.000246659521258,1.982510896748839,0.009278135048231512,0.0,0.0,0.024102000714540908,249100.0,1.0,1.0,298.9998,2.0,0.0,463,2800,0.16535714285714287,3,280,0.010714285714285714,0,28,0.0
offline_uma_n78_pedestrian,11,dl,4.9982972864285715,0.0,4.998072506535714,0.0,-22.581237299999998,-19.539197,-16.452536350000003,-1.0,-1.0,-1.0,1.0,True,True,,,,,4.998282565201858,0.0,4.998054733833512,0.0,0.0,0.0,1509998.0,0.0,,-1000.0,-1.0,0.0,0,0,,0,0,,0,0,
offline_uma_n78_pedestrian,11,ul,1.9993188918214286,3.54642875e-05,1.9991935339285716,1.773818456128885e-05,-23.0832973,-6.57161025,-2.801644850000001,-1.0,0.0,0.0,0.2725,False,False,13995.000000000002,18238.5,18615.699999999997,18709.999999999996,1.999313004644516,3.547695605573419e-05,1.9991864237227581,0.0,0.0,0.0,603999.0,0.0,0.0,-1000.0,-1.0,0.0,2799,2800,0.9996428571428572,279,280,0.9964285714285714,27,28,0.9642857142857143
offline_uma_n78_pedestrian,12,dl,4.999875178714285,4.99775893175,0.0021120357642857145,0.9995767400407725,14.011908499999999,16.4973755,18.654065,13.0,16.0,18.0,0.0,False,False,0.0,1.7763568394002505e-12,1.7763568394002505e-12,1.7763568394002505e-12,4.99990532332976,4.997775384065738,0.0,0.0,0.0021127902822436584,0.1332650232225795,15129.0,3.0,,34.000397,4.0,0.0,0,2800,0.0,0,280,0.0,0,28,0.0
offline_uma_n78_pedestrian,12,ul,1.9999500693928574,2.000556605025,0.00035678571428571427,1.0,17.5107969,29.915459,32.404256149999995,17.0,25.0,26.0,0.0,False,False,0.0,1.7763568394002505e-12,10.000000000000334,20.000000000000462,1.9999621293319045,1.9997803858520902,0.0,0.0,0.00035691318327974277,0.05509874955341194,11944.0,2.0,2.0,56.000233,4.0,0.0,123,2800,0.04392857142857143,0,280,0.0,0,28,0.0
offline_uma_n78_pedestrian,13,dl,4.996714501964286,4.994622579295357,0.023788106892857142,0.9995813403651326,0.5853501425000001,3.03631355,5.126520599999997,2.0,3.0,4.0,0.0,False,False,0.0,9.999999999999787,20.00000000000135,220.00000000000063,4.996628081457663,4.993850589496249,0.023282886745266167,0.0,0.0005137191854233655,0.0729611289746338,20494.0,3.0,,300.0002,4.0,0.0,294,2800,0.105,3,280,0.010714285714285714,0,28,0.0
offline_uma_n78_pedestrian,13,ul,1.9986858218928572,1.2960902854071428,0.7025230713375142,0.6484712460609139,-0.13176025949999964,12.77928675,15.13533985,1.0,12.0,14.0,0.0,False,False,0.0,1.7763568394002505e-12,10.000000000000675,20.00000000000135,1.9986512325830654,1.2960356198642373,0.7025102536620221,0.0,0.0,0.0,603129.0,1.0,1.0,300.0002,1.0,0.0,133,2800,0.0475,0,280,0.0,0,28,0.0
offline_uma_n78_pedestrian,14,dl,5.000033824071428,4.998028285464286,0.002066750010714286,0.9995988949919724,5.864167650000001,9.231712000000002,11.719123249999997,5.0,8.0,10.049999999999727,0.0,False,False,0.0,1.7763568394002505e-12,1.7763568394002505e-12,50.00000000000071,5.000047624151483,4.9979741336191505,0.0,0.0,0.002067488388710254,0.12848252947481245,14731.0,3.0,,67.99984,4.0,0.0,15,2800,0.005357142857142857,0,280,0.0,0,28,0.0
offline_uma_n78_pedestrian,14,ul,2.000013534571429,1.9814274254857145,0.003542107142857143,0.9907070083454724,10.61613535,22.644021000000002,25.45483405,9.0,22.0,24.0,0.0,False,False,0.0,10.000000000000231,19.999999999999574,260.0000000000002,2.0000190782422296,1.9809632725973563,0.003543372633083244,0.0,0.0,0.019590532332976064,572820.0,1.0,1.0,297.00017,2.0,0.0,492,2800,0.1757142857142857,4,280,0.014285714285714285,0,28,0.0
offline_uma_n78_pedestrian,15,dl,4.997785645428571,0.2143201086424643,4.783114326214286,0.0428830133678304,-14.5918032,-12.1314005,-9.818547200000001,-1.0,-1.0,0.0,0.6185714285714285,False,False,1.7763568394002505e-12,49.999999999998934,99.99999999999964,230.00000000000222,4.997799392640229,0.21429989281886389,4.783135476956057,0.0,0.0,0.0,1509519.0,1.0,,300.0002,1.0,0.0,1374,2800,0.4907142857142857,6,280,0.02142857142857143,0,28,0.0
offline_uma_n78_pedestrian,15,ul,1.9991142496071428,0.0803919286425,1.91864842675,0.040213774004311295,-17.1159517,1.0198662,3.7296730249999985,-1.0,2.0,3.0,0.13035714285714287,False,False,9.999999999999787,49.999999999998934,70.00000000000206,100.00000000000054,1.9991197570560917,0.08035401929260451,1.9186606287959986,0.0,0.0,0.0,603808.0,0.0,1.0,-1000.0,-1.0,0.0,1621,2800,0.5789285714285715,1,280,0.0035714285714285713,0,28,0.0
offline_uma_n78_pedestrian,16,dl,4.998975037142857,4.941846151553571,0.03869753571428571,0.9885718802024789,0.536628083,3.0239216,5.215958229999998,2.0,3.0,4.0,0.0,False,False,0.0,9.999999999999787,30.000000000002487,280.0000000000002,4.998993569131834,4.94135019649875,0.03820346552340122,0.0,0.0005078956770275099,0.08864801714898178,562023.0,3.0,,300.0002,4.0,0.0,376,2800,0.13428571428571429,10,280,0.03571428571428571,0,28,0.0
offline_uma_n78_pedestrian,16,ul,1.9995899982142857,1.3159839320857143,0.6838525710523214,0.658126882641412,0.1598036330000002,13.070789,15.448054549999995,1.0,12.0,15.0,0.0,False,False,0.0,9.999999999999787,10.000000000001563,20.00000000000135,1.999597427652733,1.315656841729189,0.6840968917470526,0.0,0.0,0.0,599497.0,1.0,1.0,300.0002,1.0,0.0,173,2800,0.061785714285714284,0,280,0.0,0,28,0.0
offline_uma_n78_pedestrian,17,dl,4.998248321571428,4.983519784149999,0.0010358928392857143,0.9970532601675944,1.5468453450000001,5.432791,8.104981274999998,2.0,4.0,7.0,0.0,False,False,0.0,1.7763568394002505e-12,9.999999999999787,189.9999999999995,4.998297499106824,4.983812075741337,0.0,0.0,0.0010362629510539479,0.10589110396570205,399168.0,3.0,,225.99983,4.0,0.0,117,2800,0.04178571428571429,2,280,0.007142857142857143,0,28,0.0
offline_uma_n78_pedestrian,17,ul,1.9992993221071427,1.8565516084035714,0.1428501787542857,0.9286011293430922,6.388408685,18.5540565,21.4616261,5.0,18.0,21.0,0.0,False,False,0.0,10.000000000000231,10.00000000000334,20.00000000000135,1.9993190067881388,1.8565770989639159,0.1429012147195427,0.0,0.0,0.003620650232225795,601293.0,1.0,2.0,299.99924,1.0,0.0,407,2800,0.14535714285714285,0,280,0.0,0,28,0.0
offline_uma_n78_pedestrian,18,dl,4.9997644240714285,0.7182533255928572,4.281401605321428,0.14365743356523308,-11.8861406,-9.5665245,-7.512430225000001,-1.0,0.0,0.0,0.08678571428571429,False,False,0.0,9.999999999999787,19.999999999999954,40.000000000000924,4.999759163987139,0.7183542336548768,4.281337870668096,0.0,0.0,0.0,1505349.0,1.0,,299.99924,1.0,0.0,286,2800,0.10214285714285715,0,280,0.0,0,28,0.0
offline_uma_n78_pedestrian,18,ul,1.9999057837857144,0.002646571475,1.9972218208928572,0.0013233480779230422,-19.333796800000002,-2.43086265,0.05634016479999908,-1.0,0.0,1.0,0.2664285714285714,False,False,129.999999999999,2206.999999999998,2808.6999999999994,2990.0,1.9999036798856735,0.0026475169703465526,1.9972108252947482,0.0,0.0,0.0,601960.0,0.0,0.0,-1000.0,-1.0,0.0,2751,2800,0.9825,242,280,0.8642857142857143,10,28,0.35714285714285715
offline_uma_n78_pedestrian,19,dl,5.001183858,2.6006308876060715,2.4009087883291427,0.5200030555657431,-3.98196103,-1.5446804,0.43949996799999985,0.0,1.0,1.0,0.0,False,False,0.0,9.999999999999787,10.00000000000334,60.0000000000005,5.001110753840658,2.6015600214362276,2.399938978206502,0.0,0.0,0.00011096820292961773,1493660.0,2.0,,300.0002,1.0,0.0,186,2800,0.06642857142857143,0,280,0.0,0,28,0.0
offline_uma_n78_pedestrian,19,ul,2.0004735345,1.1803922846357142,0.8200979281042857,0.5900564362780947,-1.5546816349999995,11.761643,14.199478025,1.0,11.0,13.0,0.0,False,False,0.0,1.7763568394002505e-12,9.999999999999787,20.000000000000462,2.000444301536263,1.1803984637370488,0.8200095391211147,0.0,0.0,0.0,602827.0,0.0,1.0,-1000.0,-1.0,0.0,85,2800,0.030357142857142857,0,280,0.0,0,28,0.0
offline_uma_n78_pedestrian,2,dl,5.002024675964286,0.7259692158389286,4.2759838918132145,0.14513507286906313,-14.7861678,-10.7155345,-2.237229845000003,-1.0,0.0,0.0,0.3792857142857143,False,False,0.0,29.99999999999936,90.00000000000163,949.9999999999975,5.002018506609504,0.725582672382994,4.276513683458378,0.0,0.0,0.0,1513622.0,1.0,,299.99924,1.0,0.0,980,2800,0.35,18,280,0.06428571428571428,0,28,0.0
offline_uma_n78_pedestrian,2,ul,2.000809855892857,0.2523489287157143,1.7485436068214286,0.1261233934711423,-15.766584049999999,1.70392595,10.926956249999995,-1.0,2.0,10.0,0.1025,False,False,1.7763568394002505e-12,40.000000000000924,70.00000000000206,259.9999999999998,2.0008073954983923,0.2521598785280458,1.748672418720972,0.0,0.0,0.0,604206.0,0.0,2.0,-1000.0,-1.0,0.0,1278,2800,0.4564285714285714,3,280,0.010714285714285714,0,28,0.0
offline_uma_n78_pedestrian,20,dl,5.001777139964286,0.0,5.001513456821429,0.0,-19.3898382,-17.036792,-14.996929700000003,-1.0,-1.0,-1.0,1.0,True,True,,,,,5.001799714183637,0.0,5.001548767416934,0.0,0.0,0.0,1504525.0,0.0,,-1000.0,-1.0,0.0,0,0,,0,0,,0,0,
offline_uma_n78_pedestrian,20,ul,2.0007108917857144,0.000543071425,2.000062320642857,0.00027143923054034414,-20.83234455,-3.81507115,-1.3395509450000007,-1.0,0.0,1.0,0.27214285714285713,False,False,1420.0,9390.0,10318.000000000002,10550.0,2.000719899964273,0.000543265451947124,2.000076277241872,0.0,0.0,0.0,601810.0,0.0,1.0,-1000.0,-1.0,0.0,2790,2800,0.9964285714285714,272,280,0.9714285714285714,21,28,0.75
offline_uma_n78_pedestrian,3,dl,4.9988589291071435,0.0,4.9989047887857145,0.0,-20.29172815,-17.609563,-15.0837352,-1.0,-1.0,-1.0,1.0,True,True,,,,,4.998827188281529,0.0,4.998911789924974,0.0,0.0,0.0,1504284.0,0.0,,-1000.0,-1.0,0.0,0,0,,0,0,,0,0,
offline_uma_n78_pedestrian,3,ul,1.999543568214286,0.0,1.9995619270714284,0.0,-23.9741827,-8.564541,-5.516540595000001,-1.0,0.0,0.0,0.2814285714285714,False,True,28000.0,28000.0,28000.0,28000.0,1.9995308681672026,0.0,1.9995647016791713,0.0,0.0,0.0,601714.0,0.0,0.0,-1000.0,-1.0,0.0,2800,2800,1.0,280,280,1.0,28,28,1.0
offline_uma_n78_pedestrian,4,dl,5.002208033392857,0.2759880377736786,4.726580748178572,0.05517324268228878,-14.933999725,-11.9264735,-9.200940050000002,-1.0,-1.0,0.0,0.5414285714285715,False,False,0.0,49.999999999998934,129.9999999999986,330.00000000000006,5.002190889603431,0.27608663808503037,4.7264440157199,0.0,0.0,0.0,1499948.0,0.0,,-1000.0,-1.0,0.0,1339,2800,0.4782142857142857,15,280,0.05357142857142857,0,28,0.0
offline_uma_n78_pedestrian,4,ul,2.0008832135,0.0005161071535714286,2.0005114291785713,0.00025793966888684115,-21.68667865,-4.60249855,-1.2899691850000008,-1.0,0.0,1.0,0.2725,False,False,100.00000000000142,9069.999999999989,12549.999999999993,13420.0,2.0008763844230084,0.0005162915326902465,2.0004959985709183,0.0,0.0,0.0,599979.0,0.0,0.0,-1000.0,-1.0,0.0,2788,2800,0.9957142857142857,273,280,0.975,24,28,0.8571428571428571
offline_uma_n78_pedestrian,5,dl,4.998173359392857,4.768128069294286,0.176729250525,0.9539741274347243,-0.06269241639999985,2.9099251,5.484312640000001,1.0,3.0,4.0,0.0,False,False,0.0,9.999999999999787,19.999999999999574,279.9999999999994,4.998190317970704,4.7680850660950345,0.17651800643086818,0.0,0.0002743837084673098,0.0831423722758128,1506750.0,3.0,,299.99924,4.0,0.0,222,2800,0.07928571428571428,2,280,0.007142857142857143,0,28,0.0
offline_uma_n78_pedestrian,5,ul,1.9992693233571428,1.3925897550678572,0.6065350712890357,0.6965493537056036,0.7082197625000001,13.621642999999999,16.55642175,2.0,13.0,16.0,0.0,False,False,0.0,9.999999999999787,10.000000000001563,20.00000000000135,1.9992760986066453,1.3921595569846374,0.606751768488746,0.0,0.0,0.0,602700.0,1.0,2.0,299.99924,1.0,0.0,242,2800,0.08642857142857142,0,280,0.0,0,28,0.0
offline_uma_n78_pedestrian,6,dl,4.999211961035714,0.8017837541210715,4.197528962357143,0.16038202828170575,-11.491570475,-9.055903,-7.016601275,0.0,0.0,0.0,0.04392857142857143,False,False,0.0,9.999999999999787,10.00000000000334,40.000000000000924,4.999158270811004,0.8017232583065381,4.197645802072169,0.0,0.0,0.0,1502781.0,1.0,,299.99924,1.0,0.0,220,2800,0.07857142857142857,0,280,0.0,0,28,0.0
offline_uma_n78_pedestrian,6,ul,1.9996847864642857,0.0,1.999725071,0.0,-24.1497647,-8.363717000000001,-5.924356000000002,-1.0,0.0,0.0,0.2739285714285714,False,True,28000.0,28000.0,28000.0,28000.0,1.9996633083244018,0.0,1.999722686673812,0.0,0.0,0.0,601113.0,0.0,0.0,-1000.0,-1.0,0.0,2800,2800,1.0,280,280,1.0,28,28,1.0
offline_uma_n78_pedestrian,7,dl,5.001536390571429,4.996106038802143,0.006092035714285715,0.998914263269278,0.9294271020000001,3.3910065,5.533864074999998,2.0,3.0,4.0,0.0,False,False,0.0,1.7763568394002505e-12,10.000000000001563,279.9999999999994,5.001528081457663,4.995771418363701,0.005630475169703466,0.0,0.0004637370489460522,0.08336420150053592,14975.0,3.0,,300.0002,4.0,0.0,241,2800,0.08607142857142858,5,280,0.017857142857142856,0,28,0.0
offline_uma_n78_pedestrian,7,ul,2.0006145708214285,1.669797078875,0.33105539315035715,0.8346420661074169,4.079289815000001,16.251312499999997,18.573405249999997,3.950000000000017,16.0,18.0,0.0,False,False,0.0,9.999999999999787,10.00000000000334,20.00000000000135,2.000611254019293,1.6694852804573062,0.33117366916755986,0.0,0.0,0.00038174347981421937,598075.0,1.0,1.0,299.99924,1.0,0.0,363,2800,0.12964285714285714,0,280,0.0,0,28,0.0
offline_uma_n78_pedestrian,8,dl,5.000140356464286,4.997275610178572,0.003024071382142857,0.9994270668258322,12.13555315,14.679742000000001,16.785436299999997,11.0,14.0,16.0,0.0,False,False,0.0,1.7763568394002505e-12,1.7763568394002505e-12,1.7763568394002505e-12,5.000146945337621,4.997267524115756,0.0,0.0,0.003025151839942837,0.13731243301178991,15869.0,3.0,,34.000397,4.0,0.0,0,2800,0.0,0,280,0.0,0,28,0.0
offline_uma_n78_pedestrian,8,ul,2.0000561446785716,2.0077327472714286,0.002640107107142857,1.0,15.10820425,27.6606325,30.03584035,14.0,25.0,26.0,0.0,False,False,0.0,9.999999999999787,10.000000000001563,270.00000000000045,2.0000587709896394,2.0084500535905683,0.002205144694533762,0.0,0.0004359056806002144,0.03422758127902823,12382.0,2.0,2.0,298.9998,4.0,0.0,295,2800,0.10535714285714286,4,280,0.014285714285714285,0,28,0.0
offline_uma_n78_pedestrian,9,dl,5.000502964071429,5.000501109178571,0.0,0.9999996290587424,26.0529057,28.724051,31.156401,23.0,25.0,26.0,0.0,False,False,0.0,1.7763568394002505e-12,1.7763568394002505e-12,1.7763568394002505e-12,5.0004814219364055,5.000471632725974,0.0,0.0,0.0,0.01650021436227224,15430.0,2.0,,20.000458,3.0,0.0,0,2800,0.0,0,280,0.0,0,28,0.0
offline_uma_n78_pedestrian,9,ul,2.000201212714286,2.000266108242857,0.0,1.0,28.202150250000003,40.846365,43.62667155,25.0,27.0,27.0,0.0,False,False,0.0,1.7763568394002505e-12,10.000000000000231,20.000000000000462,2.0001925687745628,2.0001849231868527,0.0,0.0,0.0,0.0032286173633440515,12387.0,1.0,1.0,16.000747999999998,1.0,0.0,69,2800,0.024642857142857143,0,280,0.0,0,28,0.0
offline_rural_n78_vehicular,0,dl,19.990921705,18.505276855907145,0.00023157142928571429,0.9256840244278843,14.44465935,22.7167725,25.87248255,12.0,21.0,24.0,0.0,False,False,0.0,1.7763568394002505e-12,9.999999999999787,280.0000000000029,19.990744158628083,18.504920971775636,7.645587709896392e-05,1.48579567702751,0.0001551982851018221,0.3940146123615577,63458.0,37.0,,295.00008,4.0,0.0,118,2800,0.04214285714285714,2,280,0.007142857142857143,0,28,0.0
offline_rural_n78_vehicular,0,ul,19.990921705,5.903401221645714,0.002558714252142857,0.2953041039708136,6.430934265000001,25.604959,30.66842275,4.0,23.0,26.0,0.0,False,False,0.0,1.7763568394002505e-12,40.000000000000924,290.0000000000009,19.990744158628083,5.903559985709182,0.002434941050375134,14.09240625223294,0.00012468738835298322,0.1714576634512326,67450.0,17.0,20.0,299.00169999999997,4.0,0.0,511,2800,0.1825,20,280,0.07142857142857142,0,28,0.0
offline_rural_n78_vehicular,1,dl,10.000286028035713,0.15974835713815713,9.840886275857143,0.01597437880179667,-18.94187105,-13.316024500000001,-7.039885265000002,-1.0,-1.0,0.0,0.6532142857142857,False,False,0.0,9.999999999999787,77.49999999999969,4139.999999999999,10.000305073240444,0.1597902107895677,9.840814076455878,0.0,0.0,0.0,2996098.0,4.0,,299.99995,1.0,0.0,1475,2800,0.5267857142857143,120,280,0.42857142857142855,8,28,0.2857142857142857
offline_rural_n78_vehicular,1,ul,10.000286028035713,0.027249749897428573,9.973384891785713,0.0027248970500477828,-16.12831475,-3.3802916,3.564208109999997,-1.0,0.0,2.0,0.16142857142857142,False,False,1.7763568394002505e-12,141.5000000000003,471.50000000000097,1250.0,10.000305073240444,0.027259485530546627,9.9733448017149,0.0,0.0,0.0,2996098.0,1.0,3.0,299.99995,1.0,0.0,2123,2800,0.7582142857142857,104,280,0.37142857142857144,1,28,0.03571428571428571
offline_rural_n78_vehicular,10,dl,10.001271203928571,9.827830525717857,0.07493246489282143,0.9826581366834063,4.46133252,12.865802,20.369826,3.0,10.0,18.0,0.0,False,False,0.0,9.999999999999787,69.99999999999946,290.0000000000009,10.001233297606289,9.827890603787068,0.07484790996784567,0.0,0.0001113254733833512,0.25874683815648447,2787526.0,49.0,,300.0002,4.0,0.0,654,2800,0.23357142857142857,20,280,0.07142857142857142,0,28,0.0
offline_rural_n78_vehicular,10,ul,10.001271203928571,1.192296071874643,8.80991582575,0.11921445259941561,-8.111199899999999,6.56220815,17.508046299999997,0.0,4.0,15.0,0.0125,False,False,0.0,1.7763568394002505e-12,9.999999999999787,89.99999999999808,10.001233297606289,1.1916210789567703,8.810090460878886,0.0,0.0,0.0,3003862.0,3.0,14.0,300.0002,1.0,0.0,74,2800,0.02642857142857143,0,280,0.0,0,28,0.0
offline_rural_n78_vehicular,2,dl,10.004049399464286,1.9814478209892858,8.02256317447143,0.1980645778393889,-10.756489100000001,-5.536071,-1.0442748200000012,0.0,0.0,0.0,0.03964285714285714,False,False,0.0,1.7763568394002505e-12,1.7763568394002505e-12,229.99999999999997,10.004037048946053,1.9821557341907825,8.021888638799572,0.0,0.0,0.0,3024310.0,15.0,,300.0002,1.0,0.0,65,2800,0.023214285714285715,3,280,0.010714285714285714,0,28,0.0
offline_rural_n78_vehicular,2,ul,10.004049399464286,0.3980618925385714,9.606037648678571,0.039790076662345096,-9.864294800000001,3.6048204999999998,9.492852150000001,0.0,2.0,6.0,0.029285714285714286,False,False,0.0,1.7763568394002505e-12,10.000000000001563,220.0000000000002,10.004037048946053,0.398204108610218,9.605928831725617,0.0,0.0,0.0,3021831.0,4.0,6.0,299.99924,1.0,0.0,151,2800,0.05392857142857143,1,280,0.0035714285714285713,0,28,0.0
offline_rural_n78_vehicular,3,dl,9.997717854642856,1.984370180257143,8.016862747183607,0.19848231457498255,-18.7830601,-5.69040535,1.8439160949999953,-1.0,0.0,1.0,0.24785714285714286,False,False,0.0,1.7763568394002505e-12,28.600000000000914,2260.0,9.997654376563059,1.9841426938192213,8.017230689531976,0.0,0.0,0.002529581993569132,2912914.0,19.0,,300.0002,2.0,0.0,586,2800,0.2092857142857143,39,280,0.1392857142857143,3,28,0.10714285714285714
offline_rural_n78_vehicular,3,ul,9.997717854642856,0.18369946418085717,9.81412403625,0.018374139663838253,-14.765901300000001,-1.7864217999999998,7.055626649999985,-1.0,0.0,4.0,0.1392857142857143,False,False,0.0,30.00000000000025,99.99999999999964,589.9999999999999,9.997654376563059,0.18363776348695965,9.814175669882102,0.0,0.0,0.0,3009902.0,3.0,7.0,299.99995,1.0,0.0,1013,2800,0.36178571428571427,27,280,0.09642857142857143,0,28,0.0
offline_rural_n78_vehicular,4,dl,10.004416030892857,0.21417071432303572,9.790962547571429,0.021407617762165553,-20.30720725,-13.324239,-6.650866295,-1.0,-1.0,0.0,0.6296428571428572,False,False,1.7763568394002505e-12,9.999999999999787,87.59999999999847,8870.0,10.004381779206861,0.21424723115398356,9.790809789210433,0.0,0.0,0.0,3000016.0,4.0,,300.0002,1.0,0.0,1476,2800,0.5271428571428571,121,280,0.43214285714285716,10,28,0.35714285714285715
offline_rural_n78_vehicular,4,ul,10.004416030892857,0.0023245714257857145,10.002809996249999,0.00023235453409850402,-16.6068043,-9.9156455,-1.3642281450000044,-1.0,0.0,0.0,0.3985714285714286,False,False,10.000000000000231,230.00000000000222,550.2000000000014,710.0000000000009,10.004381779206861,0.00232540192926045,10.002732940335834,0.0,0.0,0.0,2999979.0,1.0,2.0,299.99924,1.0,0.0,2286,2800,0.8164285714285714,99,280,0.3535714285714286,0,28,0.0
offline_rural_n78_vehicular,5,dl,9.996346677857144,5.1521196338904645,4.844945820283857,0.5154002557057068,-10.982089575,-1.02818605,9.797598949999983,0.0,0.0,7.0,0.04285714285714286,False,False,0.0,1.7763568394002505e-12,9.999999999999787,279.9999999999994,9.996380600214362,5.152338085030369,4.8449380850303685,0.0,2.0364415862808147e-06,0.043823651304037155,2997489.0,54.0,,300.0002,2.0,0.0,100,2800,0.03571428571428571,4,280,0.014285714285714285,0,28,0.0
offline_rural_n78_vehicular,5,ul,9.996346677857144,0.8856161795908214,9.110875424392857,0.08859398419550067,-10.194175249999999,3.0643096,16.188618349999995,0.0,2.0,13.0,0.03892857142857143,False,False,0.0,1.7763568394002505e-12,50.00000000000249,459.9999999999991,9.996380600214362,0.8857107895677028,9.11071382636656,0.0,0.0,0.0,3015907.0,4.0,8.0,300.0002,1.0,0.0,416,2800,0.14857142857142858,13,280,0.04642857142857143,0,28,0.0
offline_rural_n78_vehicular,6,dl,9.998423929107142,4.2489086470507145,5.732263789363107,0.42495784107347223,-11.8459008,-5.6238918,13.1277315,-1.0,0.0,10.0,0.0675,False,False,0.0,1.7763568394002505e-12,20.000000000000462,270.00000000000136,9.998316541622009,4.242966881028939,5.734291747052518,0.0,2.000714540907467e-05,0.06869574848160058,3006552.0,41.0,,300.0002,4.0,0.0,246,2800,0.08785714285714286,6,280,0.02142857142857143,0,28,0.0
offline_rural_n78_vehicular,6,ul,9.998423929107142,0.22131632166114287,9.777384864714286,0.022135120818077413,-15.192378825,-8.363686999999999,10.531701649999997,-1.0,0.0,8.0,0.2692857142857143,False,False,4.440892098500626e-13,40.000000000000924,122.00000000000283,439.9999999999995,9.998316541622009,0.22123322615219723,9.777423615576993,0.0,0.0,0.0,3005562.0,2.0,8.0,299.99995,1.0,0.0,1320,2800,0.4714285714285714,26,280,0.09285714285714286,0,28,0.0
offline_rural_n78_vehicular,7,dl,10.003072794642856,9.984228998321036,0.10481807169725714,0.9981161992211122,3.5130927300000003,11.79636,17.9403264,2.0,9.0,16.0,0.0,False,False,0.0,9.999999999999787,70.00000000000028,279.9999999999994,10.003056198642373,9.986098856734548,0.10466534476598786,0.0,0.00010353697749196142,0.2560545551982851,518056.0,44.0,,300.0002,4.0,0.0,619,2800,0.22107142857142856,15,280,0.05357142857142857,0,28,0.0
offline_rural_n78_vehicular,7,ul,10.003072794642856,5.867378319107143,4.136082643242857,0.5865575948072093,0.8313365150000006,18.440345999999998,28.356837849999998,1.0,16.0,25.0,0.0,False,False,0.0,1.7763568394002505e-12,1.7763568394002505e-12,9.999999999999787,10.003056198642373,5.868835548410146,4.134333190425152,0.0,0.0,0.017931082529474812,3011201.0,19.0,21.0,300.0002,2.0,0.0,1,2800,0.00035714285714285714,0,280,0.0,0,28,0.0
offline_rural_n78_vehicular,8,dl,10.000280761964286,9.999462739796428,0.0007197142873571428,0.9999182000798449,15.9353999,21.2559875,24.57591695,13.0,19.0,23.0,0.0,False,False,0.0,1.7763568394002505e-12,1.7763568394002505e-12,289.99999999999915,10.000293926402287,9.999440585923544,0.0005147909967845659,0.0,0.0002051804215791354,0.2498494819578421,35008.0,30.0,,300.0002,4.0,0.0,82,2800,0.029285714285714286,2,280,0.007142857142857143,0,28,0.0
offline_rural_n78_vehicular,8,ul,10.000280761964286,9.978096691106428,0.022183464095357146,0.9977816551968987,12.46928405,30.819549000000002,35.6415341,9.0,25.0,26.0,0.0,False,False,0.0,1.7763568394002505e-12,10.000000000001563,120.00000000000277,10.000293926402287,9.977730475169704,0.022059342622365134,0.0,0.00013204715969989284,0.2811019292604502,63175.0,19.0,24.0,300.0002,4.0,0.0,124,2800,0.04428571428571428,1,280,0.0035714285714285713,0,28,0.0
offline_rural_n78_vehicular,9,dl,10.001005929642856,10.000648346064285,0.0003024285675,0.9999642452388203,12.8067593,28.210661,35.607444699999995,10.0,24.0,26.0,0.0,False,False,0.0,1.7763568394002505e-12,1.7763568394002505e-12,290.0000000000009,10.000962843872811,10.00058928188639,0.00026452304394426583,0.0,3.801357627724187e-05,0.13185944980350126,32301.0,31.0,,299.99924,4.0,0.0,68,2800,0.024285714285714285,2,280,0.007142857142857143,0,28,0.0
offline_rural_n78_vehicular,9,ul,10.001005929642856,9.750891248528571,0.24999135654535715,0.9749910476132257,11.4227138,36.09152,45.7134591,8.0,26.0,27.0,0.0,False,False,0.0,1.7763568394002505e-12,1.7763568394002505e-12,220.00000000000063,10.000962843872811,9.750438442300823,0.25001121829224726,0.0,6.94533762057878e-05,0.198235691318328,64640.0,18.0,18.0,299.99924,4.0,0.0,65,2800,0.023214285714285715,2,280,0.007142857142857143,0,28,0.0
offline_indoor_hotspot_n78_pedestrian,0,dl,59.97276518928571,20.500389815714286,39.46848972607143,0.34182832409029446,0.5122553175000002,3.01844515,5.220870265,2.0,3.0,4.0,0.0,False,False,0.0,1.7763568394002505e-12,1.7763568394002505e-12,1.7763568394002505e-12,59.97223244015721,20.502517256162914,39.46635205430511,0.0,0.0,0.0,18105318.0,1.0,,299.99995,1.0,0.0,0,2800,0.0,0,280,0.0,0,28,0.0
offline_indoor_hotspot_n78_pedestrian,0,ul,29.98638258357143,10.325923179821428,19.66066356714286,0.3443537462727721,-3.182977935,20.035181,23.660336299999997,0.0,19.0,23.0,0.0,False,False,0.0,1.7763568394002505e-12,1.7763568394002505e-12,1.7763568394002505e-12,29.986116220078603,10.324434976777422,19.66056355841372,0.0,0.0,0.0,9051910.0,2.0,4.0,300.0002,1.0,0.0,0,2800,0.0,0,280,0.0,0,28,0.0
offline_indoor_hotspot_n78_pedestrian,1,dl,0.5000142859607143,0.4998289285821429,0.00018414285535714285,0.9996292958345875,5.703592485000001,18.1033,25.093755149999986,5.0,18.0,24.0,0.0,False,False,0.0,1.7763568394002505e-12,1.7763568394002505e-12,1.7763568394002505e-12,0.5000152554483744,0.4998309753483387,0.0,0.0,0.00018420864594498036,0.009836477313326188,1512.0,3.0,,32.999992,4.0,0.0,0,2800,0.0,0,280,0.0,0,28,0.0
offline_indoor_hotspot_n78_pedestrian,1,ul,6.000171613107144,5.482674945178571,0.48210321430864284,0.9137530221972117,15.3755011,32.047841,40.4933923,14.0,26.0,27.0,0.0,False,False,0.0,1.7763568394002505e-12,9.999999999999787,129.999999999999,6.000183065380493,5.481863093962129,0.48227545551982853,0.0,0.0,0.021176241514826725,1797659.0,2.0,2.0,300.0002,1.0,0.0,96,2800,0.03428571428571429,1,280,0.0035714285714285713,0,28,0.0
offline_indoor_hotspot_n78_pedestrian,10,dl,0.5000635361,0.50005985705,0.0,0.9999926428348912,37.503031400000005,40.27511,43.280983449999994,26.0,27.0,27.0,0.0,False,False,0.0,1.7763568394002505e-12,1.7763568394002505e-12,1.7763568394002505e-12,0.5000616648803144,0.5000620221507681,0.0,0.0,0.0,1.65773490532333e-05,1556.0,0.0,,-1000.0,-1.0,0.0,0,2800,0.0,0,280,0.0,0,28,0.0
offline_indoor_hotspot_n78_pedestrian,10,ul,6.000762747107142,5.6739127424,0.2642427849182143,0.945531923443447,24.654010850000002,37.482807,40.610805649999996,23.0,26.0,27.0,0.0,False,False,0.0,1.7763568394002505e-12,10.000000000000275,20.00000000000135,6.000739978563773,5.6733839942836735,0.26433719185423366,0.0,0.0,0.025905394783851378,1794925.0,1.0,1.0,298.9998,3.0,0.0,110,2800,0.039285714285714285,0,280,0.0,0,28,0.0
offline_indoor_hotspot_n78_pedestrian,2,dl,0.5002024640571429,0.5002071432107142,0.0,1.0,36.2494632,41.8868025,47.6035554,26.0,27.0,27.0,0.0,False,False,0.0,1.7763568394002505e-12,1.7763568394002505e-12,1.7763568394002505e-12,0.5002018578063594,0.5002081457663451,0.0,0.0,0.0,6.984637370489461e-05,1411.0,1.0,,3.0002594,1.0,0.0,0,2800,0.0,0,280,0.0,0,28,0.0
offline_indoor_hotspot_n78_pedestrian,2,ul,6.002429606214286,5.705107000607143,0.24918024995607144,0.9504662903002933,43.6834785,56.7278785,62.82637735,27.0,27.0,27.0,0.0,False,False,0.0,9.999999999999787,10.000000000000675,20.00000000000135,6.002422222222223,5.704527759914256,0.24926927474097893,0.0,0.0,0.0,1776138.0,0.0,0.0,-1000.0,-1.0,0.0,141,2800,0.05035714285714286,0,280,0.0,0,28,0.0
offline_indoor_hotspot_n78_pedestrian,3,dl,0.49988589305,0.4998538570892857,3.685714285714286e-05,0.9999359134531307,9.98423865,36.363575,44.6853794,9.0,26.0,27.0,0.0,False,False,0.0,1.7763568394002505e-12,1.7763568394002505e-12,1.7763568394002505e-12,0.4998827081100394,0.49985091103965706,0.0,0.0,3.6870310825294754e-05,0.005294105037513398,1417.0,3.0,,27.999878,4.0,0.0,0,2800,0.0,0,280,0.0,0,28,0.0
offline_indoor_hotspot_n78_pedestrian,3,ul,5.9986307551071425,5.3752559358214285,0.5749454287007143,0.8960804815740688,10.190720000000002,39.691522,52.846891549999995,9.0,27.0,27.0,0.0,False,False,0.0,1.7763568394002505e-12,9.999999999999787,280.00000000000114,5.998592640228654,5.373904501607717,0.5751508395855663,0.0,0.0,0.00945494819578421,1791923.0,1.0,1.0,299.99924,4.0,0.0,107,2800,0.038214285714285715,2,280,0.007142857142857143,0,28,0.0
offline_indoor_hotspot_n78_pedestrian,4,dl,0.5002208212785714,0.5001841786500001,3.4392857142857144e-05,0.999926747094458,-3.23463257,27.2197935,37.08338989999999,0.0,24.0,27.0,0.0,False,False,0.0,1.7763568394002505e-12,1.7763568394002505e-12,1.7763568394002505e-12,0.5002191139692748,0.5001798499464095,0.0,0.0,3.4405144694533766e-05,0.004480457306180779,1562.0,3.0,,31.999588000000003,4.0,0.0,0,2800,0.0,0,280,0.0,0,28,0.0
offline_indoor_hotspot_n78_pedestrian,4,ul,6.002649643678572,3.7910930541892855,2.190225105435357,0.6315699364832511,-9.219906349999999,29.189804000000002,43.1539527,0.0,25.0,27.0,0.03321428571428572,False,False,0.0,9.999999999999787,10.00000000000334,750.0,6.002629081814934,3.7906210789567707,2.1910076098606646,0.0,0.0,0.008348553054662379,1792021.0,1.0,2.0,300.0002,1.0,0.0,308,2800,0.11,11,280,0.039285714285714285,0,28,0.0
offline_indoor_hotspot_n78_pedestrian,5,dl,0.4998173570464286,0.4996521783857143,0.00015996428892857143,0.9996695219596006,3.9000948200000005,28.8915175,40.433891599999995,3.0,25.0,27.0,0.0,False,False,0.0,1.7763568394002505e-12,1.7763568394002505e-12,1.7763568394002505e-12,0.49981904251518405,0.49965602000714543,0.0,0.0,0.00016002143622722404,0.005110289389067524,1536.0,2.0,,32.00054,4.0,0.0,0,2800,0.0,0,280,0.0,0,28,0.0
offline_indoor_hotspot_n78_pedestrian,5,ul,5.997807996107142,5.20772996738,0.7401754294871429,0.86827220390517,8.6383373,36.138240999999994,50.7634823,7.0,26.0,27.0,0.0014285714285714286,False,False,0.0,1.7763568394002505e-12,9.999999999999787,90.00000000000163,5.9978283672740265,5.206973061807789,0.7404398713826367,0.0,0.0,0.013285816362986782,1798932.0,1.0,2.0,300.0002,2.0,0.0,86,2800,0.030714285714285715,0,280,0.0,0,28,0.0
offline_indoor_hotspot_n78_pedestrian,6,dl,0.49992117855357143,0.4998339288857143,9.299999678571428e-05,0.9998254731513685,-3.701256575,9.5592,34.96906334999999,0.0,8.0,26.0,0.0,False,False,0.0,1.7763568394002505e-12,1.7763568394002505e-12,1.7763568394002505e-12,0.49991582708110044,0.4998271525544838,0.0,0.0,9.303322615219722e-05,0.008672847445516257,1413.0,3.0,,32.999992,4.0,0.0,0,2800,0.0,0,280,0.0,0,28,0.0
offline_indoor_hotspot_n78_pedestrian,6,ul,5.999054360142857,1.7613601471839284,4.174783073185714,0.2936062988337356,-19.3926053,6.177507,32.38774534999999,-1.0,5.0,26.0,0.09678571428571428,False,False,0.0,9.999999999999787,30.00000000000025,2170.0,5.998989924973205,1.7597251161128977,4.17627459807074,0.0,0.0,0.0072401214719542695,1803337.0,2.0,2.0,300.0002,2.0,0.0,882,2800,0.315,60,280,0.21428571428571427,2,28,0.07142857142857142
offline_indoor_hotspot_n78_pedestrian,7,dl,0.500153642675,0.5001541785857142,0.0,1.0,40.71050425,45.3474885,49.05139335,26.0,27.0,27.0,0.0,False,False,0.0,1.7763568394002505e-12,1.7763568394002505e-12,1.7763568394002505e-12,0.5001528045730618,0.5001517327617007,0.0,0.0,0.0,0.0,1498.0,0.0,,-1000.0,-1.0,0.0,0,2800,0.0,0,280,0.0,0,28,0.0
offline_indoor_hotspot_n78_pedestrian,7,ul,6.001843676214286,5.70791607525,0.244140499962,0.9510271148631976,46.38708165,59.34326,63.434630799999994,27.0,27.0,27.0,0.0,False,False,0.0,9.999999999999787,10.000000000000675,20.00000000000135,6.001833726330832,5.707337834941051,0.24422772418720973,0.0,0.0,0.0,1796443.0,0.0,0.0,-1000.0,-1.0,0.0,142,2800,0.05071428571428571,0,280,0.0,0,28,0.0
offline_indoor_hotspot_n78_pedestrian,8,dl,0.500014035575,0.5000115006285714,0.0,0.9999949302494564,29.77927795,54.3036975,57.92321335,25.0,27.0,27.0,0.0,False,False,0.0,1.7763568394002505e-12,1.7763568394002505e-12,1.7763568394002505e-12,0.5000147195426938,0.5000107895677028,0.0,0.0,0.0,3.4369417649160416e-05,1587.0,1.0,,6.9999695,1.0,0.0,0,2800,0.0,0,280,0.0,0,28,0.0
offline_indoor_hotspot_n78_pedestrian,8,ul,6.0001684661071435,5.707443926678572,0.24447589264714287,0.9512139465613223,43.593872149999996,68.108438,73.42212875,27.0,27.0,27.0,0.0,False,False,0.0,1.7763568394002505e-12,10.000000000000675,19.999999999999574,6.000176384423008,5.7068655234012144,0.24456323687031084,0.0,0.0,0.003373276170060736,1797297.0,1.0,2.0,182.00016,1.0,0.0,130,2800,0.04642857142857143,0,280,0.0,0,28,0.0
offline_indoor_hotspot_n78_pedestrian,9,dl,0.5000502857178571,0.4999438926642857,0.00010621428892857144,0.9997872352909093,-2.3024053399999995,6.85613515,32.97515919999999,0.0,6.0,26.0,0.0,False,False,0.0,1.7763568394002505e-12,1.7763568394002505e-12,1.7763568394002505e-12,0.5000481243301179,0.4999409074669525,0.0,0.0,0.00010625223294033584,0.008853269024651661,1543.0,3.0,,34.000397,4.0,0.0,0,2800,0.0,0,280,0.0,0,28,0.0
offline_indoor_hotspot_n78_pedestrian,9,ul,6.000603569857144,4.149612837553572,1.8026961442682143,0.6915325748893559,-1.4723402999999997,19.499586,46.172190199999996,1.0,19.0,27.0,0.0014285714285714286,False,False,0.0,1.7763568394002505e-12,9.999999999999787,20.000000000000462,6.000577706323687,4.148477920685959,1.803340192926045,0.0,0.0,0.017386316541622007,1795088.0,2.0,2.0,300.0002,1.0,0.0,65,2800,0.023214285714285715,0,280,0.0,0,28,0.0
offline_umi_n258_fwa,0,dl,399.8184349821429,399.81467365,0.0,0.9999905923994148,41.908575549999995,44.486745,46.586446849999994,26.0,27.0,27.0,0.0,False,False,0.0,1.7763568394002505e-12,1.7763568394002505e-12,1.7763568394002505e-12,399.8148829939264,399.815694462308,0.0,0.0,0.0,0.041993426223651306,1268901.0,1.0,,7.999897000000001,1.0,0.0,0,2800,0.0,0,280,0.0,0,28,0.0
offline_umi_n258_fwa,0,ul,99.95460873392858,99.95467903178572,0.0,1.0,32.64629625,34.9895635,37.043424849999994,25.0,26.0,27.0,0.0,False,False,0.0,1.7763568394002505e-12,1.7763568394002505e-12,1.7763568394002505e-12,99.95372075741338,99.95493033226153,0.0,0.0,0.0,0.056251339764201505,288925.0,1.0,1.0,6.9999695,1.0,0.0,0,2800,0.0,0,280,0.0,0,28,0.0
offline_umi_n258_fwa,1,dl,10.000286028035713,10.00026158125,0.0,0.9999975553913513,56.9302515,59.4558885,61.572537,27.0,27.0,27.0,0.0,False,False,0.0,1.7763568394002505e-12,1.7763568394002505e-12,1.7763568394002505e-12,10.000305073240444,10.000304037156127,0.0,0.0,0.0,0.0,30242.0,0.0,,-1000.0,-1.0,0.0,0,2800,0.0,0,280,0.0,0,28,0.0
offline_umi_n258_fwa,1,ul,10.000286028035713,5.726430085964286,4.2742045704217855,0.5726266298694147,49.408646749999996,61.43979,63.85141225,27.0,27.0,27.0,0.0,False,False,0.0,9.999999999999787,10.00000000000334,20.00000000000135,10.000305073240444,5.725641086102179,4.274963201143266,0.0,0.0,0.0,2996098.0,0.0,0.0,-1000.0,-1.0,0.0,406,2800,0.145,0,280,0.0,0,28,0.0
offline_umi_n258_fwa,10,dl,10.001271203928571,10.001197753035713,0.0,0.9999926558443062,37.6080872,40.216539,42.3989183,26.0,27.0,27.0,0.0,False,False,0.0,1.7763568394002505e-12,1.7763568394002505e-12,1.7763568394002505e-12,10.001233297606289,10.001240728831727,0.0,0.0,0.0,0.0007094319399785638,31118.0,1.0,,2.0008087,1.0,0.0,0,2800,0.0,0,280,0.0,0,28,0.0
offline_umi_n258_fwa,10,ul,10.001271203928571,5.7056826176249995,4.296296785621428,0.5704957401198926,24.97104595,37.1346725,39.480405,24.0,26.0,27.0,0.0,False,False,0.0,9.999999999999787,10.000000000001563,20.000000000000462,10.001233297606289,5.704624758842444,4.296867059664166,0.0,0.0,0.0,3003546.0,0.0,1.0,-1000.0,-1.0,0.0,302,2800,0.10785714285714286,0,280,0.0,0,28,0.0
offline_umi_n258_fwa,2,dl,10.004049399464286,10.004143034107143,0.0,1.0,48.631523200000004,51.229912,53.5436506,27.0,27.0,27.0,0.0,False,False,0.0,1.7763568394002505e-12,1.7763568394002505e-12,1.7763568394002505e-12,10.004037048946053,10.00416295105395,0.0,0.0,0.0,0.0,28223.0,0.0,,-1000.0,-1.0,0.0,0,2800,0.0,0,280,0.0,0,28,0.0
offline_umi_n258_fwa,2,ul,10.004049399464286,5.7272264785,4.278914321955,0.5724908234466227,41.1886283,53.1948025,55.48465645,27.0,27.0,27.0,0.0,False,False,0.0,9.999999999999787,10.000000000001563,20.00000000000135,10.004037048946053,5.7268949982136474,4.278966738120758,0.0,0.0,0.0,2983679.0,0.0,1.0,-1000.0,-1.0,0.0,366,2800,0.13071428571428573,0,280,0.0,0,28,0.0
offline_umi_n258_fwa,3,dl,9.997717854642856,9.99781388732143,0.0,1.0,44.96378525,47.559929999999994,49.826237049999996,26.0,27.0,27.0,0.0,False,False,0.0,1.7763568394002505e-12,1.7763568394002505e-12,1.7763568394002505e-12,9.997654376563059,9.997755662736692,0.0,0.0,0.0,0.0003317970703822794,28343.0,1.0,,6.9999695,1.0,0.0,0,2800,0.0,0,280,0.0,0,28,0.0
offline_umi_n258_fwa,3,ul,9.997717854642856,5.725971017535715,4.2725719338475,0.5727278065640372,37.2043551,49.005260500000006,51.252216000000004,26.0,27.0,27.0,0.0,False,False,0.0,9.999999999999787,10.000000000001563,20.00000000000135,9.997654376563059,5.725639049660593,4.272954019292605,0.0,0.0,0.0,3008568.0,0.0,1.0,-1000.0,-1.0,0.0,338,2800,0.12071428571428572,0,280,0.0,0,28,0.0
offline_umi_n258_fwa,4,dl,10.004416030892857,10.004371320357142,0.0,0.999995530919988,39.289770000000004,41.8389455,44.0186565,26.0,27.0,27.0,0.0,False,False,0.0,1.7763568394002505e-12,1.7763568394002505e-12,1.7763568394002505e-12,10.004381779206861,10.004285316184351,0.0,0.0,0.0,0.0014912111468381565,31233.0,1.0,,6.9999695,1.0,0.0,0,2800,0.0,0,280,0.0,0,28,0.0
offline_umi_n258_fwa,4,ul,10.004416030892857,5.720620691196428,4.2848694990939284,0.5718095562531184,30.7544793,42.758321499999994,45.1397716,26.0,27.0,27.0,0.0,False,False,0.0,9.999999999999787,10.000000000002345,10.00000000000334,10.004381779206861,5.720286852447303,4.284774490889603,0.0,0.0,0.0,2999895.0,0.0,1.0,-1000.0,-1.0,0.0,344,2800,0.12285714285714286,0,280,0.0,0,28,0.0
offline_umi_n258_fwa,5,dl,9.996346677857144,9.996242538392856,0.0,0.9999895822476307,33.427853500000005,35.824832,37.95405175,25.0,26.0,27.0,0.0,False,False,0.0,1.7763568394002505e-12,1.7763568394002505e-12,1.7763568394002505e-12,9.996380600214362,9.996320864594498,0.0,0.0,0.0,0.0020687388352983206,30718.0,1.0,,5.9986115,1.0,0.0,0,2800,0.0,0,280,0.0,0,28,0.0
offline_umi_n258_fwa,5,ul,9.996346677857144,5.707679366214285,4.2889627826385714,0.5709765327424404,25.3634668,37.4243675,39.76212725,24.0,26.0,27.0,0.0,False,False,0.0,9.999999999999787,10.000000000001563,10.00000000000334,9.996380600214362,5.70779814219364,4.288815827081101,0.0,0.0,0.0,3009183.0,0.0,1.0,-1000.0,-1.0,0.0,277,2800,0.09892857142857144,0,280,0.0,0,28,0.0
offline_umi_n258_fwa,6,dl,9.998423929107142,9.998538229285714,0.0,1.0,31.80812505,34.346447,36.4696146,25.0,26.0,27.0,0.0,False,False,0.0,1.7763568394002505e-12,1.7763568394002505e-12,1.7763568394002505e-12,9.998316541622009,9.998403536977492,0.0,0.0,0.0,0.0025578063594140768,28261.0,1.0,,6.9999695,1.0,0.0,0,2800,0.0,0,280,0.0,0,28,0.0
offline_umi_n258_fwa,6,ul,9.998423929107142,5.663903559378571,4.334721823802857,0.5664796371446071,19.31053815,31.6458045,34.0896995,19.0,26.0,27.0,0.0,False,False,0.0,9.999999999999787,10.000000000001563,10.00000000000334,9.998316541622009,5.663928224365845,4.334685316184352,0.0,0.0,0.0,3005562.0,0.0,1.0,-1000.0,-1.0,0.0,196,2800,0.07,0,280,0.0,0,28,0.0
offline_umi_n258_fwa,7,dl,10.003072794642856,10.003083931071428,0.0,1.0,63.4328099,66.06476,68.269909,27.0,27.0,27.0,0.0,False,False,0.0,1.7763568394002505e-12,1.7763568394002505e-12,1.7763568394002505e-12,10.003056198642373,10.003034619506968,0.0,0.0,0.0,0.0,29951.0,0.0,,-1000.0,-1.0,0.0,0,2800,0.0,0,280,0.0,0,28,0.0
offline_umi_n258_fwa,7,ul,10.003072794642856,5.725680834607143,4.277619073688928,0.5723921990924159,56.2430363,67.947322,70.26954599999999,27.0,27.0,27.0,0.0,False,False,0.0,9.999999999999787,10.000000000001563,20.00000000000135,10.003056198642373,5.725988924615934,4.277199892818865,0.0,0.0,0.0,3006880.0,0.0,0.0,-1000.0,-1.0,0.0,368,2800,0.13142857142857142,0,280,0.0,0,28,0.0
offline_umi_n258_fwa,8,dl,10.000280761964286,10.00022968875,0.0,0.9999948928219616,54.8940283,57.4910035,59.62647515,27.0,27.0,27.0,0.0,False,False,0.0,1.7763568394002505e-12,1.7763568394002505e-12,1.7763568394002505e-12,10.000293926402287,10.000215541264739,0.0,0.0,0.0,0.0,31738.0,0.0,,-1000.0,-1.0,0.0,0,2800,0.0,0,280,0.0,0,28,0.0
offline_umi_n258_fwa,8,ul,10.000280761964286,5.722992018642858,4.276859247341072,0.5722831343305935,47.442480849999995,59.406121999999996,61.7243563,27.0,27.0,27.0,0.0,False,False,0.0,9.999999999999787,10.000000000003002,10.00000000000334,10.000293926402287,5.7220188996070025,4.276501321900679,0.0,0.0,0.0,3016139.0,0.0,0.0,-1000.0,-1.0,0.0,381,2800,0.13607142857142857,0,280,0.0,0,28,0.0
offline_umi_n258_fwa,9,dl,10.001005929642856,10.001002219464286,0.0,0.999999629019461,41.9145065,44.4045565,46.566145,26.0,27.0,27.0,0.0,False,False,0.0,1.7763568394002505e-12,1.7763568394002505e-12,1.7763568394002505e-12,10.000962843872811,10.000943265451948,0.0,0.0,0.0,0.0,30861.0,0.0,,-1000.0,-1.0,0.0,0,2800,0.0,0,280,0.0,0,28,0.0
offline_umi_n258_fwa,9,ul,10.001005929642856,5.722526796892858,4.2796969968214285,0.5721951208859261,34.26562,46.2901175,48.58320319999999,26.0,27.0,27.0,0.0,False,False,0.0,9.999999999999787,10.000000000001563,20.00000000000135,10.000962843872811,5.722193640585924,4.279663308324402,0.0,0.0,0.0,2980581.0,0.0,1.0,-1000.0,-1.0,0.0,367,2800,0.13107142857142856,0,280,0.0,0,28,0.0
offline_umi_n258_fwa_high_loss,0,dl,399.8184349821429,87.6385793857143,312.16232852857144,0.21919594425311703,-0.0744372587999999,2.5037267,4.603429234999999,1.0,2.0,4.0,0.0,False,False,0.0,1.7763568394002505e-12,1.7763568394002505e-12,1.7763568394002505e-12,399.8148829939264,87.63955866380851,312.1569185780636,0.0,0.0,0.0,120631004.0,1.0,,300.0002,1.0,0.0,0,2800,0.0,0,280,0.0,0,28,0.0
offline_umi_n258_fwa_high_loss,0,ul,99.95460873392858,6.993778540214285,92.95530037785714,0.0699695454646937,-9.1109371,-6.3536835,16.102257950000002,0.0,0.0,15.0,0.00035714285714285714,False,False,0.0,1.7763568394002505e-12,1.7763568394002505e-12,1.7763568394002505e-12,99.95372075741338,6.993766166488032,92.95449167559843,0.0,0.0,0.0,30154708.0,2.0,2.0,299.99995,1.0,0.0,0,2800,0.0,0,280,0.0,0,28,0.0
offline_umi_n258_fwa_high_loss,1,dl,10.000286028035713,9.996902094892857,0.003359500010714286,0.999661616364435,14.160268024999999,16.6858985,18.802551299999998,13.0,16.0,18.0,0.0,False,False,0.0,1.7763568394002505e-12,1.7763568394002505e-12,1.7763568394002505e-12,10.000305073240444,9.996943336906039,0.0,0.0,0.0033607002500893176,0.2632768846016435,30242.0,4.0,,32.00054,4.0,0.0,0,2800,0.0,0,280,0.0,0,28,0.0
offline_umi_n258_fwa_high_loss,1,ul,10.000286028035713,3.7398013542214286,6.261387531117856,0.3739694388477418,6.651355905,18.5936905,21.073965599999998,5.0,18.0,21.0,0.0,False,False,0.0,10.000000000000675,20.00000000000135,30.000000000001137,10.000305073240444,3.7399490175062526,6.261209717756342,0.0,0.0,0.0,2980579.0,1.0,1.0,300.0002,1.0,0.0,455,2800,0.1625,0,280,0.0,0,28,0.0
offline_umi_n258_fwa_high_loss,10,dl,10.001271203928571,5.407907134289285,4.594022319680822,0.5407219766388317,-5.685812185,-3.0773575500000003,-0.8949761400000001,0.0,0.0,1.0,0.0,False,False,0.0,9.999999999999787,19.999999999999574,30.000000000002913,10.001233297606289,5.407510825294749,4.5944780993211864,0.0,0.0,0.0,3000910.0,1.0,,300.0002,1.0,0.0,261,2800,0.09321428571428571,0,280,0.0,0,28,0.0
offline_umi_n258_fwa_high_loss,10,ul,10.001271203928571,0.0,10.001639134821428,0.0,-25.42782875,-6.560895,-3.8968843800000004,-1.0,0.0,0.0,0.24928571428571428,False,True,28000.0,28000.0,28000.0,28000.0,10.001233297606289,0.0,10.00149181850661,0.0,0.0,0.0,3003546.0,0.0,0.0,-1000.0,-1.0,0.0,2800,2800,1.0,280,280,1.0,28,28,1.0
offline_umi_n258_fwa_high_loss,2,dl,10.004049399464286,10.001627110928572,0.002515928582142857,0.9997578691948639,6.762982715,9.361369,11.67510875,6.0,8.0,10.0,0.0,False,False,0.0,1.7763568394002505e-12,1.7763568394002505e-12,1.7763568394002505e-12,10.004037048946053,10.001646123615577,0.0,0.0,0.0025168274383708467,0.25776391568417295,28223.0,3.0,,32.000065,4.0,0.0,0,2800,0.0,0,280,0.0,0,28,0.0
offline_umi_n258_fwa_high_loss,2,ul,10.004049399464286,2.185257465375,7.819184638428571,0.21843729255195599,-1.7539664649999984,11.217466000000002,13.566942149999997,1.0,10.0,12.0,0.0,False,False,0.0,9.999999999999787,10.000000000000675,29.99999999999936,10.004037048946053,2.184556520185781,7.819604930332262,0.0,0.0,0.0,3021033.0,1.0,2.0,299.99924,1.0,0.0,144,2800,0.05142857142857143,0,280,0.0,0,28,0.0
offline_umi_n258_fwa_high_loss,3,dl,9.997717854642856,9.993906175928572,0.0039077142035714284,0.9996187451206664,6.7481808999999995,9.344326500000001,11.610632999999996,6.0,8.0,10.0,0.0,False,False,0.0,1.7763568394002505e-12,1.7763568394002505e-12,1.7763568394002505e-12,9.997654376563059,9.993846552340122,0.0,0.0,0.003909110396570203,0.2670326545194713,28343.0,3.0,,30.00021,4.0,0.0,0,2800,0.0,0,280,0.0,0,28,0.0
offline_umi_n258_fwa_high_loss,3,ul,9.997717854642856,2.0584404989035714,7.939369107321428,0.20589103721782356,-2.04827332,10.6420915,12.9918943,0.0,9.0,12.0,0.0,False,False,0.0,1.7763568394002505e-12,10.000000000001563,20.00000000000135,9.997654376563059,2.058789674883887,7.939237156127188,0.0,0.0,0.0,3008568.0,1.0,1.0,299.99924,1.0,0.0,148,2800,0.05285714285714286,0,280,0.0,0,28,0.0
offline_umi_n258_fwa_high_loss,4,dl,10.004416030892857,9.998281998714285,0.00608932135,0.9993868675433298,5.900443930000001,8.4496175,10.629329,5.0,7.0,9.0,0.0,False,False,0.0,1.7763568394002505e-12,1.7763568394002505e-12,1.7763568394002505e-12,10.004381779206861,9.99819381922115,0.0,0.0,0.006091496963201143,0.2544330475169704,31233.0,3.0,,32.00054,4.0,0.0,0,2800,0.0,0,280,0.0,0,28,0.0
offline_umi_n258_fwa_high_loss,4,ul,10.004416030892857,1.7732422483764285,8.232176777357143,0.1772459524774654,-3.7114504299999993,9.227426000000001,11.655731199999996,0.0,8.0,10.0,0.0,False,False,0.0,1.7763568394002505e-12,10.000000000001563,20.00000000000135,10.004381779206861,1.7730311539835657,8.232030189353342,0.0,0.0,0.0,2999895.0,1.0,1.0,299.99924,1.0,0.0,141,2800,0.05035714285714286,0,280,0.0,0,28,0.0
offline_umi_n258_fwa_high_loss,5,dl,9.996346677857144,5.754383072278571,4.242324143226429,0.5756486102092754,-5.1932314349999995,-2.79624685,-0.6670278800000002,0.0,0.0,1.0,0.0,False,False,0.0,9.999999999999787,20.000000000000917,50.00000000000249,9.996380600214362,5.7545033226152205,4.241956413004645,0.0,0.0,0.00019628438728117186,3013500.0,2.0,,300.0002,1.0,0.0,251,2800,0.08964285714285715,0,280,0.0,0,28,0.0
offline_umi_n258_fwa_high_loss,5,ul,9.996346677857144,0.00015042857142857143,9.996337519821429,1.5048354791634527e-05,-3.5570290349999993,-0.94972133,1.2104126649999971,0.0,1.0,2.0,0.0,False,False,3630.0,19856.999999999996,21299.399999999994,21659.999999999996,9.996380600214362,0.0001504823151125402,9.996309253304752,0.0,0.0,0.0,3013500.0,0.0,1.0,-1000.0,-1.0,0.0,2798,2800,0.9992857142857143,278,280,0.9928571428571429,26,28,0.9285714285714286
offline_umi_n258_fwa_high_loss,6,dl,9.998423929107142,4.063471105,5.935211570755357,0.4064111637805767,-7.489309499999999,-4.95098475,-2.82781958,0.0,0.0,0.0,0.0,False,False,0.0,9.999999999999787,10.00000000000334,30.000000000001137,9.998316541622009,4.064169846373705,5.934108467309754,0.0,0.0,0.0,3014945.0,1.0,,299.99995,1.0,0.0,223,2800,0.07964285714285714,0,280,0.0,0,28,0.0
offline_umi_n258_fwa_high_loss,6,ul,9.998423929107142,0.0,9.998625384285713,0.0,-26.1088852,-9.2218255,-5.488628275000002,-1.0,0.0,0.0,0.44285714285714284,False,True,28000.0,28000.0,28000.0,28000.0,9.998316541622009,0.0,9.998613540550197,0.0,0.0,0.0,3005562.0,0.0,0.0,-1000.0,-1.0,0.0,2800,2800,1.0,280,280,1.0,28,28,1.0
offline_umi_n258_fwa_high_loss,7,dl,10.003072794642856,10.003083931892856,0.0,1.0,22.7017017,25.3336495,27.53880165,21.0,24.0,25.0,0.0,False,False,0.0,1.7763568394002505e-12,1.7763568394002505e-12,1.7763568394002505e-12,10.003056198642373,10.003034619506968,0.0,0.0,0.0,0.07321196856020008,29951.0,2.0,,17.000198,3.0,0.0,0,2800,0.0,0,280,0.0,0,28,0.0
offline_umi_n258_fwa_high_loss,7,ul,10.003072794642856,4.716965954171429,5.286333937789643,0.4715516972642246,15.1397278,27.2065765,29.54167175,14.0,25.0,26.0,0.0,False,False,8.881784197001252e-13,19.999999999999574,29.99999999999936,40.000000000000924,10.003056198642373,4.71865119685602,5.284537620578778,0.0,0.0,0.0,3006880.0,1.0,1.0,298.9998,1.0,0.0,693,2800,0.2475,0,280,0.0,0,28,0.0
offline_umi_n258_fwa_high_loss,8,dl,10.000280761964286,9.993719298535714,0.006872607264285715,0.9993438720787192,11.7305466,14.327529,16.463001849999998,11.0,13.0,16.0,0.0,False,False,0.0,1.7763568394002505e-12,1.7763568394002505e-12,1.7763568394002505e-12,10.000293926402287,9.993340478742407,0.0,0.0,0.006875062522329404,0.25989835655591287,31738.0,5.0,,32.000065,4.0,0.0,0,2800,0.0,0,280,0.0,0,28,0.0
offline_umi_n258_fwa_high_loss,8,ul,10.000280761964286,3.2448620318535717,6.756050720749999,0.32447709310275463,3.94112997,16.1593555,18.5207768,3.0,15.0,18.0,0.0,False,False,0.0,10.000000000000675,20.00000000000135,40.00000000000048,10.000293926402287,3.2444534119328337,6.755777241872098,0.0,0.0,0.0,3006805.0,1.0,1.0,299.99924,1.0,0.0,426,2800,0.15214285714285714,0,280,0.0,0,28,0.0
offline_umi_n258_fwa_high_loss,9,dl,10.001005929642856,10.000316323678572,0.0017726785857142856,0.9999310463398247,1.8019722850000004,4.2920218,6.45361685,2.0,4.0,5.0,0.0,False,False,0.0,1.7763568394002505e-12,1.7763568394002505e-12,39.99999999999915,10.000962843872811,9.99916995355484,0.0,0.0,0.0017733118971061095,0.2552014648088603,30861.0,3.0,,65.000534,4.0,0.0,7,2800,0.0025,0,280,0.0,0,28,0.0
offline_umi_n258_fwa_high_loss,9,ul,10.001005929642856,1.111080498995357,8.890956712571429,0.11109687433562342,-8.704994600000001,6.0035792,8.446173599999996,0.0,5.0,7.0,0.009642857142857142,False,False,0.0,1.7763568394002505e-12,9.999999999999787,20.000000000000462,10.000962843872811,1.1107844230082173,8.891388388710254,0.0,0.0,0.0,2991813.0,1.0,1.0,299.99924,1.0,0.0,68,2800,0.024285714285714285,0,280,0.0,0,28,0.0
