profile,ue_id,direction,generated_mbps,throughput_mbps,error_mbps,demand_satisfaction,sinr_p05_db,sinr_p50_db,sinr_p95_db,mcs_p05,mcs_p50,mcs_p95,outage_fraction,outage,zero_throughput,service_gap_p50_ms,service_gap_p95_ms,service_gap_p99_ms,service_gap_max_ms,zero_10ms_windows,eligible_10ms_windows,zero_10ms_fraction,zero_100ms_windows,eligible_100ms_windows,zero_100ms_fraction,zero_1000ms_windows,eligible_1000ms_windows,zero_1000ms_fraction
offline_umi_n40_npn,0,dl,30.001131770375,27.773731136037497,2.2271534460804374,0.9257561130898075,12.043840150000001,27.4463225,45.0622165,10.0,25.0,27.0,0.0,False,False,0.0,2.1316282072803006e-11,2.1316282072803006e-11,2.1316282072803006e-11,0,16000,0.0,0,1600,0.0,0,160,0.0
offline_umi_n40_npn,0,ul,15.000565878937499,14.01722475068125,0.9834263261270187,0.9344463978097671,13.1439264,32.09285,55.8307374,12.0,26.0,27.0,0.0,False,False,0.0,2.1316282072803006e-11,2.1316282072803006e-11,2.1316282072803006e-11,0,16000,0.0,0,1600,0.0,0,160,0.0
offline_umi_n40_npn,1,dl,2.00000940629375,1.99979891288,0.00021213750125,0.9998947537881133,30.412141,37.952095,44.6742539,25.0,27.0,27.0,0.0,False,False,0.0,2.1316282072803006e-11,2.1316282072803006e-11,2.1316282072803006e-11,0,16000,0.0,0,1600,0.0,0,160,0.0
offline_umi_n40_npn,1,ul,2.00000940629375,1.021070887965625,0.9789520066370687,0.5105330428709273,43.398957200000005,52.1075365,59.18588365,27.0,27.0,27.0,0.0,False,False,9.99999999999801,20.000000000003126,20.000000000003126,30.000000000001137,6306,16000,0.394125,0,1600,0.0,0,160,0.0
offline_umi_n40_npn,10,dl,2.000347374975,1.6044861172413751,0.39593187548494374,0.8021037432368104,7.134679050000001,15.605895,22.164438099999998,6.0,14.0,22.0,0.0,False,False,7.105427357601002e-12,20.000000000003126,29.99999999999403,69.99999999998607,4602,16000,0.287625,0,1600,0.0,0,160,0.0
offline_umi_n40_npn,10,ul,2.000347374975,0.98281433189125,1.017485862696215,0.4913218294915067,16.73766875,26.851593,33.8860508,16.0,25.0,27.0,0.0,False,False,7.105427357601002e-12,10.000000000012221,20.000000000003126,20.000000000003126,4811,16000,0.3006875,0,1600,0.0,0,160,0.0
offline_umi_n40_npn,2,dl,2.0002431999437498,1.8698502571683124,0.13408570620988125,0.9348114555374546,9.930506450000001,23.5891065,33.0060861,8.0,23.0,27.0,0.0,False,False,3.552713678800501e-12,10.000000000005116,20.000000000003126,40.00000000000625,1692,16000,0.10575,0,1600,0.0,0,160,0.0
offline_umi_n40_npn,2,ul,2.0002431999437498,1.014305420081875,0.9858379688309687,0.507091047783789,23.6217957,37.7122485,47.41276115,22.0,27.0,27.0,0.0,False,False,9.9999999999838,20.000000000003126,20.000000000003126,20.000000000003126,5788,16000,0.36175,0,1600,0.0,0,160,0.0
offline_umi_n40_npn,3,dl,2.00011839313125,1.3607633272805624,0.6392870317435063,0.6803413897665546,6.0686026,12.26801,17.454497449999998,5.0,11.0,17.0,0.0,False,False,7.105427357601002e-12,20.000000000003126,30.000000000008242,50.00000000000426,5787,16000,0.3616875,0,1600,0.0,0,160,0.0
offline_umi_n40_npn,3,ul,2.00011839313125,0.98754075656125,1.0125591188753187,0.49374115050020767,17.18532415,26.0438525,31.53979365,16.0,24.0,27.0,0.0,False,False,7.105427357601002e-12,10.000000000012221,20.000000000003126,20.000000000003126,4615,16000,0.2884375,0,1600,0.0,0,160,0.0
offline_umi_n40_npn,4,dl,1.9999116502874998,1.8716796523973749,0.1282597877223831,0.9358811686147781,14.1807287,18.442251,21.834853650000003,13.0,18.0,22.0,0.0,False,False,7.105427357601002e-12,10.000000000012221,20.000000000003126,30.000000000022453,3788,16000,0.23675,0,1600,0.0,0,160,0.0
offline_umi_n40_npn,4,ul,1.9999116502874998,0.98735206830875,1.012556731975875,0.4936978431856287,17.0346905,24.974429,28.62952175,16.0,24.0,26.0,0.0,False,False,7.105427357601002e-12,10.000000000012221,20.000000000003126,20.000000000003126,4322,16000,0.270125,0,1600,0.0,0,160,0.0
offline_umi_n40_npn,5,dl,1.9998724749375,1.9103349521984998,0.08967731265170624,0.9552283838789278,12.13887305,22.184887500000002,29.057846299999998,11.0,22.0,26.0,0.0,False,False,7.105427357601002e-12,10.000000000005116,20.000000000003126,59.99999999999517,1845,16000,0.1153125,0,1600,0.0,0,160,0.0
offline_umi_n40_npn,5,ul,1.9998724749375,1.01469338331375,0.9851052942385069,0.5073790434289872,25.2048034,36.432925,43.57924085,23.0,27.0,27.0,0.0,False,False,9.9999999999838,20.000000000003126,20.000000000003126,30.000000000008242,5921,16000,0.3700625,0,1600,0.0,0,160,0.0
offline_umi_n40_npn,6,dl,2.0003287245625,1.99807646265225,0.002192062516875,0.9988740541079104,22.5246886,32.0428775,39.75058865,22.0,26.0,27.0,0.0,False,False,0.0,2.1316282072803006e-11,2.1316282072803006e-11,20.000000000003126,78,16000,0.004875,0,1600,0.0,0,160,0.0
offline_umi_n40_npn,6,ul,2.0003287245625,1.02024874440125,0.98006380608494,0.5100405407738134,35.7336752,46.123808,54.141201499999994,26.0,27.0,27.0,0.0,False,False,9.99999999999801,20.000000000003126,20.000000000003126,29.99999999999403,6279,16000,0.3924375,0,1600,0.0,0,160,0.0
offline_umi_n40_npn,7,dl,1.9999621179375,1.9999361613887499,0.0,0.9999870214797983,44.263625649999994,51.511585,58.67048234999999,27.0,27.0,27.0,0.0,False,False,0.0,2.1316282072803006e-11,2.1316282072803006e-11,10.000000000012221,3,16000,0.0001875,0,1600,0.0,0,160,0.0
offline_umi_n40_npn,7,ul,1.9999621179375,1.02132825659375,0.9785621558957462,0.510673800985298,55.8558795,64.494828,71.71482825,27.0,27.0,27.0,0.0,False,False,9.99999999999801,20.000000000003126,20.000000000003126,20.000000000003126,6323,16000,0.3951875,0,1600,0.0,0,160,0.0
offline_umi_n40_npn,8,dl,2.00028858151875,1.9972054625687499,0.0030703312675,0.9984586629256968,23.97911155,28.933546,32.82191865,22.0,26.0,27.0,0.0,False,False,0.0,2.1316282072803006e-11,2.1316282072803006e-11,10.000000000012221,2,16000,0.000125,0,1600,0.0,0,160,0.0
offline_umi_n40_npn,8,ul,2.00028858151875,1.02043955076125,0.9799068564660376,0.5101461660029403,36.02224195,43.3188915,47.44397105,26.0,27.0,27.0,0.0,False,False,9.99999999999801,20.000000000003126,20.000000000003126,29.99999999999403,6253,16000,0.3908125,0,1600,0.0,0,160,0.0
offline_umi_n40_npn,9,dl,1.9997852372125,1.9981992497475,0.0015563000037500001,0.999206921105583,25.2611803,31.5164085,37.02321455,23.0,26.0,27.0,0.0,False,False,0.0,2.1316282072803006e-11,2.1316282072803006e-11,10.000000000012221,5,16000,0.0003125,0,1600,0.0,0,160,0.0
offline_umi_n40_npn,9,ul,1.9997852372125,1.01972520712375,0.98007459964575,0.509917359198603,34.616807099999996,42.403129,48.3023575,26.0,27.0,27.0,0.0,False,False,9.99999999999801,20.000000000003126,20.000000000003126,30.000000000022453,6230,16000,0.389375,0,1600,0.0,0,160,0.0
offline_uma_n78_pedestrian,0,dl,80.0030180821875,73.926006246375,6.076991471244501,0.9240402177131674,10.192680300000001,15.5973975,25.85447815,9.0,15.0,24.0,0.0,False,False,0.0,2.1316282072803006e-11,2.1316282072803006e-11,2.1316282072803006e-11,0,16000,0.0,0,1600,0.0,0,160,0.0
offline_uma_n78_pedestrian,0,ul,30.001131770375,6.10020194335,23.900793156274997,0.2033323939256759,11.76681145,27.8293685,38.7272976,11.0,25.0,27.0,0.0,False,False,0.0,2.1316282072803006e-11,10.000000000012221,20.000000000003126,734,16000,0.045875,0,1600,0.0,0,160,0.0
offline_uma_n78_pedestrian,1,dl,5.00002351281875,2.25445210047625,2.745647350126625,0.45088829976427625,-8.081388050000001,-5.5290647,-3.1391076000000004,0.0,0.0,0.0,6.25e-05,False,False,0.0,2.1316282072803006e-11,2.1316282072803006e-11,20.000000000003126,78,16000,0.004875,0,1600,0.0,0,160,0.0
offline_uma_n78_pedestrian,1,ul,2.00000940629375,0.5580787920125,1.44195346774875,0.27903808364915883,-5.532747725,7.9156040999999995,10.483399699999998,0.0,7.0,9.0,0.0,False,False,0.0,9.9999999999838,10.000000000012221,20.000000000003126,797,16000,0.0498125,0,1600,0.0,0,160,0.0
offline_uma_n78_pedestrian,10,dl,5.000868434906249,0.00274970626689375,4.99816476319375,0.0005498457523298747,-18.91898955,-15.96672675,-13.56955725,-1.0,-1.0,-1.0,0.9948125,True,False,,,,,0,0,,0,0,,0,0,
offline_uma_n78_pedestrian,10,ul,2.000347374975,0.00015423125625000001,2.00021155630625,7.710223643127363e-05,-22.016382699999998,-4.94887085,-1.9799696550000003,-1.0,0.0,0.0,0.27225,False,False,3770.000000000003,27735.999999999956,43835.19999999998,47859.99999999998,15982,16000,0.998875,1583,1600,0.989375,144,160,0.9
offline_uma_n78_pedestrian,11,dl,5.0004577367437495,5.00038451288125,6.855625e-05,0.9999853565680674,52.1036035,55.011282,58.81871395,27.0,27.0,27.0,0.0,False,False,0.0,2.1316282072803006e-11,2.1316282072803006e-11,2.1316282072803006e-11,0,16000,0.0,0,1600,0.0,0,160,0.0
offline_uma_n78_pedestrian,11,ul,2.0001830998375003,1.82714699395,0.1733374187803,0.9134898670518923,49.8353415,54.121210000000005,58.0454732,27.0,27.0,27.0,0.0,False,False,10.000000000001563,29.99999999999403,30.000000000022453,50.00000000000426,8379,16000,0.5236875,0,1600,0.0,0,160,0.0
offline_uma_n78_pedestrian,12,dl,4.99921286195625,0.13233345057502502,4.866922963193749,0.026470857358780558,-19.87156285,-14.791214,-10.230175450000003,-1.0,-1.0,0.0,0.84075,False,False,7.105427357601002e-12,70.00000000000028,230.0000000000083,40019.99999999998,12061,16000,0.7538125,837,1600,0.523125,65,160,0.40625
offline_uma_n78_pedestrian,12,ul,1.99968514981875,9.831250625e-06,1.9996927371,4.916399277101746e-06,-24.07428195,-10.4978155,-4.439887515000002,-1.0,0.0,0.0,0.4259375,False,False,79994.99999999999,83824.5,84164.90000000001,84250.0,15999,16000,0.9999375,1599,1600,0.999375,159,160,0.99375
offline_uma_n78_pedestrian,13,dl,5.00051304386875,0.1114293821430875,4.889069476625,0.022283589936779338,-16.7833076,-13.4266445,-10.9226708,-1.0,-1.0,0.0,0.8335625,False,False,7.105427357601002e-12,80.0000000000054,229.99999999998266,8859.999999999978,11102,16000,0.693875,375,1600,0.234375,11,160,0.06875
offline_uma_n78_pedestrian,13,ul,2.0002052126375,0.036694393884625004,1.963505150275,0.018345314597115383,-18.1753863,-0.877784045,2.1567153049999996,-1.0,1.0,2.0,0.1841875,False,False,10.000000000012221,80.00000000000185,267.79999999997415,8010.000000000012,12378,16000,0.773625,439,1600,0.274375,21,160,0.13125
offline_uma_n78_pedestrian,14,dl,4.99991099974375,1.5309061952954375,3.4690193944881247,0.3061866891978473,-10.372109499999999,-7.903911300000001,-5.815245835,0.0,0.0,0.0,0.006875,False,False,0.0,2.1316282072803006e-11,2.1316282072803006e-11,30.000000000001137,134,16000,0.008375,0,1600,0.0,0,160,0.0
offline_uma_n78_pedestrian,14,ul,1.9999643995812502,0.0961619323460625,1.9038057067875,0.04808182203953068,-14.16769865,2.1924987,4.613242414999998,-1.0,2.0,4.0,0.1074375,False,False,2.1316282072803006e-11,30.000000000008242,50.00000000000426,89.9999999999963,7383,16000,0.4614375,0,1600,0.0,0,160,0.0
offline_uma_n78_pedestrian,15,dl,5.0009533744125,4.290614019694125,0.7102261811358103,0.85795921266676,-4.850306645,-0.8491637249999999,4.170339174999999,0.0,1.0,3.0,0.0,False,False,0.0,2.1316282072803006e-11,2.1316282072803006e-11,10.000000000012221,33,16000,0.0020625,0,1600,0.0,0,160,0.0
offline_uma_n78_pedestrian,15,ul,2.00038135005625,0.939478114373125,1.060880587627875,0.4696495067536533,-0.8143961934999997,12.2273005,17.61892885,1.0,11.0,17.0,0.0,False,False,3.552713678800501e-12,10.000000000012221,20.000000000003126,30.000000000022453,2050,16000,0.128125,0,1600,0.0,0,160,0.0
offline_uma_n78_pedestrian,16,dl,5.0001461650125005,4.91873085595,0.08141451243400062,0.9837174141763719,4.172752085,6.5621915,8.664150375,4.0,5.0,7.0,0.0,False,False,0.0,2.1316282072803006e-11,2.1316282072803006e-11,2.1316282072803006e-11,0,16000,0.0,0,1600,0.0,0,160,0.0
offline_uma_n78_pedestrian,16,ul,2.00005846863125,1.25377640418125,0.7462563309024101,0.6268698759788148,4.740801505,16.4235975,18.65931495,4.0,16.0,18.0,0.0,False,False,7.105427357601002e-12,10.000000000012221,20.000000000003126,30.000000000022453,3426,16000,0.214125,0,1600,0.0,0,160,0.0
offline_uma_n78_pedestrian,17,dl,5.00026668108125,0.5733055767659563,4.42702311955625,0.11465500008931236,-13.508313450000001,-11.068558,-8.95865195,-1.0,0.0,0.0,0.358,False,False,3.552713678800501e-12,10.000000000012221,20.000000000003126,70.00000000000739,2398,16000,0.149875,0,1600,0.0,0,160,0.0
offline_uma_n78_pedestrian,17,ul,2.00010666810625,0.0,2.00012711810625,0.0,-24.306784500000003,-12.7839645,-10.537893350000001,-1.0,-1.0,0.0,0.8134375,False,True,159999.99999999997,159999.99999999997,159999.99999999997,159999.99999999997,16000,16000,1.0,1600,1600,1.0,160,160,1.0
offline_uma_n78_pedestrian,18,dl,4.999395981106249,0.06640608154835625,4.9329759435,0.013282820924631407,-22.41194955,-17.0085735,-11.0928325,-1.0,-1.0,0.0,0.910125,False,False,7.105427357601002e-12,93.00000000001074,374.5999999999936,76759.99999999999,13746,16000,0.859125,1125,1600,0.703125,89,160,0.55625
offline_uma_n78_pedestrian,18,ul,1.9997583880499998,0.0217921377121875,1.977960674875,0.010897385325352931,-21.71041855,-4.85593315,2.452893549999999,-1.0,0.0,2.0,0.2298125,False,False,9.99999999999801,79.99999999998337,374.89999999999077,59839.99999999999,13849,16000,0.8655625,1033,1600,0.645625,86,160,0.5375
offline_uma_n78_pedestrian,19,dl,5.000404694668751,0.0624496502515125,4.937972142456251,0.012488919210497912,-17.7793037,-14.8673175,-11.246816475000001,-1.0,-1.0,0.0,0.918,False,False,2.1316282072803006e-11,280.00000000000114,1021.1999999999919,11310.00000000001,13889,16000,0.8680625,1015,1600,0.634375,36,160,0.225
offline_uma_n78_pedestrian,19,ul,2.0001618748875,0.025961912635124998,1.97420679979375,0.012979905757170397,-18.4722751,-1.7629958000000001,2.2177893899999996,-1.0,1.0,2.0,0.2186875,False,False,10.000000000012221,139.99999999997996,856.3000000000027,7450.00000000001,13421,16000,0.8388125,756,1600,0.4725,22,160,0.1375
offline_uma_n78_pedestrian,2,dl,5.000608000475,0.07859767552494375,4.9219820135,0.015717623840436578,-22.514781449999997,-16.5269605,-10.91358755,-1.0,-1.0,0.0,0.901375,False,False,7.105427357601002e-12,59.99999999999517,341.19999999999584,76100.0,13412,16000,0.83825,1100,1600,0.6875,91,160,0.56875
offline_uma_n78_pedestrian,2,ul,2.0002431999437498,0.024299762719499997,1.9759321122875002,0.012148404114151393,-21.9448343,-4.50620845,2.688500649999999,-1.0,0.0,2.0,0.225875,False,False,9.9999999999838,59.99999999999517,196.2000000000123,50800.0,13662,16000,0.853875,1041,1600,0.650625,88,160,0.55
offline_uma_n78_pedestrian,20,dl,4.99889895241875,2.385468663346663,2.622730363125325,0.4771988163898449,-11.43438095,-7.28789935,16.911140949999993,0.0,0.0,16.0,0.0458125,False,False,0.0,2.1316282072803006e-11,9.99999999999801,30.000000000008242,312,16000,0.0195,0,1600,0.0,0,160,0.0
offline_uma_n78_pedestrian,20,ul,1.9995595811687499,0.27624369455925,1.723458031124,0.13815226971020517,-21.07977405,-3.8000815,20.55633369999998,-1.0,0.0,20.0,0.193375,False,False,1.4210854715202004e-11,20.000000000003126,50.00000000000426,52459.99999999999,12135,16000,0.7584375,1043,1600,0.651875,93,160,0.58125
offline_uma_n78_pedestrian,3,dl,5.0002959931625,0.050656206627693746,4.94962112336875,0.01013064160540936,-16.24600255,-13.831825,-11.720406950000001,-1.0,-1.0,0.0,0.9208125,False,False,19.999999999974705,189.99999999999062,350.0000000000014,740.000000000002,13200,16000,0.825,428,1600,0.2675,0,160,0.0
offline_uma_n78_pedestrian,3,ul,2.00011839313125,0.038879943864375,1.9612309874875,0.01943882122073144,-16.4417848,-0.820680525,1.631818515,-1.0,1.0,2.0,0.1715,False,False,20.000000000003126,97.49999999999659,160.0000000000037,740.000000000002,11975,16000,0.7484375,114,1600,0.07125,0,160,0.0
offline_uma_n78_pedestrian,4,dl,4.99977912374375,0.00195937501689375,4.9978126231625,0.00039189231532024227,-18.79227955,-16.158685499999997,-13.8051096,-1.0,-1.0,-1.0,0.99675,True,False,,,,,0,0,,0,0,,0,0,
offline_uma_n78_pedestrian,4,ul,1.9999116502874998,0.0,1.9999088008124999,0.0,-24.5232334,-9.3792385,-6.49343465,-1.0,0.0,0.0,0.3023125,False,True,159999.99999999997,159999.99999999997,159999.99999999997,159999.99999999997,16000,16000,1.0,1600,1600,1.0,160,160,1.0
offline_uma_n78_pedestrian,5,dl,4.9996811971,0.04453488153171875,4.9550990808375,0.008907544256531922,-17.53980135,-14.764464,-11.73308535,-1.0,-1.0,0.0,0.9359375,False,False,2.1316282072803006e-11,420.0000000000031,1085.6000000000072,11370.000000000004,14152,16000,0.8845,1008,1600,0.63,22,160,0.1375
offline_uma_n78_pedestrian,5,ul,1.9998724749375,0.0251726564830625,1.97468964369375,0.012587130828854072,-18.0683049,-1.63579385,1.8639777599999992,-1.0,1.0,2.0,0.217625,False,False,10.000000000012221,160.0000000000037,721.8000000000086,5549.999999999997,13409,16000,0.8380625,686,1600,0.42875,16,160,0.1
offline_uma_n78_pedestrian,6,dl,5.00082180415625,0.2957429510386938,4.70503842696875,0.05913887009389094,-16.66260335,-13.16488275,-8.499043600000002,-1.0,-1.0,0.0,0.6985625,False,False,3.552713678800501e-12,50.00000000000426,240.000000000002,2529.999999999994,9335,16000,0.5834375,446,1600,0.27875,3,160,0.01875
offline_uma_n78_pedestrian,6,ul,2.0003287245625,0.0697475877500625,1.930564962495625,0.034868062880673414,-16.86462995,-0.184387685,4.935162959999999,-1.0,1.0,4.0,0.161625,False,False,9.9999999999838,60.00000000002359,200.00000000000995,2300.000000000004,10500,16000,0.65625,281,1600,0.175625,2,160,0.0125
offline_uma_n78_pedestrian,7,dl,4.99990529015625,4.9216383428375,0.07826236879453126,0.9843463140246195,13.70268135,16.1201125,18.23525895,13.0,15.0,18.0,0.0,False,False,0.0,2.1316282072803006e-11,2.1316282072803006e-11,2.1316282072803006e-11,0,16000,0.0,0,1600,0.0,0,160,0.0
offline_uma_n78_pedestrian,7,ul,1.9999621179375,1.73388843616875,0.2660573497687556,0.8669606392129349,18.35545035,28.9845945,31.11070785,18.0,25.0,26.0,0.0,False,False,2.1316282072803006e-11,20.000000000003126,29.99999999999403,40.00000000001336,5902,16000,0.368875,0,1600,0.0,0,160,0.0
offline_uma_n78_pedestrian,8,dl,5.00072144971875,0.07346718811188126,4.9272724692875,0.014691317812955407,-15.91857535,-13.526017,-11.4121146,-1.0,-1.0,0.0,0.8830625,False,False,10.000000000005116,130.00000000000256,220.00000000000597,619.9999999999975,12166,16000,0.760375,229,1600,0.143125,0,160,0.0
offline_uma_n78_pedestrian,8,ul,2.00028858151875,0.05348509395275,1.9468107695374999,0.026738688830658934,-16.20623905,-0.166628895,2.2644466849999993,-1.0,1.0,2.0,0.144,False,False,10.000000000012221,70.00000000000028,100.00000000000142,480.0000000000111,10581,16000,0.6613125,23,1600,0.014375,0,160,0.0
offline_uma_n78_pedestrian,9,dl,4.99946309490625,1.7632535210553748,3.2361906324120624,0.35268857626969624,-10.19666375,-6.90368725,-4.514514485,0.0,0.0,0.0,0.011,False,False,0.0,2.1316282072803006e-11,2.1316282072803006e-11,30.000000000001137,166,16000,0.010375,0,1600,0.0,0,160,0.0
offline_uma_n78_pedestrian,9,ul,1.9997852372125,0.19891633644381249,1.800876530703125,0.09946884932558153,-12.088147925,4.02180625,6.8268567,-1.0,3.0,5.0,0.059375,False,False,7.105427357601002e-12,20.000000000003126,39.99999999999915,90.00000000000341,4356,16000,0.27225,0,1600,0.0,0,160,0.0
offline_rural_n78_vehicular,0,dl,20.000754513,19.45667422646875,0.3543723562597875,0.9727970119238446,7.77207175,24.889896,29.0314338,5.0,22.0,25.0,0.0,False,False,0.0,2.1316282072803006e-11,2.1316282072803006e-11,2.1316282072803006e-11,0,16000,0.0,0,1600,0.0,0,160,0.0
offline_rural_n78_vehicular,0,ul,20.000754513,16.961749149849876,0.457191512594025,0.8480554640488764,9.1963544,31.783602000000002,39.63000529999999,6.0,25.0,27.0,0.0,False,False,0.0,2.1316282072803006e-11,2.1316282072803006e-11,2.1316282072803006e-11,0,16000,0.0,0,1600,0.0,0,160,0.0
offline_rural_n78_vehicular,1,dl,10.0000470235625,5.8688935144290655,4.149830642612887,0.5868865916930741,-17.03231585,-1.5302495999999999,11.322866999999999,-1.0,0.0,8.0,0.1568125,False,False,0.0,2.1316282072803006e-11,10.000000000005116,1710.000000000001,1990,16000,0.124375,131,1600,0.081875,1,160,0.00625
offline_rural_n78_vehicular,1,ul,10.0000470235625,1.8453752818811437,8.154785847234688,0.18453666043099584,-12.1387024,4.7504043,22.2981023,-1.0,3.0,20.0,0.0549375,False,False,0.0,2.1316282072803006e-11,40.00000000001336,969.9999999999918,3218,16000,0.201125,166,1600,0.10375,0,160,0.0
offline_rural_n78_vehicular,10,dl,10.001736865218751,6.512360887814194,3.4893704302775,0.651122997492672,-9.7123925,-0.31317399,12.489428074999994,0.0,1.0,9.0,0.0105,False,False,0.0,2.1316282072803006e-11,2.1316282072803006e-11,9.99999999999801,4,16000,0.00025,0,1600,0.0,0,160,0.0
offline_rural_n78_vehicular,10,ul,10.001736865218751,1.2710003004470687,8.730828641287125,0.12707795831611995,-10.373131800000001,4.8498327,17.000880399999982,0.0,3.0,14.0,0.03825,False,False,0.0,2.1316282072803006e-11,30.000000000008242,479.9999999999969,1827,16000,0.1141875,28,1600,0.0175,0,160,0.0
offline_rural_n78_vehicular,2,dl,10.00121599678125,0.072260162925175,9.928899212829375,0.0072251377180965705,-28.9081957,-22.5055915,-13.434759300000003,-1.0,-1.0,-1.0,0.9719375,False,False,0.0,39.99999999999915,1185.4000000000378,102090.0,15346,16000,0.959125,1498,1600,0.93625,142,160,0.8875
offline_rural_n78_vehicular,2,ul,10.00121599678125,0.0118750375135625,9.98928433859375,0.0011873593688391804,-18.0802961,-11.706629,-2.111172085000002,-1.0,-1.0,0.0,0.5201875,False,False,10.000000000012221,169.99999999998357,832.6,4830.000000000002,13463,16000,0.8414375,773,1600,0.483125,24,160,0.15
offline_rural_n78_vehicular,3,dl,10.000591983406249,2.055159037363956,7.945369068961969,0.20550373825609863,-25.29972505,-6.650258,-1.8372489700000048,-1.0,0.0,0.0,0.2175,False,False,0.0,2.1316282072803006e-11,2.1316282072803006e-11,30269.999999999996,3204,16000,0.20025,304,1600,0.19,30,160,0.1875
offline_rural_n78_vehicular,3,ul,10.000591983406249,0.36183736260689375,9.638717301354374,0.03618159437034149,-15.013498825000001,1.9668500500000001,8.86481555,-1.0,2.0,6.0,0.1405625,False,False,7.105427357601002e-12,10.000000000005116,60.000000000002274,4380.000000000003,3801,16000,0.2375625,151,1600,0.094375,5,160,0.03125
offline_rural_n78_vehicular,4,dl,9.999558241968751,1.4810593750680876,8.518439459631251,0.14811248049458742,-14.7585372,-7.6635115,-3.126752420000001,-1.0,0.0,0.0,0.143625,False,False,0.0,2.1316282072803006e-11,19.999999999999574,5100.000000000002,1579,16000,0.0986875,80,1600,0.05,4,160,0.025
offline_rural_n78_vehicular,4,ul,9.999558241968751,0.0115404874884375,9.98800350296875,0.001154099732126303,-17.255459899999998,-3.76025725,1.4937404849999976,-1.0,0.0,1.0,0.1955,False,False,10.000000000005116,240.000000000002,847.7999999999978,2429.9999999999995,13639,16000,0.8524375,745,1600,0.465625,7,160,0.04375
offline_rural_n78_vehicular,5,dl,9.99936239265625,1.137009255931515,8.862302250921624,0.11370817570993921,-26.60506425,-10.68627675,-0.6271303725000081,-1.0,0.0,1.0,0.45125,False,False,3.552713678800501e-12,2.1316282072803006e-11,29.99999999999403,30390.0,6041,16000,0.3775625,517,1600,0.323125,44,160,0.275
offline_rural_n78_vehicular,5,ul,9.99936239265625,0.2062090937750875,9.793102412725,0.020622224265672374,-15.74947405,-2.4514204,9.850456549999997,-1.0,0.0,7.0,0.22175,False,False,7.105427357601002e-12,30.000000000001137,119.99999999999744,1990.000000000002,6616,16000,0.4135,236,1600,0.1475,3,160,0.01875
offline_rural_n78_vehicular,6,dl,10.00164361284375,2.080767375135761,7.920837796013719,0.2080425433739425,-24.1339109,-9.611846499999999,2.4129518799999947,-1.0,0.0,2.0,0.396375,False,False,0.0,2.1316282072803006e-11,40.00000000000952,11820.0,5346,16000,0.334125,404,1600,0.2525,29,160,0.18125
offline_rural_n78_vehicular,6,ul,10.00164361284375,0.39410780000421874,9.60745479360625,0.039404303458495535,-15.3248715,-1.24921705,12.634875774999994,-1.0,0.0,10.0,0.147,False,False,3.552713678800501e-12,20.000000000003126,122.09999999999803,1750.0000000000214,6121,16000,0.3825625,237,1600,0.148125,1,160,0.00625
offline_rural_n78_vehicular,7,dl,9.9998105704375,8.598912719549688,1.3842122674195187,0.8599075611462786,-6.896938565,6.6354962,17.842873649999998,0.0,4.0,15.0,0.00125,False,False,0.0,2.1316282072803006e-11,2.1316282072803006e-11,2.1316282072803006e-11,0,16000,0.0,0,1600,0.0,0,160,0.0
offline_rural_n78_vehicular,7,ul,9.9998105704375,3.9819950477753374,6.015460056154344,0.39820704799622236,-6.380649825,11.455342,27.492652949999997,0.0,8.0,24.0,0.0091875,False,False,0.0,2.1316282072803006e-11,2.1316282072803006e-11,70.00000000000028,222,16000,0.013875,0,1600,0.0,0,160,0.0
offline_rural_n78_vehicular,8,dl,10.001442901281251,1.0392096071113688,8.962269704245282,0.10390596810568595,-26.38032495,-16.5616445,1.529971179999996,-1.0,-1.0,1.0,0.72725,False,False,0.0,9.9999999999838,145.19999999999823,9970.000000000005,11052,16000,0.69075,1008,1600,0.63,73,160,0.45625
offline_rural_n78_vehicular,8,ul,10.001442901281251,0.2051622686625125,9.796317038187501,0.02051326700432693,-17.9080595,-6.415428,11.095169149999995,-1.0,0.0,8.0,0.2611875,False,False,7.105427357601002e-12,80.0000000000054,452.99999999999994,5100.000000000002,11015,16000,0.6884375,650,1600,0.40625,11,160,0.06875
offline_rural_n78_vehicular,9,dl,9.998926188625001,2.5678476998190813,7.412528545375127,0.2568123467838298,-16.531180699999997,-8.4310005,8.17523234999999,-1.0,0.0,5.0,0.2848125,False,False,0.0,2.1316282072803006e-11,39.99999999999915,3630.0000000000027,3130,16000,0.195625,176,1600,0.11,5,160,0.03125
offline_rural_n78_vehicular,9,ul,9.998926188625001,0.40445183156373127,9.59451249749375,0.04044952667255856,-16.4900744,-1.5160627,14.469814499999986,-1.0,0.0,12.0,0.128625,False,False,7.105427357601002e-12,39.99999999998494,290.0000000000016,3360.000000000003,9117,16000,0.5698125,568,1600,0.355,7,160,0.04375
offline_indoor_hotspot_n78_pedestrian,0,dl,60.0022635354375,37.20363089996312,22.91082010717669,0.6200371237326832,-7.995787875,9.3434845,42.198762499999994,0.0,8.0,27.0,0.0135,False,False,0.0,2.1316282072803006e-11,2.1316282072803006e-11,810.0000000000093,195,16000,0.0121875,10,1600,0.00625,0,160,0.0
offline_indoor_hotspot_n78_pedestrian,0,ul,30.001131770375,24.4736836604075,5.52762153255875,0.8157586802966663,-0.71018583,28.08354,66.866612,1.0,25.0,27.0,0.0010625,False,False,0.0,2.1316282072803006e-11,2.1316282072803006e-11,80.0000000000054,33,16000,0.0020625,0,1600,0.0,0,160,0.0
offline_indoor_hotspot_n78_pedestrian,1,dl,0.50000235005625,0.49917405634375,0.0008287062505,0.9983434203611106,20.37776385,33.9565145,41.63700725,20.0,26.0,27.0,0.0,False,False,0.0,2.1316282072803006e-11,2.1316282072803006e-11,2.1316282072803006e-11,0,16000,0.0,0,1600,0.0,0,160,0.0
offline_indoor_hotspot_n78_pedestrian,1,ul,6.00002822210625,3.8394444011975,2.160581180970528,0.6399043902913012,35.7022265,51.0876215,58.99417545,26.0,27.0,27.0,0.0,False,False,7.105427357601002e-12,10.000000000012221,20.000000000003126,20.000000000003126,2931,16000,0.1831875,0,1600,0.0,0,160,0.0
offline_indoor_hotspot_n78_pedestrian,10,dl,0.5000868437231251,0.499726668695625,0.0003598562480625,0.9992797750390341,26.10356955,35.13056,42.8095649,24.0,26.0,27.0,0.0,False,False,0.0,2.1316282072803006e-11,2.1316282072803006e-11,2.1316282072803006e-11,0,16000,0.0,0,1600,0.0,0,160,0.0
offline_indoor_hotspot_n78_pedestrian,10,ul,6.001042118,3.8374516700375003,2.163513156511669,0.6394642121452779,32.5240375,46.249195,54.3254906,26.0,27.0,27.0,0.0,False,False,7.105427357601002e-12,10.000000000012221,20.000000000003126,20.000000000003126,2877,16000,0.1798125,0,1600,0.0,0,160,0.0
offline_indoor_hotspot_n78_pedestrian,2,dl,0.5000608001575,0.49520364385750004,0.0048574937505625,0.9902868685198477,-1.716368095,9.3837485,41.4974765,1.0,8.0,27.0,0.0,False,False,0.0,2.1316282072803006e-11,2.1316282072803006e-11,2.1316282072803006e-11,0,16000,0.0,0,1600,0.0,0,160,0.0
offline_indoor_hotspot_n78_pedestrian,2,ul,6.00072959889375,3.512645404508125,2.487950910992906,0.5853697199013417,7.787053950000001,26.318165,58.970470999999996,6.0,24.0,27.0,0.0,False,False,3.552713678800501e-12,10.000000000012221,10.000000000012221,29.99999999999403,1651,16000,0.1031875,0,1600,0.0,0,160,0.0
offline_indoor_hotspot_n78_pedestrian,3,dl,0.50002959991,0.49436050642625,0.005669387490875,0.988662484211394,-2.05834166,8.913138,35.5775077,0.0,8.0,26.0,0.0,False,False,0.0,2.1316282072803006e-11,2.1316282072803006e-11,10.000000000001563,1,16000,6.25e-05,0,1600,0.0,0,160,0.0
offline_indoor_hotspot_n78_pedestrian,3,ul,6.00035519355625,3.4323276524025,2.568043942261806,0.5720207457199298,7.936630125000001,24.63525,51.7458548,7.0,23.0,27.0,0.000125,False,False,3.552713678800501e-12,10.000000000012221,10.000000000012221,20.000000000003126,1508,16000,0.09425,0,1600,0.0,0,160,0.0
offline_indoor_hotspot_n78_pedestrian,4,dl,0.499977912399375,0.495901743855,0.00407623125,0.991847302764209,8.50718485,20.4555325,40.44465879999999,7.0,20.0,27.0,0.0,False,False,0.0,2.1316282072803006e-11,2.1316282072803006e-11,2.1316282072803006e-11,0,16000,0.0,0,1600,0.0,0,160,0.0
offline_indoor_hotspot_n78_pedestrian,4,ul,5.99973494045,3.167196727035,2.8323847073431687,0.5278894415288036,4.208593860000001,24.928134999999997,45.2201521,4.0,24.0,27.0,0.0001875,False,False,7.105427357601002e-12,10.000000000012221,10.000000000012221,20.000000000003126,1989,16000,0.1243125,0,1600,0.0,0,160,0.0
offline_indoor_hotspot_n78_pedestrian,5,dl,0.49996811861562496,0.4941037624685,0.005864231243413126,0.988270539802892,-3.15939181,7.18827925,34.141344499999995,0.0,6.0,26.0,0.0,False,False,0.0,2.1316282072803006e-11,2.1316282072803006e-11,10.000000000012221,4,16000,0.00025,0,1600,0.0,0,160,0.0
offline_indoor_hotspot_n78_pedestrian,5,ul,5.9996174336187496,3.347989603741875,2.6515973063047378,0.558033848121961,6.399930250000001,23.890067000000002,51.20688545,5.0,23.0,27.0,0.0,False,False,3.552713678800501e-12,9.99999999999801,10.000000000012221,20.000000000003126,1417,16000,0.0885625,0,1600,0.0,0,160,0.0
offline_indoor_hotspot_n78_pedestrian,6,dl,0.500082181208125,0.4944065501680625,0.005676156247795313,0.988650603334134,-4.0773643999999996,11.6262215,35.679292350000004,0.0,10.0,26.0,0.001625,False,False,0.0,2.1316282072803006e-11,2.1316282072803006e-11,50.00000000000071,62,16000,0.003875,0,1600,0.0,0,160,0.0
offline_indoor_hotspot_n78_pedestrian,6,ul,6.000986173575,3.2735708248328126,2.7273668370045625,0.5455054769577365,6.115945975000001,28.129932500000002,52.85578914999999,5.0,25.0,27.0,0.0020625,False,False,7.105427357601002e-12,10.000000000012221,20.000000000003126,90.00000000000341,2208,16000,0.138,0,1600,0.0,0,160,0.0
offline_indoor_hotspot_n78_pedestrian,7,dl,0.49999053126000004,0.498752831309375,0.0012372437540625,0.997524553220026,15.2010272,48.091395000000006,55.907658399999995,14.0,27.0,27.0,0.0,False,False,0.0,2.1316282072803006e-11,2.1316282072803006e-11,2.1316282072803006e-11,0,16000,0.0,0,1600,0.0,0,160,0.0
offline_indoor_hotspot_n78_pedestrian,7,ul,5.99988635063125,3.8363590539875,2.1635054433990626,0.6394052869991238,27.29650755,57.7222135,69.5826753,25.0,27.0,27.0,0.0,False,False,7.105427357601002e-12,10.000000000012221,20.000000000003126,20.000000000003126,2655,16000,0.1659375,0,1600,0.0,0,160,0.0
offline_indoor_hotspot_n78_pedestrian,8,dl,0.500072143675,0.49408359992125,0.005988537490825,0.9880246403854042,0.9968314025,15.4237275,35.918756450000004,2.0,15.0,26.0,0.0,False,False,0.0,2.1316282072803006e-11,2.1316282072803006e-11,2.1316282072803006e-11,0,16000,0.0,0,1600,0.0,0,160,0.0
offline_indoor_hotspot_n78_pedestrian,8,ul,6.00086574265,3.74391746166875,2.2568757059667024,0.6238962213501256,16.15783695,30.599787,52.50049875,16.0,26.0,27.0,0.0,False,False,3.552713678800501e-12,10.000000000005116,10.000000000012221,20.000000000003126,1528,16000,0.0955,0,1600,0.0,0,160,0.0
offline_indoor_hotspot_n78_pedestrian,9,dl,0.49994631252625,0.4974204063575,0.0025252624959,0.994947645166165,-0.08626152949999995,31.756132,39.1034011,1.0,26.0,27.0,0.0,False,False,0.0,2.1316282072803006e-11,2.1316282072803006e-11,2.1316282072803006e-11,0,16000,0.0,0,1600,0.0,0,160,0.0
offline_indoor_hotspot_n78_pedestrian,9,ul,5.999355718175,3.357983370989625,2.6412679518590396,0.5597239984981457,7.078254,40.82419,49.6421729,6.0,27.0,27.0,0.002875,False,False,7.105427357601002e-12,10.000000000012221,20.000000000003126,59.99999999999517,2311,16000,0.1444375,0,1600,0.0,0,160,0.0
offline_umi_n258_fwa,0,dl,400.015090163125,399.972104704375,0.0418157123675,0.9998925404070819,41.900839149999996,44.439138,46.638479749999995,26.0,27.0,27.0,0.0,False,False,0.0,2.1316282072803006e-11,2.1316282072803006e-11,2.1316282072803006e-11,0,16000,0.0,0,1600,0.0,0,160,0.0
offline_umi_n258_fwa,0,ul,100.0037725218125,99.9581617961875,0.045585368754999994,0.9995439099498467,33.67352735,36.050176,38.184922,25.0,26.0,27.0,0.0,False,False,0.0,2.1316282072803006e-11,2.1316282072803006e-11,2.1316282072803006e-11,0,16000,0.0,0,1600,0.0,0,160,0.0
offline_umi_n258_fwa,1,dl,10.0000470235625,10.00005524415625,0.0,1.0,66.42002225,68.973905,71.16160975,27.0,27.0,27.0,0.0,False,False,0.0,2.1316282072803006e-11,2.1316282072803006e-11,2.1316282072803006e-11,0,16000,0.0,0,1600,0.0,0,160,0.0
offline_umi_n258_fwa,1,ul,10.0000470235625,5.70438854750625,4.2957835426898745,0.5704361723565247,59.286768900000006,71.02016499999999,73.3302755,27.0,27.0,27.0,0.0,False,False,7.105427357601002e-12,10.000000000012221,10.000000000012221,20.000000000003126,2068,16000,0.12925,0,1600,0.0,0,160,0.0
offline_umi_n258_fwa,10,dl,10.001736865218751,10.0015953916875,0.00013508124999999998,0.9999858551036528,47.415859000000005,49.954216,52.1346294,27.0,27.0,27.0,0.0,False,False,0.0,2.1316282072803006e-11,2.1316282072803006e-11,2.1316282072803006e-11,0,16000,0.0,0,1600,0.0,0,160,0.0
offline_umi_n258_fwa,10,ul,10.001736865218751,5.70162912118125,4.3003662123358755,0.5700638997021392,39.944648,51.715726000000004,54.0151139,27.0,27.0,27.0,0.0,False,False,7.105427357601002e-12,10.000000000005116,10.000000000012221,20.000000000003126,2031,16000,0.1269375,0,1600,0.0,0,160,0.0
offline_umi_n258_fwa,2,dl,10.00121599678125,10.00103994546875,0.000182837503125,0.9999823970092682,46.3482628,48.867188999999996,51.0206636,27.0,27.0,27.0,0.0,False,False,0.0,2.1316282072803006e-11,2.1316282072803006e-11,2.1316282072803006e-11,0,16000,0.0,0,1600,0.0,0,160,0.0
offline_umi_n258_fwa,2,ul,10.00121599678125,5.70253183279375,4.298846421293749,0.5701838491068515,39.1054905,50.896933,53.186278,26.0,27.0,27.0,0.0,False,False,7.105427357601002e-12,10.000000000005116,10.000000000012221,20.000000000003126,2129,16000,0.1330625,0,1600,0.0,0,160,0.0
offline_umi_n258_fwa,3,dl,10.000591983406249,9.998228054237499,0.002369762504375,0.9997636210763651,34.54436925,37.112761500000005,39.288350699999995,26.0,27.0,27.0,0.0,False,False,0.0,2.1316282072803006e-11,2.1316282072803006e-11,2.1316282072803006e-11,0,16000,0.0,0,1600,0.0,0,160,0.0
offline_umi_n258_fwa,3,ul,10.000591983406249,5.69051686624375,4.3100934065992496,0.5690180017028885,27.21276665,39.089552999999995,41.3987218,25.0,27.0,27.0,0.0,False,False,3.552713678800501e-12,10.000000000005116,10.000000000012221,20.000000000003126,1798,16000,0.112375,0,1600,0.0,0,160,0.0
offline_umi_n258_fwa,4,dl,9.999558241968751,9.99955956703125,0.0,1.0,48.294295299999995,50.821515,52.9684723,27.0,27.0,27.0,0.0,False,False,0.0,2.1316282072803006e-11,2.1316282072803006e-11,2.1316282072803006e-11,0,16000,0.0,0,1600,0.0,0,160,0.0
offline_umi_n258_fwa,4,ul,9.999558241968751,5.70337512886875,4.2962982687945,0.5703627091176228,39.64872445,51.51497,53.806679849999995,27.0,27.0,27.0,0.0,False,False,7.105427357601002e-12,10.000000000005116,10.000000000012221,20.000000000003126,2086,16000,0.130375,0,1600,0.0,0,160,0.0
offline_umi_n258_fwa,5,dl,9.99936239265625,9.999359800281251,0.0,0.9999997407459699,49.055258800000004,51.629824,53.7893353,27.0,27.0,27.0,0.0,False,False,0.0,2.1316282072803006e-11,2.1316282072803006e-11,2.1316282072803006e-11,0,16000,0.0,0,1600,0.0,0,160,0.0
offline_umi_n258_fwa,5,ul,9.99936239265625,5.7032378030999995,4.296073711676501,0.570360146891824,41.909881,53.627883,55.929211949999996,27.0,27.0,27.0,0.0,False,False,7.105427357601002e-12,10.000000000005116,10.000000000012221,20.000000000003126,2102,16000,0.131375,0,1600,0.0,0,160,0.0
offline_umi_n258_fwa,6,dl,10.00164361284375,10.001654012687501,0.0,1.0,59.91065965,62.492627999999996,64.67560830000001,27.0,27.0,27.0,0.0,False,False,0.0,2.1316282072803006e-11,2.1316282072803006e-11,2.1316282072803006e-11,0,16000,0.0,0,1600,0.0,0,160,0.0
offline_umi_n258_fwa,6,ul,10.00164361284375,5.70422205299375,4.2974086781100125,0.5703284653802895,52.734067599999996,64.4838,66.8254498,27.0,27.0,27.0,0.0,False,False,7.105427357601002e-12,10.000000000005116,10.000000000012221,20.000000000003126,2087,16000,0.1304375,0,1600,0.0,0,160,0.0
offline_umi_n258_fwa,7,dl,9.9998105704375,9.999801427312502,0.0,0.99999908567018,66.8003432,69.33631,71.5430225,27.0,27.0,27.0,0.0,False,False,0.0,2.1316282072803006e-11,2.1316282072803006e-11,2.1316282072803006e-11,0,16000,0.0,0,1600,0.0,0,160,0.0
offline_umi_n258_fwa,7,ul,9.9998105704375,5.70255483504375,4.2972192573425,0.5702662860336821,59.34892905,71.250272,73.54453774999999,27.0,27.0,27.0,0.0,False,False,7.105427357601002e-12,10.000000000005116,10.000000000012221,20.000000000003126,2040,16000,0.1275,0,1600,0.0,0,160,0.0
offline_umi_n258_fwa,8,dl,10.001442901281251,10.001380922343749,6.18625e-05,0.9999938030004156,51.1764725,53.736416500000004,55.9259889,27.0,27.0,27.0,0.0,False,False,0.0,2.1316282072803006e-11,2.1316282072803006e-11,2.1316282072803006e-11,0,16000,0.0,0,1600,0.0,0,160,0.0
offline_umi_n258_fwa,8,ul,10.001442901281251,5.70324832024375,4.29823100611775,0.5702425516535345,43.901672000000005,55.777741000000006,58.07337665,27.0,27.0,27.0,0.0,False,False,3.552713678800501e-12,10.000000000005116,10.000000000012221,20.000000000003126,2033,16000,0.1270625,0,1600,0.0,0,160,0.0
offline_umi_n258_fwa,9,dl,9.998926188625001,9.99891327209375,0.0,0.9999987082081608,67.87756,70.40419,72.587296,27.0,27.0,27.0,0.0,False,False,0.0,2.1316282072803006e-11,2.1316282072803006e-11,2.1316282072803006e-11,0,16000,0.0,0,1600,0.0,0,160,0.0
offline_umi_n258_fwa,9,ul,9.998926188625001,5.7047002649625,4.294495707591469,0.5705312907952349,60.2376789,72.0822125,74.412478,27.0,27.0,27.0,0.0,False,False,7.105427357601002e-12,10.000000000012221,10.000000000012221,20.000000000003126,2135,16000,0.1334375,0,1600,0.0,0,160,0.0
offline_umi_n258_fwa_high_loss,0,dl,400.015090163125,134.73618836418748,265.27616906937504,0.3368277639457113,4.17658767,6.71488355,8.9142324,4.0,5.0,7.0,0.0,False,False,0.0,2.1316282072803006e-11,2.1316282072803006e-11,2.1316282072803006e-11,0,16000,0.0,0,1600,0.0,0,160,0.0
offline_umi_n258_fwa_high_loss,0,ul,100.0037725218125,21.135750617156248,78.867791683125,0.2113495329643308,-3.80096891,-0.75347995,23.1198761,0.0,1.0,23.0,0.0,False,False,0.0,2.1316282072803006e-11,2.1316282072803006e-11,2.1316282072803006e-11,0,16000,0.0,0,1600,0.0,0,160,0.0
offline_umi_n258_fwa_high_loss,1,dl,10.0000470235625,9.993990138375,0.00606510625625,0.9993943143293998,31.68975235,34.243635,36.4313325,25.0,26.0,27.0,0.0,False,False,0.0,2.1316282072803006e-11,2.1316282072803006e-11,2.1316282072803006e-11,0,16000,0.0,0,1600,0.0,0,160,0.0
offline_umi_n258_fwa_high_loss,1,ul,10.0000470235625,5.169523064424375,4.830532094700812,0.5169498755599592,24.8933894,36.3155885,38.597930850000004,24.0,26.0,27.0,0.0,False,False,7.105427357601002e-12,10.000000000012221,20.000000000003126,30.000000000022453,3879,16000,0.2424375,0,1600,0.0,0,160,0.0
offline_umi_n258_fwa_high_loss,10,dl,10.001736865218751,9.8471246942375,0.15460578115625,0.984541467840559,10.9431953,13.4815535,15.661970949999999,10.0,12.0,15.0,0.0,False,False,0.0,2.1316282072803006e-11,2.1316282072803006e-11,2.1316282072803006e-11,0,16000,0.0,0,1600,0.0,0,160,0.0
offline_umi_n258_fwa_high_loss,10,ul,10.001736865218751,3.381681309250625,6.620147631661874,0.33810940587834226,2.5683878500000006,15.04285175,17.43847285,3.0,14.0,17.0,0.0,False,False,3.552713678800501e-12,10.000000000005116,19.999999999999574,30.000000000022453,1687,16000,0.1054375,0,1600,0.0,0,160,0.0
offline_umi_n258_fwa_high_loss,2,dl,10.00121599678125,8.443668306140626,1.557502955510394,0.8442641683629373,-2.2488009150000003,0.27013244999999997,2.423605769999999,0.0,1.0,2.0,0.0,False,False,3.552713678800501e-12,10.000000000005116,20.000000000003126,39.99999999999915,1615,16000,0.1009375,0,1600,0.0,0,160,0.0
offline_umi_n258_fwa_high_loss,2,ul,10.00121599678125,0.0065057687803125,9.9946536073,0.0006504977777108594,-19.23414425,1.6851816,4.461822615,-1.0,2.0,3.0,0.286,False,False,210.00000000000085,4141.000000000016,5783.399999999998,9930.000000000027,15842,16000,0.990125,1497,1600,0.935625,95,160,0.59375
offline_umi_n258_fwa_high_loss,3,dl,10.000591983406249,9.478168275130626,0.520959694024525,0.9477607216510314,-1.5711216399999999,0.99726665,3.1728579249999997,1.0,2.0,3.0,0.0,False,False,3.552713678800501e-12,9.99999999999801,20.000000000003126,50.00000000000426,1542,16000,0.096375,0,1600,0.0,0,160,0.0
offline_umi_n258_fwa_high_loss,3,ul,10.000591983406249,0.012750550010999999,9.9878041151625,0.001274979524427823,-19.12493075,2.06093595,5.086570249999999,-1.0,2.0,4.0,0.3509375,False,False,80.0000000000054,2083.5000000000045,3056.7999999999943,4680.0,15667,16000,0.9791875,1404,1600,0.8775,50,160,0.3125
offline_umi_n258_fwa_high_loss,4,dl,9.999558241968751,9.83514400980625,0.1644155565368125,0.9835578504385879,7.226001435,9.7532235,11.900183099999998,6.0,8.0,11.0,0.0,False,False,0.0,2.1316282072803006e-11,2.1316282072803006e-11,2.1316282072803006e-11,0,16000,0.0,0,1600,0.0,0,160,0.0
offline_umi_n258_fwa_high_loss,4,ul,9.999558241968751,2.190469991645,7.809073999524999,0.21905667616909966,-3.213842375,10.1003355,12.59751715,0.0,9.0,11.0,0.0,False,False,0.0,2.1316282072803006e-11,10.000000000012221,29.99999999999403,542,16000,0.033875,0,1600,0.0,0,160,0.0
offline_umi_n258_fwa_high_loss,5,dl,9.99936239265625,9.84648517679375,0.15287462519875,0.9847113035952396,10.4583827,13.032954,15.192451049999999,9.0,12.0,14.0,0.0,False,False,0.0,2.1316282072803006e-11,2.1316282072803006e-11,2.1316282072803006e-11,0,16000,0.0,0,1600,0.0,0,160,0.0
offline_umi_n258_fwa_high_loss,5,ul,9.99936239265625,3.335610077908125,6.663701416826562,0.3335822772417839,2.34166165,14.7921135,17.2432329,2.0,14.0,17.0,0.0,False,False,3.552713678800501e-12,10.000000000001563,10.000000000012221,30.000000000008242,1552,16000,0.097,0,1600,0.0,0,160,0.0
offline_umi_n258_fwa_high_loss,6,dl,10.00164361284375,9.9691853172125,0.032468693825000006,0.9967547038379203,23.5799214,26.161887,28.34487765,22.0,24.0,26.0,0.0,False,False,0.0,2.1316282072803006e-11,2.1316282072803006e-11,2.1316282072803006e-11,0,16000,0.0,0,1600,0.0,0,160,0.0
offline_umi_n258_fwa_high_loss,6,ul,10.00164361284375,5.0394442699125,4.962186433496702,0.503861611649612,16.23464695,28.093753,30.464032149999998,15.0,25.0,26.0,0.0,False,False,7.105427357601002e-12,10.000000000012221,20.000000000003126,30.000000000008242,2733,16000,0.1708125,0,1600,0.0,0,160,0.0
offline_umi_n258_fwa_high_loss,7,dl,9.9998105704375,9.99917344609375,0.0006279812525000001,0.9999362863587002,39.1401976,41.6761645,43.882877449999995,26.0,27.0,27.0,0.0,False,False,0.0,2.1316282072803006e-11,2.1316282072803006e-11,2.1316282072803006e-11,0,16000,0.0,0,1600,0.0,0,160,0.0
offline_umi_n258_fwa_high_loss,7,ul,9.9998105704375,5.1973136528475,4.802460436919194,0.519741210719766,32.161191699999996,43.642638500000004,45.904485099999995,26.0,27.0,27.0,0.0,False,False,7.105427357601002e-12,10.000000000012221,20.000000000003126,30.000000000022453,4253,16000,0.2658125,0,1600,0.0,0,160,0.0
offline_umi_n258_fwa_high_loss,8,dl,10.001442901281251,9.84468515579375,0.1567576313525,0.984326486984451,11.851620350000001,14.411564,16.6011426,11.0,13.0,16.0,0.0,False,False,0.0,2.1316282072803006e-11,2.1316282072803006e-11,2.1316282072803006e-11,0,16000,0.0,0,1600,0.0,0,160,0.0
offline_umi_n258_fwa_high_loss,8,ul,10.001442901281251,3.68206788709875,6.319411419347125,0.3681536677699827,3.9932220300000005,16.272022,18.652679099999997,3.0,16.0,18.0,0.0,False,False,3.552713678800501e-12,10.000000000012221,20.000000000003126,30.000000000022453,1985,16000,0.1240625,0,1600,0.0,0,160,0.0
offline_umi_n258_fwa_high_loss,9,dl,9.998926188625001,9.993530116081251,0.0053831562556249995,0.9994603347957615,31.401757749999998,33.9283825,36.1114895,25.0,26.0,27.0,0.0,False,False,0.0,2.1316282072803006e-11,2.1316282072803006e-11,2.1316282072803006e-11,0,16000,0.0,0,1600,0.0,0,160,0.0
offline_umi_n258_fwa_high_loss,9,ul,9.998926188625001,5.161478643485,4.837322912724762,0.5162032948454818,24.075845299999997,35.625485,37.932217,23.0,26.0,27.0,0.0,False,False,7.105427357601002e-12,10.000000000012221,20.000000000003126,30.000000000008242,3810,16000,0.238125,0,1600,0.0,0,160,0.0
