campaign,source_sha,seed,duration_s,profile,direction,warmup_s,ues,generated_mbps,throughput_mbps,error_mbps,admitted_mbps,delivered_counter_mbps,expired_mbps,queue_dropped_mbps,radio_dropped_mbps,retransmitted_mbps,pending_bits_last,harq_queue_blocks_max,harq_high_water_blocks,harq_oldest_age_ms_max,harq_retry_ordinal_max,conservation_residual_abs_max_bits,aggregate_demand_satisfaction,mean_ue_demand_satisfaction,outage_ues,zero_throughput_ues,sinr_p05_db,sinr_p50_db,sinr_p95_db,mcs_p05,mcs_p50,mcs_p95,pooled_service_gap_p50_ms,pooled_service_gap_p95_ms,pooled_service_gap_p99_ms,ue_max_service_gap_p50_ms,ue_max_service_gap_p95_ms,ue_max_service_gap_p99_ms,ue_max_service_gap_ms,wall_seconds,available_units,structural_unavailable_units,empty_available_units,grid_summary_ttis,legacy_conditional_fill,logged_units,assigned_units,resource_fill_fraction,effective_resource_fill_fraction,zero_effective_assigned_fraction,grant_payload_efficiency,sampled_nominal_grant_bits,sampled_effective_payload_bits,sampled_grants,zero_10ms_window_fraction,zero_100ms_window_fraction,zero_1000ms_window_fraction
disabled,6770c645709517af5da8edf6ca9441f14c670374,20260927,180,offline_indoor_hotspot_n78_pedestrian,dl,20.0,11,65.00248032896874,42.53796951351797,22.576698387252435,65.00252584536534,42.53826732295768,22.576405206575416,0.0,0.0,0.0,192106.0,0.0,,-1000.0,-1.0,0.0,0.6544053288157479,0.9658525455401239,0,0,-0.08626152949999995,15.4237275,40.44465879999999,1.0,15.0,27.0,0.0,2.1316282072803006e-11,2.1316282072803006e-11,2.1316282072803006e-11,430.000000000005,734.0000000000088,810.0000000000093,8.547332973219454,2225453,494547,296815,160000,False,19322,19322,0.8666271541119943,0.8666271541119943,0.0,0.21421691705172555,320136485.6886665,68578651.0,19322,0.0014829545454545455,0.0005681818181818182,0.0
disabled,6770c645709517af5da8edf6ca9441f14c670374,20260927,180,offline_indoor_hotspot_n78_pedestrian,ul,20.0,11,90.00373326203126,60.36064709751843,29.64256521142349,90.00375224076507,60.35982181386337,29.643532152009506,0.0,0.0,0.0,18150554.0,0.0,0.0,-1000.0,-1.0,0.0,0.6706460377792131,0.6151502384157387,0,0,8.001683920000001,28.130268,52.8768846,7.0,25.0,27.0,3.552713678800501e-12,10.000000000012221,10.000000000012221,20.000000000003126,85.0000000000044,89.00000000000361,90.00000000000341,8.547332973219454,1236376,1483624,0,160000,False,12376,12376,1.0,0.6084257539777543,0.39157424602224566,0.46387387019230625,206936833.842796,95992590.0,12376,0.11780681818181818,0.0,0.0
disabled,6770c645709517af5da8edf6ca9441f14c670374,20260927,180,offline_rural_n78_vehicular,dl,20.0,11,120.00509028978126,52.09143561292498,67.89685071312888,120.00509902493908,52.09114781548847,67.89720743171449,0.0,0.0,0.0,23912865.0,0.0,,-1000.0,-1.0,0.0,0.43407688363166624,0.38303810576835584,0,0,-17.03231585,-7.6635115,2.4129518799999947,-1.0,0.0,2.0,0.0,2.1316282072803006e-11,10.000000000012221,5100.000000000002,66240.0,94920.00000000003,102090.0,146.0835125199519,63534471,23825529,2508760,160000,False,609238,609238,0.9605134038182201,0.9605134038182201,0.0,0.9912754031656388,84030814.9823841,83297680.0,609238,0.2709488636363636,0.23397727272727273,0.18636363636363637
disabled,6770c645709517af5da8edf6ca9441f14c670374,20260927,180,offline_rural_n78_vehicular,ul,20.0,11,120.00509028978126,26.95232164902421,93.087598143532,120.00509902493908,26.9520038127383,93.08825712857055,0.0,0.0,0.0,30164432.0,0.0,0.0,-1000.0,-1.0,0.0,0.22459315337325544,0.1629687447805298,0,0,-15.3124497,-1.2348482,12.634875774999994,-1.0,0.0,10.0,3.552713678800501e-12,20.000000000003126,120.000000000001,1990.000000000002,4965.000000000002,5073.000000000002,5100.000000000002,146.0835125199519,31767372,55592628,26577,160000,False,317502,317502,0.9991633868863941,0.5774496864266896,0.4220668070853298,0.8665932150608479,49641159.48793742,43018692.0,317502,0.3911590909090909,0.20102272727272727,0.031818181818181815
disabled,6770c645709517af5da8edf6ca9441f14c670374,20260927,180,offline_uma_n78_pedestrian,dl,20.0,21,180.00534647434378,103.79953061321831,76.2150353002812,180.00541433839612,103.79952268266771,76.21511372585788,0.0,0.0,0.0,24392838.0,0.0,,-1000.0,-1.0,0.0,0.5766469310288674,0.3200488475019813,2,0,-15.91857535,-13.16488275,-8.95865195,-1.0,-1.0,0.0,0.0,10.000000000012221,100.00000000001563,70.00000000000739,76166.0,76641.19999999998,76759.99999999999,12.657413288019598,2225453,494547,21371,160000,False,22052,22052,0.990397011305114,0.990397011305114,0.0,0.7354034717071403,226361652.35060546,166467145.0,22052,0.38213157894736843,0.2161513157894737,0.10394736842105264
disabled,6770c645709517af5da8edf6ca9441f14c670374,20260927,180,offline_uma_n78_pedestrian,ul,20.0,21,70.00206312395001,13.373254730485812,56.628623352655076,70.00208877429843,13.3735630351897,56.628563722732686,0.0,0.0,0.0,21041812.0,0.0,0.0,-1000.0,-1.0,0.0,0.19104086556429478,0.1818544415205588,0,2,-17.0194828,-0.822279515,2.6971221399999976,-1.0,1.0,2.0,7.105427357601002e-12,39.99999999998494,89.9999999999963,2450.00000000001,159999.99999999997,159999.99999999997,159999.99999999997,12.657413288019598,1236376,1483624,0,160000,False,12376,12376,1.0,0.17798711718765164,0.8220128828123483,0.9999990403307889,22177079.28266018,22177058.0,12376,0.6197886904761905,0.35026785714285713,0.2833333333333333
disabled,6770c645709517af5da8edf6ca9441f14c670374,20260927,180,offline_umi_n258_fwa,dl,20.0,11,500.0194259399062,500.0182576011875,0.0,500.01972511406956,500.0187245890368,0.0,0.0,0.0,0.0,1652653.0,0.0,,-1000.0,-1.0,0.0,0.9999976634133433,0.9999994508746138,0,0,49.055258800000004,51.629824,53.7893353,27.0,27.0,27.0,0.0,2.1316282072803006e-11,2.1316282072803006e-11,2.1316282072803006e-11,2.1316282072803006e-11,2.1316282072803006e-11,2.1316282072803006e-11,8.366841300856322,2400000,0,11591,160000,False,23887,23887,0.9951704166666666,0.9951704166666666,0.0,0.3954241098120157,2020998300.7356732,799151454.0,23887,0.0,0.0,0.0
disabled,6770c645709517af5da8edf6ca9441f14c670374,20260927,180,offline_umi_n258_fwa,ul,20.0,11,200.00810829859375,157.04939716009375,42.95930062645841,200.00817820488783,157.04865185324084,42.95988733045815,0.0,0.0,0.0,30230909.0,0.0,0.0,-1000.0,-1.0,0.0,0.7852151520059047,0.609483410005502,0,0,41.9274294,53.619755,55.9426584,27.0,27.0,27.0,3.552713678800501e-12,10.000000000005116,10.000000000012221,20.000000000003126,20.000000000003126,20.000000000003126,20.000000000003126,8.366841300856322,2400000,0,0,160000,False,24000,24000,1.0,0.28798083333333335,0.7120191666666666,0.22080099199158074,1160497865.9234037,256239080.0,24000,0.11601136363636363,0.0,0.0
disabled,6770c645709517af5da8edf6ca9441f14c670374,20260927,180,offline_umi_n258_fwa_high_loss,dl,20.0,11,500.0194259399062,235.1615851094144,264.85241193511433,500.01972511406956,235.1613936246016,264.85418352397033,0.0,0.0,0.0,127006523.0,0.0,,-1000.0,-1.0,0.0,0.4703048979894569,0.9240319456675689,0,0,10.9431953,13.4815535,15.661970949999999,10.0,12.0,15.0,0.0,2.1316282072803006e-11,9.99999999999801,2.1316282072803006e-11,40.000000000000924,40.000000000002345,40.0000000000027,9.48427053866908,2400000,0,1203,160000,False,23989,23989,0.99949875,0.99949875,0.0,0.340395008643023,1103883586.5953047,375756463.0,23989,0.01790909090909091,0.0,0.0
disabled,6770c645709517af5da8edf6ca9441f14c670374,20260927,180,offline_umi_n258_fwa_high_loss,ul,20.0,11,200.00810829859375,55.30866256357712,144.69867554884857,200.00817820488783,55.30918243640228,144.69895095318458,0.0,0.0,0.0,60307083.0,0.0,0.0,-1000.0,-1.0,0.0,0.2765321017936251,0.3267498026730955,0,0,2.190683585,14.912405499999998,18.6044135,2.0,14.0,18.0,7.105427357601002e-12,10.000000000012221,20.000000000003126,30.000000000022453,7795.0,10287.000000000002,10910.0,9.48427053866908,2400000,0,0,160000,False,24000,24000,1.0,0.43767375,0.56232625,1.0000001607689786,86019226.17077687,86019240.0,24000,0.290875,0.16420454545454546,0.08352272727272728
disabled,6770c645709517af5da8edf6ca9441f14c670374,20260927,180,offline_umi_n40_npn,dl,20.0,11,50.001998931175,46.55135165574355,3.4540560766976447,50.00202053878368,46.55168354272142,3.4536718357397342,0.0,0.0,0.0,11530672.0,0.0,,-1000.0,-1.0,0.0,0.9309898134236378,0.9319700556043832,0,0,14.1807287,27.4463225,33.0060861,13.0,25.0,27.0,3.552713678800501e-12,10.000000000001563,20.000000000003126,20.000000000003126,64.99999999999062,68.99999999998698,69.99999999998607,6.172944721765816,785454,174546,0,160000,False,7854,7854,1.0,1.0,0.0,0.7165260183071399,100977442.7604746,72352965.0,7854,0.10144318181818182,0.0,0.0
disabled,6770c645709517af5da8edf6ca9441f14c670374,20260927,180,offline_umi_n40_npn,ul,20.0,11,35.0014330397375,24.296005408375002,10.705334150358855,35.001443190199396,24.29581482592662,10.705555384711545,0.0,0.0,0.0,10495754.0,0.0,0.0,-1000.0,-1.0,0.0,0.6941431621040055,0.5478741351649594,0,0,25.24031425,37.710792999999995,47.4334067,23.0,27.0,27.0,2.1316282072803006e-11,10.000000000012221,20.000000000003126,29.99999999999403,30.000000000022453,30.000000000022453,30.000000000022453,6.172944721765816,436368,523632,0,160000,False,4368,4368,1.0,0.8378020386462802,0.1621979613537198,0.7623394822846588,51149091.587309346,38992972.0,4368,0.3189147727272727,0.0,0.0
legacy-no-retry,6770c645709517af5da8edf6ca9441f14c670374,20260927,180,offline_indoor_hotspot_n78_pedestrian,dl,20.0,11,65.00248032896874,42.166764669365925,22.94790321339869,65.00252584536534,42.167121238827434,22.57526022251391,0.0,0.37229106819176205,0.0,192106.0,0.0,,-1000.0,-1.0,0.0,0.6486947029708042,0.958715905139718,0,0,-0.08626152949999995,15.4237275,40.44465879999999,1.0,15.0,27.0,0.0,2.1316282072803006e-11,2.1316282072803006e-11,2.1316282072803006e-11,430.000000000005,734.0000000000088,810.0000000000093,8.711551934946328,2225453,494547,296856,160000,False,19322,19322,0.866608730896586,0.8594048043252318,0.00831277866760137,0.21187814009336983,320936053.0068569,67999334.0,19322,0.0014886363636363636,0.0005681818181818182,0.0
legacy-no-retry,6770c645709517af5da8edf6ca9441f14c670374,20260927,180,offline_indoor_hotspot_n78_pedestrian,ul,20.0,11,90.00373326203126,59.82256983080868,30.180708675172934,90.00375224076507,59.82185059066192,29.70236293518345,0.0,0.4792649228076756,0.0,18157492.0,0.0,0.0,-1000.0,-1.0,0.0,0.6646676494701056,0.6097247292554921,0,0,7.787053950000001,28.129932500000002,52.85578914999999,6.0,25.0,27.0,3.552713678800501e-12,10.000000000012221,10.000000000012221,20.000000000003126,85.0000000000044,89.00000000000361,90.00000000000341,8.711551934946328,1236376,1483624,0,160000,False,12376,12376,1.0,0.6031563213779627,0.3968436786220373,0.46132324933420565,206650967.92235607,95332896.0,12376,0.11993181818181818,0.0,0.0
legacy-no-retry,6770c645709517af5da8edf6ca9441f14c670374,20260927,180,offline_rural_n78_vehicular,dl,20.0,11,120.00509028978126,50.958000652267565,69.03028031662083,120.00509902493908,50.95773237077318,67.89720743171449,0.0,1.1333942308894305,0.0,23910257.0,0.0,,-1000.0,-1.0,0.0,0.42463199293644266,0.3743543659107484,0,0,-17.03231585,-7.6635115,2.4129518799999947,-1.0,0.0,2.0,0.0,2.1316282072803006e-11,10.000000000012221,5100.000000000002,66240.0,94920.00000000003,102090.0,186.32297426089644,63534471,23825529,2508760,160000,False,609238,609238,0.9605134038182201,0.9389603637370334,0.022439083094009344,0.9699794297733166,84030814.9823841,81508162.0,609238,0.27097727272727273,0.23397727272727273,0.18636363636363637
legacy-no-retry,6770c645709517af5da8edf6ca9441f14c670374,20260927,180,offline_rural_n78_vehicular,ul,20.0,11,120.00509028978126,26.267948372285016,93.77197024437775,120.00509902493908,26.26762576411026,93.08825712857055,0.0,0.6843780486280394,0.0,30164432.0,0.0,0.0,-1000.0,-1.0,0.0,0.21889028464421562,0.15889701395083658,0,0,-15.3124497,-1.2348482,12.634875774999994,-1.0,0.0,10.0,3.552713678800501e-12,20.000000000003126,119.99999999999794,1990.000000000002,4965.000000000002,5073.000000000002,5100.000000000002,186.32297426089644,31767372,55592628,26577,160000,False,317502,317502,0.9991633868863941,0.5643018881133762,0.4352256142292592,0.8452233878661833,49641159.48793742,41957869.0,317502,0.3921818181818182,0.20170454545454544,0.031818181818181815
legacy-no-retry,6770c645709517af5da8edf6ca9441f14c670374,20260927,180,offline_uma_n78_pedestrian,dl,20.0,21,180.00534647434378,102.48508658331424,77.52950497566098,180.00541433839612,102.4850032877055,76.20854351521972,0.0,1.3211135820988815,0.0,24387919.0,0.0,,-1000.0,-1.0,0.0,0.5693446810921334,0.31598665809369175,2,0,-15.91857535,-13.16488275,-8.95865195,-1.0,-1.0,0.0,0.0,10.000000000012221,100.00000000001563,70.00000000000739,76166.0,76641.19999999998,76759.99999999999,13.057845405302942,2225453,494547,21363,160000,False,22050,22050,0.9904006060788523,0.9770900576197296,0.013439560090558916,0.7273576022988004,226390469.39163557,164666829.0,22050,0.3821842105263158,0.21588815789473684,0.10427631578947369
legacy-no-retry,6770c645709517af5da8edf6ca9441f14c670374,20260927,180,offline_uma_n78_pedestrian,ul,20.0,21,70.00206312395001,13.280090198893312,56.72225989248834,70.00208877429843,13.28037171073192,56.55999557472343,0.0,0.16221628226764173,0.0,20969256.0,0.0,0.0,-1000.0,-1.0,0.0,0.18970998290977165,0.1806251923732316,0,2,-16.86462995,-0.820680525,2.688500649999999,-1.0,1.0,2.0,7.105427357601002e-12,39.99999999998494,90.00000000000341,2300.000000000004,159999.99999999997,159999.99999999997,159999.99999999997,13.057845405302942,1236376,1483624,0,160000,False,12376,12376,1.0,0.17699793590299392,0.823002064097006,0.9871439636003991,22477339.49471018,22188370.0,12376,0.6217797619047619,0.3511309523809524,0.2830357142857143
legacy-no-retry,6770c645709517af5da8edf6ca9441f14c670374,20260927,180,offline_umi_n258_fwa,dl,20.0,11,500.0194259399062,499.97369234167496,0.044565256125,500.01972511406956,499.9741565472843,0.0,0.0,0.04456804175260954,0.0,1652653.0,0.0,,-1000.0,-1.0,0.0,0.9999085363570719,0.9999650682928268,0,0,49.055258800000004,51.629824,53.7893353,27.0,27.0,27.0,0.0,2.1316282072803006e-11,2.1316282072803006e-11,2.1316282072803006e-11,2.1316282072803006e-11,2.1316282072803006e-11,2.1316282072803006e-11,8.425787654239684,2400000,0,11591,160000,False,23887,23887,0.9951704166666666,0.9951120833333333,5.861642624860315e-05,0.3953811152187158,2020998300.7356732,799064562.0,23887,0.0,0.0,0.0
legacy-no-retry,6770c645709517af5da8edf6ca9441f14c670374,20260927,180,offline_umi_n258_fwa,ul,20.0,11,200.00810829859375,156.97856656912498,43.03040158130648,200.00817820488783,156.97788310519414,42.94520240015001,0.0,0.08570217513594601,0.0,30188894.0,0.0,0.0,-1000.0,-1.0,0.0,0.7848610134083683,0.6092124802445853,0,0,41.909881,53.627883,55.929211949999996,27.0,27.0,27.0,3.552713678800501e-12,10.000000000005116,10.000000000012221,20.000000000003126,20.000000000003126,20.000000000003126,20.000000000003126,8.425787654239684,2400000,0,0,160000,False,24000,24000,1.0,0.28785041666666666,0.7121495833333333,0.22152028526739176,1160415235.5154045,257055514.0,24000,0.11652840909090909,0.0,0.0
legacy-no-retry,6770c645709517af5da8edf6ca9441f14c670374,20260927,180,offline_umi_n258_fwa_high_loss,dl,20.0,11,500.0194259399062,231.98734299985247,268.02783025074365,500.01972511406956,231.98707491093197,264.8194007500469,0.0,3.210191949496843,0.0,126909843.0,0.0,,-1000.0,-1.0,0.0,0.46395666041129646,0.914685036558209,0,0,10.9431953,13.4815535,15.661970949999999,10.0,12.0,15.0,0.0,2.1316282072803006e-11,9.99999999999801,2.1316282072803006e-11,45.000000000001705,49.00000000000375,50.00000000000426,9.652208333835006,2400000,0,1202,160000,False,23989,23989,0.9994991666666667,0.98800125,0.011503678092111133,0.33645960626481114,1104565077.2934058,371641531.0,23989,0.0179375,0.0,0.0
legacy-no-retry,6770c645709517af5da8edf6ca9441f14c670374,20260927,180,offline_umi_n258_fwa_high_loss,ul,20.0,11,200.00810829859375,54.31259583251942,145.69508575078956,200.00817820488783,54.31269829364336,145.06907871116945,0.0,0.6260470779423715,0.0,60304172.0,0.0,0.0,-1000.0,-1.0,0.0,0.27155197004031306,0.32081209364549973,0,0,2.5683878500000006,15.04285175,18.652679099999997,3.0,14.0,18.0,7.105427357601002e-12,10.000000000012221,20.000000000003126,30.000000000022453,7305.000000000014,9405.000000000025,9930.000000000027,9.652208333835006,2400000,0,0,160000,False,24000,24000,1.0,0.43452416666666666,0.5654758333333333,0.9883937174252894,86085395.42485659,85086264.0,24000,0.29517045454545454,0.16482954545454545,0.08238636363636363
legacy-no-retry,6770c645709517af5da8edf6ca9441f14c670374,20260927,180,offline_umi_n40_npn,dl,20.0,11,50.001998931175,46.38406169156087,3.6214259911822335,50.00202053878368,46.38428861178824,3.309157597349835,0.0,0.3120309456841052,0.0,11507640.0,0.0,,-1000.0,-1.0,0.0,0.9276441478950868,0.9300494243210395,0,0,14.1807287,27.4463225,33.0060861,13.0,25.0,27.0,3.552713678800501e-12,10.000000000001563,20.000000000003126,20.000000000003126,64.99999999999062,68.99999999998698,69.99999999998607,6.522445548325777,785454,174546,0,160000,False,7854,7854,1.0,0.9940378430818355,0.005962156918164527,0.7171269233062083,100794814.21050453,72282675.0,7854,0.10114772727272728,0.0,0.0
legacy-no-retry,6770c645709517af5da8edf6ca9441f14c670374,20260927,180,offline_umi_n40_npn,ul,20.0,11,35.0014330397375,24.106743357683747,10.894530727473446,35.001443190199396,24.106574373398338,10.71380970685668,0.0,0.18096052253265832,0.0,10500657.0,0.0,0.0,-1000.0,-1.0,0.0,0.6887358963364473,0.5435443838210425,0,0,25.2048034,37.7122485,47.44397105,23.0,27.0,27.0,2.1316282072803006e-11,10.000000000012221,20.000000000003126,20.000000000003126,30.000000000015348,30.000000000021032,30.000000000022453,6.522445548325777,436368,523632,0,160000,False,4368,4368,1.0,0.8306108605580611,0.16938913944193892,0.7589320258680377,51083920.13850942,38769223.0,4368,0.323,0.0,0.0
legacy-production,6770c645709517af5da8edf6ca9441f14c670374,20260927,180,offline_indoor_hotspot_n78_pedestrian,dl,20.0,11,65.00248032896874,42.24738639272667,22.8672782806856,65.00252584536534,42.247694905931624,22.86547359209951,0.0,0.0014931495718482407,0.25052753922120136,192620.0,14.0,,300.00305,4.0,0.0,0.6499349898483623,0.9652278762809522,0,0,-0.08626152949999995,15.4237275,40.44465879999999,1.0,15.0,27.0,0.0,2.1316282072803006e-11,2.1316282072803006e-11,2.1316282072803006e-11,430.000000000005,734.0000000000088,810.0000000000093,8.78278854303062,2225453,494547,285446,160000,False,19448,19448,0.8717357769406948,0.8612875670706144,0.01198552376357405,0.21088315025305218,322299486.3195159,67967531.0,19448,0.0014886363636363636,0.0005681818181818182,0.0
legacy-production,6770c645709517af5da8edf6ca9441f14c670374,20260927,180,offline_indoor_hotspot_n78_pedestrian,ul,20.0,11,90.00373326203126,60.07269524902406,29.930727299844573,90.00375224076507,60.07135312832053,29.93133227701732,0.0,0.000604300268766798,0.23656046627914243,18146275.0,7.0,21.0,300.00305,4.0,0.0,0.66744670550645,0.6118184030984991,0,0,7.714036515000001,28.1592845,52.858669,6.0,25.0,27.0,3.552713678800501e-12,10.000000000012221,10.000000000012221,20.000000000003126,85.00000000000085,88.99999999999721,89.9999999999963,8.78278854303062,1236376,1483624,0,160000,False,12376,12376,1.0,0.6054363721068672,0.3945636278931328,0.46519264133717814,207185366.7395861,96381108.0,12376,0.11951136363636364,0.0,0.0
legacy-production,6770c645709517af5da8edf6ca9441f14c670374,20260927,180,offline_rural_n78_vehicular,dl,20.0,11,120.00509028978126,50.06803414047002,69.90224496844331,120.00509902493908,50.067937264829055,69.9020557534846,0.0,0.00039713107069191825,0.8088685855365961,26836052.0,867.0,,300.00305,4.0,0.0,0.41721591992113555,0.3650580635825818,0,0,-17.03231585,-7.6635115,2.4129518799999947,-1.0,0.0,2.0,0.0,2.1316282072803006e-11,10.000000000012221,5100.000000000002,66240.0,94920.00000000003,102090.0,177.5711845480837,63534471,23825529,710690,160000,False,628088,628088,0.9888141037642385,0.8779992045577903,0.112068485658321,0.8045972910620731,99348997.17905352,79935934.0,628088,0.27097727272727273,0.2340340909090909,0.18636363636363637
legacy-production,6770c645709517af5da8edf6ca9441f14c670374,20260927,180,offline_rural_n78_vehicular,ul,20.0,11,120.00509028978126,26.63540791488563,93.40589303146945,120.00509902493908,26.635114438402404,93.406259103694,0.0,0.00028208638039877495,0.48525990999437474,30177001.0,413.0,416.0,300.00305,4.0,0.0,0.22195231761059472,0.16057163898103569,0,0,-15.2909662,-1.22998345,12.634875774999994,-1.0,0.0,10.0,3.552713678800501e-12,20.000000000003126,120.00000000000455,1990.000000000002,4740.000000000002,5028.000000000002,5100.000000000002,177.5711845480837,31767372,55592628,23217,160000,False,317517,317517,0.9992691557866354,0.5678943791762189,0.43169027494982937,0.8488177052065122,50069058.10201041,42499503.0,317517,0.3922215909090909,0.2015909090909091,0.03238636363636364
legacy-production,6770c645709517af5da8edf6ca9441f14c670374,20260927,180,offline_uma_n78_pedestrian,dl,20.0,21,180.00534647434378,102.7088829365404,77.2726052042145,180.00541433839612,102.70883386461657,77.26619932495784,0.0,0.006545852865804114,0.9025484842802676,29681685.0,18.0,,300.00305,4.0,0.0,0.5705879572370343,0.3171494549900464,2,0,-15.91857535,-13.16488275,-8.95865195,-1.0,-1.0,0.0,0.0,10.000000000012221,100.00000000001563,70.00000000000739,76166.0,76641.19999999998,76759.99999999999,13.077742516063154,2225453,494547,18681,160000,False,22077,22077,0.9916057539745841,0.9734310273009585,0.018328581294306798,0.719516900151541,228841724.16981602,164655488.0,22077,0.38239802631578945,0.21618421052631578,0.10427631578947369
legacy-production,6770c645709517af5da8edf6ca9441f14c670374,20260927,180,offline_uma_n78_pedestrian,ul,20.0,21,70.00206312395001,13.31401071849275,56.68820241479375,70.00208877429843,13.314206994187142,56.688248903056454,0.0,0.0,0.002243202700168761,20993802.0,1.0,3.0,300.00305,1.0,0.0,0.19019454747952405,0.1811082851689675,0,2,-16.919926500000003,-0.83145778,2.687427829999999,-1.0,1.0,2.0,7.105427357601002e-12,39.99999999998494,90.00000000000341,2180.000000000028,159999.99999999997,159999.99999999997,159999.99999999997,13.077742516063154,1236376,1483624,0,160000,False,12376,12376,1.0,0.17725271276698998,0.82274728723301,0.9880027791793635,22956784.614350148,22681367.0,12376,0.6208005952380953,0.3499702380952381,0.28125
legacy-production,6770c645709517af5da8edf6ca9441f14c670374,20260927,180,offline_umi_n258_fwa,dl,20.0,11,500.0194259399062,500.0182574990938,0.0,500.01972511406956,500.0187245890368,0.0,0.0,0.0,0.0451417276079755,1652653.0,2.0,,10.986328,1.0,0.0,0.9999976632091638,0.9999994508510351,0,0,49.055258800000004,51.629824,53.7893353,27.0,27.0,27.0,0.0,2.1316282072803006e-11,2.1316282072803006e-11,2.1316282072803006e-11,2.1316282072803006e-11,2.1316282072803006e-11,2.1316282072803006e-11,8.363027678336948,2400000,0,11538,160000,False,23887,23887,0.9951925,0.9951329166666667,5.987116395404239e-05,0.3954295402965421,2020998300.7356732,799162429.0,23887,0.0,0.0,0.0
legacy-production,6770c645709517af5da8edf6ca9441f14c670374,20260927,180,offline_umi_n258_fwa,ul,20.0,11,200.00810829859375,157.04721598031938,42.96177971258234,200.00817820488783,157.0467607850491,42.962090180636295,0.0,0.0,0.047208725545346594,30184717.0,2.0,3.0,300.00305,1.0,0.0,0.7852042465491563,0.6094635803486393,0,0,41.79189905,53.6187245,55.946407,27.0,27.0,27.0,3.552713678800501e-12,10.000000000005116,10.000000000012221,20.000000000003126,20.000000000003126,20.000000000003126,20.000000000003126,8.363027678336948,2400000,0,0,160000,False,24000,24000,1.0,0.287975,0.712025,0.22088433509007235,1160433282.403105,256321534.0,24000,0.1165625,0.0,0.0
legacy-production,6770c645709517af5da8edf6ca9441f14c670374,20260927,180,offline_umi_n258_fwa_high_loss,dl,20.0,11,500.0194259399062,231.51607786785505,268.4988423634619,500.01972511406956,231.51592392649542,268.4813423026439,0.0,0.019172654540908808,1.138304544034002,127064278.0,4.0,,300.00305,4.0,0.0,0.4630141667649515,0.9177386066429772,0,0,10.9431953,13.4815535,15.661970949999999,10.0,12.0,15.0,0.0,2.1316282072803006e-11,9.99999999999801,2.1316282072803006e-11,39.99999999999915,39.99999999999915,39.99999999999915,9.68214638903737,2400000,0,1134,160000,False,23990,23990,0.9995275,0.9855383333333333,0.013995779672561952,0.3327197246137635,1109871223.981905,369276048.0,23990,0.01774431818181818,0.0,0.0
legacy-production,6770c645709517af5da8edf6ca9441f14c670374,20260927,180,offline_umi_n258_fwa_high_loss,ul,20.0,11,200.00810829859375,54.96841467810832,145.0393306062599,200.00817820488783,54.96870645665354,145.0394022813926,0.0,0.0,0.0005252140758797426,60284012.0,2.0,4.0,300.00305,1.0,0.0,0.2748309313342713,0.3249666349471542,0,0,1.915239565,15.994042,18.544074350000002,2.0,15.0,18.0,7.105427357601002e-12,10.000000000012221,20.000000000003126,30.000000000022453,9800.000000000011,14392.000000000016,15540.000000000013,9.68214638903737,2400000,0,0,160000,False,24000,24000,1.0,0.4326975,0.5673025,0.9886177171076032,89475969.80033901,88457529.0,24000,0.29003409090909094,0.16426136363636365,0.07784090909090909
legacy-production,6770c645709517af5da8edf6ca9441f14c670374,20260927,180,offline_umi_n40_npn,dl,20.0,11,50.001998931175,46.48795363744157,3.5175645819227643,50.00202053878368,46.48818471154447,3.517103737733609,0.0,0.00011823863991499471,0.12812563285205328,11520894.0,4.0,,300.00305,4.0,0.0,0.9297219037468818,0.9312494560206556,0,0,14.1807287,27.4463225,33.0060861,13.0,25.0,27.0,3.552713678800501e-12,10.000000000001563,20.000000000003126,19.99999999999602,64.99999999999062,68.99999999998698,69.99999999998607,6.471515923272818,785454,174546,0,160000,False,7854,7854,1.0,0.9937157363766688,0.00628426362333122,0.7212266895226696,100836943.58029449,72726295.0,7854,0.10122159090909091,0.0,0.0
legacy-production,6770c645709517af5da8edf6ca9441f14c670374,20260927,180,offline_umi_n40_npn,ul,20.0,11,35.0014330397375,24.203547964414994,10.797735950008628,35.001443190199396,24.203349690605666,10.79796515407213,0.0,0.0,0.07661754484655292,10500934.0,4.0,4.0,300.00305,4.0,0.0,0.6915016290029168,0.5454576545614827,0,0,25.168050899999997,37.7174715,47.43593935,23.0,27.0,27.0,2.1316282072803006e-11,10.000000000012221,20.000000000003126,29.99999999999403,30.000000000015348,30.000000000021032,30.000000000022453,6.471515923272818,436368,523632,0,160000,False,4368,4368,1.0,0.8337572874271257,0.16624271257287426,0.7609722545768177,51106775.26820933,38890838.0,4368,0.3214659090909091,0.0,0.0
legacy-production-seed-20260928,6770c645709517af5da8edf6ca9441f14c670374,20260928,30,offline_indoor_hotspot_n78_pedestrian,dl,2.0,11,64.99639235888213,34.76351279372,30.232486035425364,64.99660814576634,34.7630946409432,30.232641729188998,0.0,0.0013602000714540907,0.06578449446230797,18085125.0,3.0,,299.99995,4.0,0.0,0.5348529592499661,0.9539461270542368,0,0,3.2595610500000003,14.095478499999999,29.842840899999995,3.0,13.0,26.0,0.0,1.7763568394002505e-12,1.7763568394002505e-12,1.7763568394002505e-12,1.7763568394002505e-12,1.7763568394002505e-12,1.7763568394002505e-12,2.321615791413933,389453,86547,10063,28000,False,3789,3789,0.9741611953175351,0.9608758951657838,0.013637681541421757,0.20248117619147746,47643604.1189198,9646933.0,3789,0.0,0.0,0.0
legacy-production-seed-20260928,6770c645709517af5da8edf6ca9441f14c670374,20260928,30,offline_indoor_hotspot_n78_pedestrian,ul,2.0,11,89.99729556264285,48.52756332867142,41.47206895314152,89.99732543765631,48.52629971418364,41.47049571275456,0.0,0.0,0.0012248302965344768,27107641.0,1.0,2.0,300.0002,1.0,0.0,0.5392113510221391,0.661241540601596,0,0,7.3373939450000005,26.5336225,42.29486864999997,6.0,24.0,27.0,0.0,1.7763568394002505e-12,9.999999999999787,10.00000000000334,10.00000000000334,10.00000000000334,10.00000000000334,2.321615791413933,216359,259641,0,28000,False,2159,2159,1.0,0.6887303047250172,0.31126969527498277,0.9905841455224202,13367170.330610046,13241307.0,2159,0.019123376623376622,0.0,0.0
legacy-production-seed-20260928,6770c645709517af5da8edf6ca9441f14c670374,20260928,30,offline_rural_n78_vehicular,dl,2.0,11,119.99725728839286,81.62532540132253,38.47850294094328,119.99719574848162,81.6262036084316,38.47856109324759,0.0,0.00047399071096820296,1.3851477670596641,12281959.0,688.0,,300.0002,4.0,0.0,0.6802265922224375,0.6511587463662357,0,0,-0.25061183099999884,5.2382765,12.57339334999997,1.0,3.0,10.0,0.0,1.7763568394002505e-12,1.7763568394002505e-12,1.7763568394002505e-12,15760.0,18864.000000000004,19640.0,24.246939986012876,11118471,4169529,128135,28000,False,110328,110328,0.9884754837243358,0.820039284178553,0.17039997685239106,0.7915912997644639,28757260.22604515,22763997.0,110328,0.22623376623376623,0.2159090909090909,0.17532467532467533
legacy-production-seed-20260928,6770c645709517af5da8edf6ca9441f14c670374,20260928,30,offline_rural_n78_vehicular,ul,2.0,11,119.99725728839286,42.007528328983575,77.99125366767446,119.99719574848162,42.00641350482315,77.99061114683816,0.0,9.685602000714542e-05,0.570416934619507,27282166.0,240.0,243.0,300.0002,4.0,0.0,0.35007073726715,0.3523138677291281,0,0,-5.324103634999999,10.4027055,20.47296595,0.0,7.0,18.0,0.0,1.7763568394002505e-12,49.99999999999982,1.7763568394002505e-12,5080.0,8344.000000000004,9160.0,24.246939986012876,5559372,9728628,348,28000,False,55692,55692,0.999937403001634,0.7048767378761486,0.2950791361936915,0.6511842361076006,18103707.593517408,11788849.0,55692,0.2300974025974026,0.1383116883116883,0.06168831168831169
legacy-production-seed-20260928,6770c645709517af5da8edf6ca9441f14c670374,20260928,30,offline_uma_n78_pedestrian,dl,2.0,21,180.0075327259643,117.739337900176,62.26618381709156,180.0077861379064,117.74285419792783,62.257203751339766,0.0,0.007925437656305823,0.5888583065380494,42312863.0,4.0,,300.0002,4.0,0.0,0.6540800605240076,0.567479213142409,0,0,-3.243893065,-0.55864132,2.2167938549999997,0.0,1.0,2.0,0.0,9.999999999999787,29.99999999999936,30.00000000000025,509.9999999999998,19222.000000000015,23900.0,3.3421035376377404,389453,86547,0,28000,False,3893,3893,1.0,0.9844294433474643,0.015570556652535737,0.6073834904951694,54210561.392040126,32926600.0,3893,0.14792517006802722,0.052891156462585034,0.0391156462585034
legacy-production-seed-20260928,6770c645709517af5da8edf6ca9441f14c670374,20260928,30,offline_uma_n78_pedestrian,ul,2.0,21,70.00313063782141,23.793949414582862,46.24373292576135,70.00322454448019,23.79416216505895,46.24113554841015,0.0,0.0,0.004332618792425866,19350405.0,1.0,2.0,299.99995,1.0,0.0,0.33989836165594894,0.41736778997791407,0,0,-2.4011072249999996,11.216329250000001,14.125156599999999,0.0,10.0,13.0,4.440892098500626e-13,10.00000000000334,20.00000000000135,30.000000000002913,6229.999999999999,10686.000000000002,11799.999999999998,3.3421035376377404,216359,259641,0,28000,False,2159,2159,1.0,0.3424539769549684,0.6575460230450316,0.9604504940190358,6950703.905689998,6675807.0,2159,0.31794217687074827,0.133843537414966,0.08673469387755102
legacy-production-seed-20260928,6770c645709517af5da8edf6ca9441f14c670374,20260928,30,offline_umi_n258_fwa,dl,2.0,11,499.97490497625006,499.97049159221433,0.0,499.97625255448384,499.9730672025723,0.0,0.0,0.0,0.056844658806716686,1635071.0,2.0,,8.000373999999999,1.0,0.0,0.9999911727888904,0.9999953344635368,0,0,42.326208599999994,45.019611499999996,47.166444299999995,26.0,27.0,27.0,0.0,1.7763568394002505e-12,1.7763568394002505e-12,1.7763568394002505e-12,1.7763568394002505e-12,1.7763568394002505e-12,1.7763568394002505e-12,2.2357315332628787,420000,0,2032,28000,False,4181,4181,0.9951619047619048,0.9950690476190476,9.330857864716916e-05,0.39650376631112555,353392925.62999374,140121626.0,4181,0.0,0.0,0.0
legacy-production-seed-20260928,6770c645709517af5da8edf6ca9441f14c670374,20260928,30,offline_umi_n258_fwa,ul,2.0,11,199.99255149589283,158.84233017939283,41.153315874237855,199.99278663808505,158.82931271882816,41.163495891389786,0.0,0.0,0.10660060735977135,30338153.0,2.0,2.0,299.99924,2.0,0.0,0.7942412304422993,0.6259017060113146,0,0,34.8866805,46.93512,49.2381867,26.0,27.0,27.0,0.0,9.999999999999787,10.00000000000334,20.00000000000135,20.00000000000135,20.00000000000135,20.00000000000135,2.2357315332628787,420000,0,0,28000,False,4200,4200,1.0,0.2987309523809524,0.7012690476190476,0.21911233425516244,202622746.68799925,44397143.0,4200,0.12733766233766233,0.0,0.0
legacy-production-seed-20260928,6770c645709517af5da8edf6ca9441f14c670374,20260928,30,offline_umi_n258_fwa_high_loss,dl,2.0,11,499.97490497625006,185.72971748980356,314.24027014991077,499.97625255448384,185.73712993926404,314.2203357984995,0.0,0.010747445516255807,0.9901391211146839,130060238.0,3.0,,299.99995,4.0,0.0,0.3714780794820615,0.7044741179188725,0,0,2.1068446649999997,4.7180332499999995,6.932204075,2.0,4.0,5.0,0.0,1.7763568394002505e-12,30.000000000002913,1.7763568394002505e-12,129.9999999999999,161.99999999999997,169.99999999999994,2.42656341008842,420000,0,3143,28000,False,4169,4169,0.9925166666666667,0.9782571428571428,0.01436703713743562,0.3651944911828921,141258864.09980065,51586959.0,4169,0.10048701298701299,0.0012987012987012987,0.0
legacy-production-seed-20260928,6770c645709517af5da8edf6ca9441f14c670374,20260928,30,offline_umi_n258_fwa_high_loss,ul,2.0,11,199.99255149589283,26.834721434912144,173.15900408862967,199.99278663808505,26.831944873168986,173.16265216148628,0.0,0.0,0.0,60216650.0,1.0,3.0,300.0002,1.0,0.0,0.13417860432398773,0.1997386810968546,1,3,-7.8182298,-1.8434224000000001,9.013281450000001,0.0,0.0,7.0,0.0,9.999999999999787,20.00000000000135,35.00000000000192,28000.0,28000.0,28000.0,2.42656341008842,420000,0,0,28000,False,4200,4200,1.0,0.21721666666666667,0.7827833333333334,0.9934672883723453,8893731.181100007,8835631.0,4200,0.37992857142857145,0.2710714285714286,0.2
legacy-production-seed-20260928,6770c645709517af5da8edf6ca9441f14c670374,20260928,30,offline_umi_n40_npn,dl,2.0,11,49.99792203292857,41.84634896294179,8.13109189445945,49.99800607359773,41.847112897463376,8.131449053233299,0.0,0.0,0.044040657377634865,12594047.0,2.0,,300.0002,2.0,0.0,0.8369617628385002,0.8622792770619139,0,0,12.670195000000001,17.215874499999998,21.277638849999995,11.0,16.0,21.0,0.0,10.000000000001563,20.00000000000135,29.99999999999936,50.00000000000071,50.00000000000071,50.00000000000071,1.7861356833018363,137454,30546,0,28000,False,1374,1374,1.0,0.9880105344333378,0.011989465566662302,0.7043950106305226,16015394.529699937,11281164.0,1374,0.1719155844155844,0.0,0.0
legacy-production-seed-20260928,6770c645709517af5da8edf6ca9441f14c670374,20260928,30,offline_umi_n40_npn,ul,2.0,11,34.99880436596428,17.377550774692857,17.622681010527156,34.99883276170061,17.37850843158271,17.621538799571272,0.0,0.0,0.0,10514348.0,1.0,2.0,300.0002,1.0,0.0,0.49651841225731175,0.6445422085456752,0,0,22.0324714,30.586505,34.73757355,21.0,26.0,27.0,0.0,10.000000000000231,10.00000000000334,20.00000000000135,20.00000000000135,20.00000000000135,20.00000000000135,1.7861356833018363,76362,91638,0,28000,False,762,762,1.0,0.9403237212225977,0.05967627877740237,0.9852630236801525,5022004.156330011,4947995.0,762,0.15691558441558442,0.0,0.0
legacy-production-seed-20260929,6770c645709517af5da8edf6ca9441f14c670374,20260929,30,offline_indoor_hotspot_n78_pedestrian,dl,2.0,11,64.97310868930002,25.497327615732143,39.47189607428964,64.97256355841373,25.499442908181493,39.46924040728832,0.0,0.0005192926045016078,0.04236745266166488,18120353.0,3.0,,299.99995,4.0,0.0,0.3924289314470053,0.9400666294880433,0,0,5.703592485000001,28.8915175,40.433891599999995,5.0,25.0,27.0,0.0,1.7763568394002505e-12,1.7763568394002505e-12,1.7763568394002505e-12,1.7763568394002505e-12,1.7763568394002505e-12,1.7763568394002505e-12,2.2956764390692115,389453,86547,14966,28000,False,3734,3734,0.961571742931753,0.9519685302205915,0.00998699554323648,0.1299948494031933,55730538.81180953,7244683.0,3734,0.0,0.0,0.0
legacy-production-seed-20260929,6770c645709517af5da8edf6ca9441f14c670374,20260929,30,offline_indoor_hotspot_n78_pedestrian,ul,2.0,11,89.99050501721429,59.19245617799142,30.295918977385217,89.99008931761342,59.183729903536985,30.29987538406574,0.0,0.0,0.12367981421936407,26980743.0,2.0,4.0,300.0002,2.0,0.0,0.6577633514410047,0.7711002345027751,0,0,10.8452748,36.1666375,46.17286994999999,10.0,26.0,27.0,0.0,1.7763568394002505e-12,10.000000000000675,10.00000000000334,1475.0,2031.0000000000005,2170.0,2.2956764390692115,216359,259641,0,28000,False,2159,2159,1.0,0.7201040862640334,0.2798959137359666,0.9726767511334136,17716770.735930074,17232691.0,2159,0.06327922077922078,0.023051948051948053,0.006493506493506494
legacy-production-seed-20260929,6770c645709517af5da8edf6ca9441f14c670374,20260929,30,offline_rural_n78_vehicular,dl,2.0,11,119.9977923151786,75.84631269257046,44.10081691456253,119.99736584494464,75.8449586638085,44.101365844944624,0.0,0.0009723472668810291,1.5768446588067169,17266170.0,601.0,,300.0002,4.0,0.0,0.6320642340932185,0.598554948612364,0,0,-10.756489100000001,-1.02818605,13.1277315,0.0,0.0,10.0,0.0,1.7763568394002505e-12,9.999999999999787,20.00000000000135,6505.0,8397.000000000002,8870.0,24.116469425614923,11118471,4169529,145648,28000,False,109799,109799,0.9869003570724788,0.8054280125387745,0.1838811215673487,0.7448532191461253,28532401.356018968,21252451.0,109799,0.11805194805194805,0.09188311688311689,0.06818181818181818
legacy-production-seed-20260929,6770c645709517af5da8edf6ca9441f14c670374,20260929,30,offline_rural_n78_vehicular,ul,2.0,11,119.9977923151786,39.29001823251718,80.76956531896178,119.99736584494464,39.290205359056806,80.76618846016434,0.0,0.0005528760271525545,0.5758021436227224,28578915.0,281.0,285.0,300.0002,4.0,0.0,0.3274228423246363,0.3097346200839265,0,0,-10.1551381,3.5946064,16.188618349999995,0.0,2.0,13.0,0.0,9.999999999999787,70.00000000000028,220.0000000000002,980.0000000000005,1196.0000000000002,1250.0,24.116469425614923,5559372,9728628,45,28000,False,55692,55692,0.9999919055605562,0.6908390012397083,0.3091554067605665,0.7445488548460268,14823420.824792497,11036761.0,55692,0.24233766233766232,0.09123376623376624,0.003246753246753247
legacy-production-seed-20260929,6770c645709517af5da8edf6ca9441f14c670374,20260929,30,offline_uma_n78_pedestrian,dl,2.0,21,179.95977739882142,129.06033000997294,50.55981179071501,179.9589110753841,129.06575384065738,50.54992783136835,0.0,0.011576384423008217,1.0836845659163987,40612830.0,7.0,,300.0002,4.0,0.0,0.7171620896371379,0.571777350319136,3,3,-0.06269241639999985,2.9099251,5.126520599999997,1.0,3.0,4.0,0.0,1.7763568394002505e-12,29.99999999999936,15.000000000002345,809.4999999999968,1985.8999999999976,2280.000000000001,3.3339542550966144,389453,86547,0,28000,False,3893,3893,1.0,0.9785673752673621,0.021432624732637826,0.6440690594216401,57160829.97848016,36815522.0,3893,0.13958333333333334,0.0503968253968254,0.005952380952380952
legacy-production-seed-20260929,6770c645709517af5da8edf6ca9441f14c670374,20260929,30,offline_uma_n78_pedestrian,ul,2.0,21,69.98481882042857,27.00206010900607,42.97624693294298,69.9844900678814,27.002078635226873,42.974056127188284,0.0,0.0015100392997499108,0.18297181136120041,18124852.0,2.0,5.0,300.0002,4.0,0.0,0.3858273917703445,0.4666173215335339,0,2,-0.23757548599999992,12.7858585,15.140281249999997,1.0,12.0,14.0,0.0,10.000000000000231,32.60000000002185,20.00000000000135,28000.0,28000.0,28000.0,3.3339542550966144,216359,259641,0,28000,False,2159,2159,1.0,0.28934317500080886,0.7106568249991911,0.7344915385090852,10616896.984039992,7798021.0,2159,0.42085034013605443,0.31666666666666665,0.2465986394557823
legacy-production-seed-20260929,6770c645709517af5da8edf6ca9441f14c670374,20260929,30,offline_umi_n258_fwa,dl,2.0,11,499.8253055923215,499.82155769375004,0.0,499.82150468024287,499.8223609503395,0.0,0.0,0.0,0.0491524115755627,1569590.0,1.0,,7.999897000000001,1.0,0.0,0.999992501582994,0.9999964034814309,0,0,41.9145065,44.486745,46.586446849999994,26.0,27.0,27.0,0.0,1.7763568394002505e-12,1.7763568394002505e-12,1.7763568394002505e-12,1.7763568394002505e-12,1.7763568394002505e-12,1.7763568394002505e-12,2.309634441975504,420000,0,2077,28000,False,4179,4179,0.9950547619047619,0.9949690476190476,8.614026985832319e-05,0.3960397717260122,353335967.72399354,139935096.0,4179,0.0,0.0,0.0
legacy-production-seed-20260929,6770c645709517af5da8edf6ca9441f14c670374,20260929,30,offline_umi_n258_fwa,ul,2.0,11,199.96147934410712,157.10722079469642,42.86330228306857,199.96034244372993,157.10377456234372,42.863975919971416,0.0,0.0,0.05151757770632369,30231477.0,2.0,2.0,6.9999695,1.0,0.0,0.7856874299491242,0.6104418038312629,0,0,34.3470242,46.2504775,48.59022585,26.0,27.0,27.0,0.0,9.999999999999787,10.000000000001563,20.000000000000462,20.00000000000135,20.00000000000135,20.00000000000135,2.309634441975504,420000,0,0,28000,False,4200,4200,1.0,0.29296904761904763,0.7070309523809524,0.21823173329900325,202585390.9129994,44210561.0,4200,0.1086038961038961,0.0,0.0
legacy-production-seed-20260929,6770c645709517af5da8edf6ca9441f14c670374,20260929,30,offline_umi_n258_fwa_high_loss,dl,2.0,11,499.8253055923215,172.85903346129288,326.9510580466104,499.82150468024287,172.85981339764206,326.9244924258664,0.0,0.01914205073240443,1.6339929617720617,129891403.0,7.0,,300.0002,4.0,0.0,0.3458388991658697,0.7945812128655799,0,0,5.900443930000001,8.4496175,10.629329,5.0,7.0,9.0,0.0,1.7763568394002505e-12,9.999999999999787,1.7763568394002505e-12,40.0000000000027,48.00000000000254,50.00000000000249,2.490367029327899,420000,0,869,28000,False,4188,4188,0.9979309523809524,0.9794833333333334,0.018485867187108564,0.39109332788332785,124557957.21100219,48713786.0,4188,0.024772727272727273,0.0,0.0
legacy-production-seed-20260929,6770c645709517af5da8edf6ca9441f14c670374,20260929,30,offline_umi_n258_fwa_high_loss,ul,2.0,11,199.96147934410712,26.133185199442142,173.82713439863426,199.96034244372993,26.13384891032512,173.82442847445517,0.0,0.0,0.0,60210282.0,2.0,2.0,300.0002,1.0,0.0,0.130691097531192,0.1795474870142249,0,2,-3.683153,9.223357,12.974828199999997,0.0,8.0,12.0,0.0,9.999999999999787,19.999999999999574,30.00000000000025,28000.0,28000.0,28000.0,2.490367029327899,420000,0,0,28000,False,4200,4200,1.0,0.2938071428571429,0.7061928571428572,0.9936423205559662,5673407.707559977,5637338.0,4200,0.33844155844155843,0.2720779220779221,0.2662337662337662
legacy-production-seed-20260929,6770c645709517af5da8edf6ca9441f14c670374,20260929,30,offline_umi_n40_npn,dl,2.0,11,49.98775672275,40.432251587655344,9.515642572964504,49.9874405501965,40.43416241514827,9.51527552697392,0.0,0.0,0.04290375133976421,12018681.0,3.0,,300.0002,2.0,0.0,0.8088430895570508,0.8111522902378767,0,0,15.509094650000002,21.0283425,27.8030795,14.0,21.0,26.0,0.0,10.000000000001563,30.00000000000025,20.00000000000135,60.000000000002274,68.0000000000021,70.00000000000206,1.7932629380375147,137454,30546,0,28000,False,1374,1374,1.0,0.9879377828218895,0.012062217178110495,0.6998944172662335,15743713.234689936,11018937.0,1374,0.15821428571428572,0.0,0.0
legacy-production-seed-20260929,6770c645709517af5da8edf6ca9441f14c670374,20260929,30,offline_umi_n40_npn,ul,2.0,11,34.994565442571435,15.806189508647142,19.189337180272368,34.99438242229368,15.80524562343694,19.189311289746342,0.0,0.0,0.0,10523661.0,2.0,3.0,300.0002,1.0,0.0,0.45167554758141576,0.46606661001637273,0,0,20.7323487,28.8475605,38.781896999999994,20.0,26.0,27.0,1.7763568394002505e-12,10.000000000001563,20.00000000000135,20.00000000000135,40.000000000000924,47.99999999999934,49.999999999998934,1.7932629380375147,76362,91638,0,28000,False,762,762,1.0,0.9343128781331028,0.06568712186689715,0.988346020032926,4481795.757980016,4429565.0,762,0.24642857142857144,0.0,0.0
