profile,direction,seed,duration_s,warmup_s,ues,generated_mbps,throughput_mbps,error_mbps,admitted_mbps,delivered_counter_mbps,expired_mbps,queue_dropped_mbps,radio_dropped_mbps,retransmitted_mbps,pending_bits_last,harq_queue_blocks_max,harq_high_water_blocks,harq_oldest_age_ms_max,harq_retry_ordinal_max,conservation_residual_abs_max_bits,aggregate_demand_satisfaction,mean_ue_demand_satisfaction,outage_ues,zero_throughput_ues,sinr_p05_db,sinr_p50_db,sinr_p95_db,mcs_p05,mcs_p50,mcs_p95,pooled_service_gap_p50_ms,pooled_service_gap_p95_ms,pooled_service_gap_p99_ms,ue_max_service_gap_p50_ms,ue_max_service_gap_p95_ms,ue_max_service_gap_p99_ms,ue_max_service_gap_ms,wall_seconds,available_units,structural_unavailable_units,empty_available_units,grid_summary_ttis,legacy_conditional_fill,logged_units,assigned_units,resource_fill_fraction,effective_resource_fill_fraction,zero_effective_assigned_fraction,grant_payload_efficiency,sampled_nominal_grant_bits,sampled_effective_payload_bits,sampled_grants,zero_10ms_window_fraction,zero_100ms_window_fraction,zero_1000ms_window_fraction
offline_indoor_hotspot_n78_pedestrian,dl,20260927,180,20.0,11,65.00248032896874,42.53796951351797,22.576698387252435,65.00252584536534,42.53826732295768,22.576405206575416,0.0,0.0,0.0,192106.0,0.0,,-1000.0,-1.0,0.0,0.6544053288157479,0.9658525455401239,0,0,-0.08626152949999995,15.4237275,40.44465879999999,1.0,15.0,27.0,0.0,2.1316282072803006e-11,2.1316282072803006e-11,2.1316282072803006e-11,430.000000000005,734.0000000000088,810.0000000000093,8.547332973219454,2225453,494547,296815,160000,False,19322,19322,0.8666271541119943,0.8666271541119943,0.0,0.21421691705172555,320136485.6886665,68578651.0,19322,0.0014829545454545455,0.0005681818181818182,0.0
offline_indoor_hotspot_n78_pedestrian,ul,20260927,180,20.0,11,90.00373326203126,60.36064709751843,29.64256521142349,90.00375224076507,60.35982181386337,29.643532152009506,0.0,0.0,0.0,18150554.0,0.0,0.0,-1000.0,-1.0,0.0,0.6706460377792131,0.6151502384157387,0,0,8.001683920000001,28.130268,52.8768846,7.0,25.0,27.0,3.552713678800501e-12,10.000000000012221,10.000000000012221,20.000000000003126,85.0000000000044,89.00000000000361,90.00000000000341,8.547332973219454,1236376,1483624,0,160000,False,12376,12376,1.0,0.6084257539777543,0.39157424602224566,0.46387387019230625,206936833.842796,95992590.0,12376,0.11780681818181818,0.0,0.0
offline_rural_n78_vehicular,dl,20260927,180,20.0,11,120.00509028978126,52.09143561292498,67.89685071312888,120.00509902493908,52.09114781548847,67.89720743171449,0.0,0.0,0.0,23912865.0,0.0,,-1000.0,-1.0,0.0,0.43407688363166624,0.38303810576835584,0,0,-17.03231585,-7.6635115,2.4129518799999947,-1.0,0.0,2.0,0.0,2.1316282072803006e-11,10.000000000012221,5100.000000000002,66240.0,94920.00000000003,102090.0,146.0835125199519,63534471,23825529,2508760,160000,False,609238,609238,0.9605134038182201,0.9605134038182201,0.0,0.9912754031656388,84030814.9823841,83297680.0,609238,0.2709488636363636,0.23397727272727273,0.18636363636363637
offline_rural_n78_vehicular,ul,20260927,180,20.0,11,120.00509028978126,26.95232164902421,93.087598143532,120.00509902493908,26.9520038127383,93.08825712857055,0.0,0.0,0.0,30164432.0,0.0,0.0,-1000.0,-1.0,0.0,0.22459315337325544,0.1629687447805298,0,0,-15.3124497,-1.2348482,12.634875774999994,-1.0,0.0,10.0,3.552713678800501e-12,20.000000000003126,120.000000000001,1990.000000000002,4965.000000000002,5073.000000000002,5100.000000000002,146.0835125199519,31767372,55592628,26577,160000,False,317502,317502,0.9991633868863941,0.5774496864266896,0.4220668070853298,0.8665932150608479,49641159.48793742,43018692.0,317502,0.3911590909090909,0.20102272727272727,0.031818181818181815
offline_uma_n78_pedestrian,dl,20260927,180,20.0,21,180.00534647434378,103.79953061321831,76.2150353002812,180.00541433839612,103.79952268266771,76.21511372585788,0.0,0.0,0.0,24392838.0,0.0,,-1000.0,-1.0,0.0,0.5766469310288674,0.3200488475019813,2,0,-15.91857535,-13.16488275,-8.95865195,-1.0,-1.0,0.0,0.0,10.000000000012221,100.00000000001563,70.00000000000739,76166.0,76641.19999999998,76759.99999999999,12.657413288019598,2225453,494547,21371,160000,False,22052,22052,0.990397011305114,0.990397011305114,0.0,0.7354034717071403,226361652.35060546,166467145.0,22052,0.38213157894736843,0.2161513157894737,0.10394736842105264
offline_uma_n78_pedestrian,ul,20260927,180,20.0,21,70.00206312395001,13.373254730485812,56.628623352655076,70.00208877429843,13.3735630351897,56.628563722732686,0.0,0.0,0.0,21041812.0,0.0,0.0,-1000.0,-1.0,0.0,0.19104086556429478,0.1818544415205588,0,2,-17.0194828,-0.822279515,2.6971221399999976,-1.0,1.0,2.0,7.105427357601002e-12,39.99999999998494,89.9999999999963,2450.00000000001,159999.99999999997,159999.99999999997,159999.99999999997,12.657413288019598,1236376,1483624,0,160000,False,12376,12376,1.0,0.17798711718765164,0.8220128828123483,0.9999990403307889,22177079.28266018,22177058.0,12376,0.6197886904761905,0.35026785714285713,0.2833333333333333
offline_umi_n258_fwa,dl,20260927,180,20.0,11,500.0194259399062,500.0182576011875,0.0,500.01972511406956,500.0187245890368,0.0,0.0,0.0,0.0,1652653.0,0.0,,-1000.0,-1.0,0.0,0.9999976634133433,0.9999994508746138,0,0,49.055258800000004,51.629824,53.7893353,27.0,27.0,27.0,0.0,2.1316282072803006e-11,2.1316282072803006e-11,2.1316282072803006e-11,2.1316282072803006e-11,2.1316282072803006e-11,2.1316282072803006e-11,8.366841300856322,2400000,0,11591,160000,False,23887,23887,0.9951704166666666,0.9951704166666666,0.0,0.3954241098120157,2020998300.7356732,799151454.0,23887,0.0,0.0,0.0
offline_umi_n258_fwa,ul,20260927,180,20.0,11,200.00810829859375,157.04939716009375,42.95930062645841,200.00817820488783,157.04865185324084,42.95988733045815,0.0,0.0,0.0,30230909.0,0.0,0.0,-1000.0,-1.0,0.0,0.7852151520059047,0.609483410005502,0,0,41.9274294,53.619755,55.9426584,27.0,27.0,27.0,3.552713678800501e-12,10.000000000005116,10.000000000012221,20.000000000003126,20.000000000003126,20.000000000003126,20.000000000003126,8.366841300856322,2400000,0,0,160000,False,24000,24000,1.0,0.28798083333333335,0.7120191666666666,0.22080099199158074,1160497865.9234037,256239080.0,24000,0.11601136363636363,0.0,0.0
offline_umi_n258_fwa_high_loss,dl,20260927,180,20.0,11,500.0194259399062,235.1615851094144,264.85241193511433,500.01972511406956,235.1613936246016,264.85418352397033,0.0,0.0,0.0,127006523.0,0.0,,-1000.0,-1.0,0.0,0.4703048979894569,0.9240319456675689,0,0,10.9431953,13.4815535,15.661970949999999,10.0,12.0,15.0,0.0,2.1316282072803006e-11,9.99999999999801,2.1316282072803006e-11,40.000000000000924,40.000000000002345,40.0000000000027,9.48427053866908,2400000,0,1203,160000,False,23989,23989,0.99949875,0.99949875,0.0,0.340395008643023,1103883586.5953047,375756463.0,23989,0.01790909090909091,0.0,0.0
offline_umi_n258_fwa_high_loss,ul,20260927,180,20.0,11,200.00810829859375,55.30866256357712,144.69867554884857,200.00817820488783,55.30918243640228,144.69895095318458,0.0,0.0,0.0,60307083.0,0.0,0.0,-1000.0,-1.0,0.0,0.2765321017936251,0.3267498026730955,0,0,2.190683585,14.912405499999998,18.6044135,2.0,14.0,18.0,7.105427357601002e-12,10.000000000012221,20.000000000003126,30.000000000022453,7795.0,10287.000000000002,10910.0,9.48427053866908,2400000,0,0,160000,False,24000,24000,1.0,0.43767375,0.56232625,1.0000001607689786,86019226.17077687,86019240.0,24000,0.290875,0.16420454545454546,0.08352272727272728
offline_umi_n40_npn,dl,20260927,180,20.0,11,50.001998931175,46.55135165574355,3.4540560766976447,50.00202053878368,46.55168354272142,3.4536718357397342,0.0,0.0,0.0,11530672.0,0.0,,-1000.0,-1.0,0.0,0.9309898134236378,0.9319700556043832,0,0,14.1807287,27.4463225,33.0060861,13.0,25.0,27.0,3.552713678800501e-12,10.000000000001563,20.000000000003126,20.000000000003126,64.99999999999062,68.99999999998698,69.99999999998607,6.172944721765816,785454,174546,0,160000,False,7854,7854,1.0,1.0,0.0,0.7165260183071399,100977442.7604746,72352965.0,7854,0.10144318181818182,0.0,0.0
offline_umi_n40_npn,ul,20260927,180,20.0,11,35.0014330397375,24.296005408375002,10.705334150358855,35.001443190199396,24.29581482592662,10.705555384711545,0.0,0.0,0.0,10495754.0,0.0,0.0,-1000.0,-1.0,0.0,0.6941431621040055,0.5478741351649594,0,0,25.24031425,37.710792999999995,47.4334067,23.0,27.0,27.0,2.1316282072803006e-11,10.000000000012221,20.000000000003126,29.99999999999403,30.000000000022453,30.000000000022453,30.000000000022453,6.172944721765816,436368,523632,0,160000,False,4368,4368,1.0,0.8378020386462802,0.1621979613537198,0.7623394822846588,51149091.587309346,38992972.0,4368,0.3189147727272727,0.0,0.0
