direction,ue_id,p05_reduction_db,p50_reduction_db,p95_reduction_db,mean_reduction_db,quantile_reduction_std_db,quantile_reduction_span_db
dl,0,37.72425147999999,37.724254450000004,37.72424735,37.72425109333333,2.9114295855004443e-06,7.100000004811591e-06
dl,1,34.7302699,34.730270000000004,34.73027724999999,34.730272383333336,3.4414951481135128e-06,7.349999989969547e-06
dl,2,48.597063715000004,48.59705655,48.59705783,48.597059365,3.119986648465571e-06,7.165000006637001e-06
dl,3,36.115490890000004,36.115494850000005,36.11549277499999,36.11549283833333,1.6172833879986395e-06,3.960000000802211e-06
dl,4,41.068293864999994,41.0682915,41.0682892,41.068291521666666,1.9045398943505493e-06,4.664999991632612e-06
dl,5,38.5968761,38.596869999999996,38.59688425,38.596876783333336,5.837569892687032e-06,1.4250000006654773e-05
dl,6,36.330738249999996,36.330740999999996,36.33073065000001,36.33073663333334,4.377277180337116e-06,1.0349999989500702e-05
dl,7,27.6601456,27.6601455,27.66014505000001,27.660145383333333,2.392116627845966e-07,5.499999886637852e-07
dl,8,39.32485215,39.324852500000006,39.324846300000004,39.32485031666667,2.843804180429552e-06,6.2000000013995304e-06
dl,9,36.47580225,36.4758075,36.4758065,36.47580541666667,2.276083380341164e-06,5.250000000955879e-06
dl,10,36.472663700000005,36.4726625,36.472658450000004,36.472661550000005,2.246107743986061e-06,5.250000000955879e-06
ul,0,37.206163965,32.66809495,14.715718650000003,28.19665918833333,9.710830240674069,22.490445315
ul,1,34.746132599999996,34.7553715,34.7455812,34.74902843333333,0.004490870854179136,0.009790300000005914
ul,2,58.796848849999996,50.23363373,48.879044055,52.63650887833333,4.390980886756373,9.917804794999995
ul,3,46.74252445,53.4267155,36.524139465000005,45.564459805000006,6.950546567745027,16.902576034999996
ul,4,43.43064747,41.639157499999996,41.28814145,42.11931547333333,0.9382596552308038,2.142506019999999
ul,5,39.96353922,38.964549,38.77010545,39.23273122333333,0.5228207592971743,1.1934337699999986
ul,6,36.79071435,36.4520975,36.37287305,36.53856163333334,0.1812086693313095,0.4178412999999992
ul,7,27.640686849999994,27.666109000000006,27.649662999999997,27.652152949999998,0.010526832885778221,0.025422150000011356
ul,8,40.324011815000006,39.635287,39.47471115,39.811336655,0.36839563484708393,0.8493006650000083
ul,9,36.60899654999999,36.500906,36.49349139999999,36.53446465,0.05278886979592973,0.11550515000000416
ul,10,37.744845465,36.813051,36.623540399999996,37.060478955,0.49006578258112427,1.1213050650000014
